{"type":"FeatureCollection","features":[{"type":"Feature","properties":{"variant":"A","kind":"axis"},"geometry":{"type":"LineString","coordinates":[[19.94266,50.004156],[19.942571,50.004032],[19.942536,50.003984],[19.942502,50.003936],[19.942467,50.003888],[19.942433,50.00384],[19.942398,50.003792],[19.942363,50.003744],[19.942328,50.003696],[19.942293,50.003648],[19.942258,50.0036],[19.942223,50.003553],[19.942187,50.003505],[19.942152,50.003457],[19.942116,50.00341],[19.94208,50.003362],[19.942043,50.003315],[19.942006,50.003267],[19.941969,50.00322],[19.941932,50.003173],[19.941894,50.003126],[19.941856,50.003079],[19.941818,50.003032],[19.941779,50.002986],[19.94174,50.002939],[19.9417,50.002893],[19.94166,50.002846],[19.94162,50.0028],[19.941579,50.002755],[19.941537,50.002709],[19.941495,50.002663],[19.941453,50.002618],[19.94141,50.002573],[19.94141,50.002573],[19.941052,50.002225],[19.940661,50.001892],[19.940239,50.001575],[19.939787,50.001276],[19.939307,50.000995],[19.939245,50.000961],[19.939182,50.000927],[19.939118,50.000894],[19.939054,50.00086],[19.93899,50.000827],[19.938926,50.000795],[19.938861,50.000762],[19.938796,50.00073],[19.93873,50.000698],[19.938664,50.000666],[19.938598,50.000635],[19.938532,50.000603],[19.938466,50.000572],[19.938399,50.000541],[19.938332,50.000511],[19.938265,50.00048],[19.938198,50.00045],[19.93813,50.00042],[19.938063,50.00039],[19.937995,50.00036],[19.937927,50.00033],[19.937859,50.0003],[19.937791,50.00027],[19.937723,50.000241],[19.937655,50.000211],[19.937586,50.000182],[19.937518,50.000153],[19.93745,50.000123],[19.937381,50.000094],[19.937313,50.000065],[19.937244,50.000036],[19.934931,49.999049],[19.934931,49.999049],[19.931442,49.997454],[19.931263,49.997367],[19.931119,49.997296],[19.930974,49.997225],[19.93083,49.997154],[19.930686,49.997083],[19.930542,49.997012],[19.930398,49.99694],[19.930255,49.996869],[19.930112,49.996796],[19.92997,49.996724],[19.929828,49.996651],[19.929687,49.996577],[19.929547,49.996503],[19.929407,49.996428],[19.929268,49.996353],[19.929131,49.996277],[19.928994,49.9962],[19.928858,49.996123],[19.928723,49.996044],[19.92859,49.995965],[19.928458,49.995885],[19.928327,49.995803],[19.928198,49.995721],[19.92807,49.995638],[19.927945,49.995554],[19.92782,49.995469],[19.927698,49.995382],[19.927578,49.995295],[19.927459,49.995206],[19.927343,49.995116],[19.92723,49.995025],[19.927118,49.994933],[19.927118,49.994933],[19.926709,49.994562],[19.926339,49.994174],[19.926011,49.993772],[19.925725,49.993356],[19.925484,49.992928],[19.925288,49.992491],[19.925138,49.992046],[19.925035,49.991596],[19.924979,49.991143],[19.924971,49.990688],[19.925011,49.990234],[19.925028,49.990117],[19.925049,49.990001],[19.925073,49.989885],[19.9251,49.989769],[19.925129,49.989654],[19.925161,49.989539],[19.925195,49.989424],[19.925232,49.989309],[19.925271,49.989195],[19.925312,49.989081],[19.925356,49.988968],[19.925401,49.988854],[19.925448,49.988741],[19.925497,49.988629],[19.925547,49.988516],[19.9256,49.988404],[19.925653,49.988293],[19.925708,49.988181],[19.925764,49.98807],[19.925822,49.987959],[19.92588,49.987848],[19.925939,49.987738],[19.926,49.987627],[19.926061,49.987517],[19.926122,49.987407],[19.926184,49.987297],[19.926247,49.987187],[19.92631,49.987078],[19.926374,49.986968],[19.926437,49.986859],[19.926501,49.986749],[19.93146,49.978216],[19.931496,49.978155],[19.931531,49.978094],[19.931567,49.978032],[19.931602,49.977971],[19.931638,49.97791],[19.931674,49.977849],[19.93171,49.977788],[19.931746,49.977727],[19.931782,49.977666],[19.931818,49.977605],[19.931854,49.977544],[19.93189,49.977483],[19.931927,49.977423],[19.931964,49.977362],[19.932001,49.977301],[19.932038,49.97724],[19.932075,49.97718],[19.932113,49.977119],[19.932151,49.977059],[19.932189,49.976998],[19.932227,49.976938],[19.932266,49.976878],[19.932305,49.976817],[19.932344,49.976757],[19.932384,49.976697],[19.932424,49.976637],[19.932464,49.976577],[19.932505,49.976518],[19.932546,49.976458],[19.932587,49.976398],[19.932629,49.976339],[19.932629,49.976339],[19.933165,49.975635],[19.933759,49.974951],[19.933811,49.974895],[19.933863,49.974839],[19.933916,49.974784],[19.933969,49.974728],[19.934023,49.974673],[19.934076,49.974617],[19.934131,49.974562],[19.934185,49.974507],[19.93424,49.974452],[19.934295,49.974398],[19.93435,49.974343],[19.934405,49.974288],[19.934461,49.974234],[19.934517,49.974179],[19.934573,49.974125],[19.934629,49.974071],[19.934686,49.974017],[19.934743,49.973963],[19.9348,49.973909],[19.934857,49.973855],[19.934914,49.973801],[19.934971,49.973747],[19.935028,49.973693],[19.935086,49.97364],[19.935143,49.973586],[19.935201,49.973532],[19.935259,49.973479],[19.935316,49.973425],[19.935374,49.973372],[19.935432,49.973318],[19.93549,49.973265],[19.948567,49.961145],[19.948567,49.961145],[19.950572,49.959172],[19.952405,49.957131],[19.95406,49.955028]]}},{"type":"Feature","properties":{"variant":"A","kind":"axis"},"geometry":{"type":"LineString","coordinates":[[19.95835,49.947361],[19.959158,49.945065]]}},{"type":"Feature","properties":{"variant":"A","kind":"axis"},"geometry":{"type":"LineString","coordinates":[[19.960163,49.940534],[19.960345,49.938828],[19.96042,49.937117]]}},{"type":"Feature","properties":{"variant":"A","kind":"axis"},"geometry":{"type":"LineString","coordinates":[[19.960164,49.932987],[19.95967,49.930338],[19.958921,49.927713],[19.95792,49.925124],[19.956671,49.922581],[19.955178,49.920092],[19.953447,49.917669],[19.951485,49.91532],[19.949301,49.913055],[19.949301,49.913055],[19.946039,49.909897],[19.945876,49.909739],[19.945713,49.909581],[19.94555,49.909423],[19.945387,49.909265],[19.945225,49.909107],[19.945063,49.908949],[19.944901,49.90879],[19.94474,49.908631],[19.94458,49.908472],[19.94442,49.908313],[19.944261,49.908153],[19.944103,49.907993],[19.943946,49.907832],[19.94379,49.907672],[19.943635,49.90751],[19.943481,49.907349],[19.943329,49.907186],[19.943177,49.907024],[19.943027,49.90686],[19.942879,49.906696],[19.942732,49.906532],[19.942587,49.906367],[19.942444,49.906201],[19.942302,49.906035],[19.942162,49.905868],[19.942025,49.9057],[19.941889,49.905532],[19.941756,49.905363],[19.941624,49.905193],[19.941496,49.905022],[19.941369,49.904851],[19.941369,49.904851],[19.940584,49.903674],[19.939919,49.902467],[19.939375,49.901235],[19.938957,49.899982],[19.938665,49.898715],[19.938632,49.898527],[19.938602,49.898338],[19.938584,49.89821]]}},{"type":"Feature","properties":{"variant":"A","kind":"axis"},"geometry":{"type":"LineString","coordinates":[[19.938689,49.889508],[19.939128,49.880984],[19.939128,49.880984],[19.93938,49.87842],[19.93987,49.875871],[19.940597,49.873345],[19.941556,49.870852],[19.943147,49.867193],[19.943256,49.866942],[19.943365,49.86669],[19.943474,49.866439],[19.943582,49.866187],[19.943689,49.865936],[19.943794,49.865684],[19.943899,49.865432],[19.944002,49.865179],[19.944103,49.864926],[19.944202,49.864673],[19.944298,49.86442],[19.944392,49.864166],[19.944484,49.863912],[19.944572,49.863657],[19.944657,49.863402],[19.944739,49.863146],[19.944817,49.86289],[19.944891,49.862634],[19.94496,49.862377],[19.945026,49.862119],[19.945086,49.861861],[19.945142,49.861602],[19.945193,49.861343],[19.945238,49.861084],[19.945278,49.860824],[19.945311,49.860564],[19.945339,49.860304],[19.94536,49.860043],[19.945375,49.859782],[19.945382,49.859521],[19.945383,49.85926],[19.945383,49.85926],[19.945326,49.858332],[19.945177,49.857408],[19.944935,49.856492],[19.944602,49.855588],[19.94418,49.854699],[19.94367,49.85383],[19.943075,49.852985],[19.942396,49.852166],[19.941637,49.851377],[19.940801,49.850621],[19.939891,49.849902],[19.939622,49.849707],[19.939349,49.849515],[19.93907,49.849326],[19.938787,49.84914],[19.938499,49.848957],[19.938207,49.848777],[19.937911,49.848599],[19.937611,49.848425],[19.937308,49.848252],[19.937001,49.848083],[19.936691,49.847916],[19.936377,49.847751],[19.936061,49.847589],[19.935743,49.847428],[19.935422,49.84727],[19.935099,49.847114],[19.934773,49.846959],[19.934446,49.846807],[19.934117,49.846656],[19.933786,49.846506],[19.933454,49.846358],[19.93312,49.846211],[19.932785,49.846065],[19.932449,49.84592],[19.932113,49.845776],[19.931775,49.845633],[19.931437,49.84549],[19.931098,49.845348],[19.930759,49.845207],[19.93042,49.845065],[19.930081,49.844924],[19.93004,49.844907],[19.929641,49.844741],[19.929241,49.844575],[19.928842,49.844408],[19.928444,49.844241],[19.928046,49.844073],[19.927648,49.843904],[19.927252,49.843735],[19.926857,49.843564],[19.926463,49.843393],[19.926071,49.843219],[19.92568,49.843045],[19.925291,49.842868],[19.924903,49.84269],[19.924518,49.84251],[19.924136,49.842328],[19.923756,49.842144],[19.923378,49.841957],[19.923004,49.841768],[19.922632,49.841576],[19.922264,49.841382],[19.9219,49.841185],[19.92154,49.840984],[19.921183,49.840781],[19.920831,49.840575],[19.920484,49.840365],[19.920141,49.840152],[19.919804,49.839936],[19.919472,49.839716],[19.919146,49.839493],[19.918826,49.839266],[19.918512,49.839035],[19.918512,49.839035],[19.917429,49.838167],[19.916438,49.837254],[19.915544,49.836301],[19.914752,49.83531],[19.914063,49.834288],[19.913482,49.833238],[19.913011,49.832165],[19.912652,49.831074],[19.912408,49.829971]]}},{"type":"Feature","properties":{"variant":"A","kind":"axis"},"geometry":{"type":"LineString","coordinates":[[19.92117,49.811607],[19.92278,49.809381]]}},{"type":"Feature","properties":{"variant":"A","kind":"axisTunnel"},"geometry":{"type":"LineString","coordinates":[[19.95406,49.955028],[19.955742,49.952533],[19.957174,49.949974],[19.95835,49.947361]]}},{"type":"Feature","properties":{"variant":"A","kind":"axisTunnel"},"geometry":{"type":"LineString","coordinates":[[19.959158,49.945065],[19.959755,49.942809],[19.960163,49.940534]]}},{"type":"Feature","properties":{"variant":"A","kind":"axisTunnel"},"geometry":{"type":"LineString","coordinates":[[19.96042,49.937117],[19.960369,49.93505],[19.960164,49.932987]]}},{"type":"Feature","properties":{"variant":"A","kind":"axisTunnel"},"geometry":{"type":"LineString","coordinates":[[19.938584,49.89821],[19.938575,49.898149],[19.938551,49.89796],[19.938529,49.89777],[19.938509,49.897581],[19.938491,49.897391],[19.938476,49.897202],[19.938463,49.897012],[19.938451,49.896822],[19.938442,49.896633],[19.938435,49.896443],[19.938429,49.896253],[19.938425,49.896063],[19.938422,49.895874],[19.938421,49.895684],[19.938421,49.895494],[19.938423,49.895304],[19.938425,49.895114],[19.938429,49.894924],[19.938434,49.894735],[19.93844,49.894545],[19.938446,49.894355],[19.938453,49.894165],[19.938461,49.893975],[19.93847,49.893786],[19.938479,49.893596],[19.938488,49.893406],[19.938497,49.893216],[19.938507,49.893027],[19.938517,49.892837],[19.938689,49.889508]]}},{"type":"Feature","properties":{"variant":"A","kind":"axisTunnel"},"geometry":{"type":"LineString","coordinates":[[19.912408,49.829971],[19.91228,49.82889],[19.912261,49.827807],[19.912351,49.826725],[19.91255,49.825649],[19.91255,49.825649],[19.912626,49.825345],[19.912711,49.825043],[19.912803,49.824742],[19.912903,49.824441],[19.913011,49.824142],[19.913126,49.823844],[19.913248,49.823547],[19.913376,49.823251],[19.91351,49.822956],[19.913651,49.822663],[19.913797,49.82237],[19.913948,49.822079],[19.914105,49.821789],[19.914266,49.8215],[19.914432,49.821212],[19.914602,49.820925],[19.914777,49.820639],[19.914954,49.820354],[19.915136,49.82007],[19.91532,49.819787],[19.915507,49.819505],[19.915697,49.819223],[19.915889,49.818942],[19.916083,49.818662],[19.916279,49.818382],[19.916476,49.818102],[19.916675,49.817823],[19.916875,49.817545],[19.917076,49.817266],[19.917277,49.816988],[19.917478,49.816709],[19.92117,49.811607]]}},{"type":"Feature","properties":{"variant":"A","kind":"bdi"},"geometry":{"type":"LineString","coordinates":[[19.86743,49.907446],[19.887743,49.909032]]}},{"type":"Feature","properties":{"variant":"A","kind":"bdi"},"geometry":{"type":"LineString","coordinates":[[19.91237,49.910009],[19.908798,49.910154],[19.905218,49.910174]]}},{"type":"Feature","properties":{"variant":"A","kind":"bdi"},"geometry":{"type":"LineString","coordinates":[[19.91237,49.910009],[19.939564,49.908426]]}},{"type":"Feature","properties":{"variant":"A","kind":"bdi"},"geometry":{"type":"LineString","coordinates":[[19.894373,49.909549],[19.897836,49.909819]]}},{"type":"Feature","properties":{"variant":"A","kind":"bdi"},"geometry":{"type":"LineString","coordinates":[[19.897836,49.909819],[19.898534,49.909874]]}},{"type":"Feature","properties":{"variant":"A","kind":"bdiTunnel"},"geometry":{"type":"LineString","coordinates":[[19.887743,49.909032],[19.894373,49.909549]]}},{"type":"Feature","properties":{"variant":"A","kind":"bdiTunnel"},"geometry":{"type":"LineString","coordinates":[[19.905218,49.910174],[19.90187,49.910078],[19.898534,49.909874]]}},{"type":"Feature","properties":{"variant":"A","kind":"tunnel","name":"SOLID"},"geometry":{"type":"Polygon","coordinates":[[[19.887709,49.909211],[19.887776,49.908854],[19.894406,49.909371],[19.894339,49.909728],[19.887709,49.909211]]]}},{"type":"Feature","properties":{"variant":"A","kind":"tunnel","name":"SOLID"},"geometry":{"type":"Polygon","coordinates":[[[19.897806,49.909998],[19.897867,49.909641],[19.900347,49.909818],[19.90117,49.909864],[19.902229,49.909914],[19.90523,49.909994],[19.905207,49.910353],[19.902198,49.910273],[19.901126,49.910223],[19.900292,49.910176],[19.897806,49.909998]]]}},{"type":"Feature","properties":{"variant":"A","kind":"tunnel","name":"SOLID"},"geometry":{"type":"Polygon","coordinates":[[[19.954313,49.955103],[19.953806,49.954953],[19.954484,49.953999],[19.954944,49.953314],[19.955431,49.95255],[19.955721,49.952073],[19.956003,49.951595],[19.95634,49.950997],[19.956677,49.95037],[19.95703,49.949675],[19.957371,49.948964],[19.957578,49.948509],[19.957899,49.947763],[19.958031,49.94744],[19.95808,49.947316],[19.95862,49.947406],[19.95857,49.947531],[19.958437,49.947857],[19.958114,49.948608],[19.957904,49.949068],[19.957561,49.949784],[19.957205,49.950485],[19.956865,49.951117],[19.956525,49.95172],[19.956241,49.952203],[19.955948,49.952684],[19.955458,49.953454],[19.954993,49.954146],[19.954313,49.955103]]]}},{"type":"Feature","properties":{"variant":"A","kind":"tunnel","name":"SOLID"},"geometry":{"type":"Polygon","coordinates":[[[19.959433,49.945098],[19.958884,49.945033],[19.959232,49.943807],[19.959344,49.943365],[19.959472,49.942817],[19.959592,49.942249],[19.959669,49.941856],[19.959744,49.941434],[19.959793,49.941138],[19.959886,49.940517],[19.960441,49.940552],[19.960348,49.941174],[19.960298,49.941474],[19.960222,49.941899],[19.960145,49.942296],[19.960023,49.942868],[19.959894,49.943421],[19.959781,49.943869],[19.959433,49.945098]]]}},{"type":"Feature","properties":{"variant":"A","kind":"tunnel","name":"SOLID"},"geometry":{"type":"Polygon","coordinates":[[[19.960699,49.937117],[19.960141,49.937118],[19.960135,49.936064],[19.960118,49.935578],[19.960067,49.934708],[19.960016,49.93411],[19.95996,49.933581],[19.959886,49.933002],[19.960442,49.932972],[19.960515,49.933554],[19.960572,49.934088],[19.960624,49.934691],[19.960675,49.935567],[19.960692,49.93606],[19.960699,49.937117]]]}},{"type":"Feature","properties":{"variant":"A","kind":"tunnel","name":"SOLID"},"geometry":{"type":"Polygon","coordinates":[[[19.938862,49.898198],[19.938306,49.898222],[19.93819,49.897104],[19.938168,49.896723],[19.938152,49.896305],[19.938144,49.895895],[19.938144,49.895332],[19.938153,49.894845],[19.938169,49.894321],[19.938195,49.893674],[19.938234,49.892917],[19.93826,49.892424],[19.938312,49.891403],[19.938328,49.891093],[19.93841,49.889502],[19.938967,49.889513],[19.938885,49.891105],[19.938869,49.891415],[19.938816,49.892436],[19.938791,49.892929],[19.938752,49.893684],[19.938726,49.89433],[19.938709,49.894851],[19.938701,49.895334],[19.938701,49.895892],[19.938709,49.896298],[19.938725,49.896711],[19.938747,49.897086],[19.938862,49.898198]]]}},{"type":"Feature","properties":{"variant":"A","kind":"tunnel","name":"SOLID"},"geometry":{"type":"Polygon","coordinates":[[[19.912684,49.829954],[19.912131,49.829987],[19.912043,49.829359],[19.911998,49.828843],[19.911978,49.828282],[19.911988,49.827676],[19.912016,49.827246],[19.912075,49.826701],[19.912171,49.826113],[19.912246,49.825751],[19.912451,49.824967],[19.912616,49.824451],[19.912784,49.823988],[19.912957,49.823555],[19.913125,49.823165],[19.913337,49.822711],[19.913567,49.822248],[19.91384,49.821735],[19.914045,49.821369],[19.914652,49.820358],[19.915383,49.819239],[19.915971,49.818386],[19.916666,49.817408],[19.917856,49.815763],[19.918634,49.814688],[19.92,49.812801],[19.920919,49.811531],[19.921422,49.811683],[19.920503,49.812953],[19.919137,49.814841],[19.918359,49.815916],[19.91717,49.817559],[19.916477,49.818534],[19.915893,49.819382],[19.915168,49.820493],[19.914565,49.821496],[19.914364,49.821855],[19.914095,49.822362],[19.913867,49.822818],[19.913659,49.823265],[19.913493,49.823649],[19.913324,49.824074],[19.913159,49.824529],[19.912997,49.825034],[19.912795,49.825805],[19.912723,49.826156],[19.912629,49.826732],[19.912571,49.827266],[19.912544,49.827685],[19.912534,49.828279],[19.912554,49.828829],[19.912598,49.829333],[19.912684,49.829954]]]}},{"type":"Feature","properties":{"variant":"A","kind":"bridge","name":"SOLID"},"geometry":{"type":"Polygon","coordinates":[[[19.871694,49.907959],[19.871761,49.907602],[19.873809,49.907763],[19.873742,49.90812],[19.871694,49.907959]]]}},{"type":"Feature","properties":{"variant":"A","kind":"bridge","name":"SOLID"},"geometry":{"type":"Polygon","coordinates":[[[19.879569,49.908576],[19.879636,49.908219],[19.885155,49.908649],[19.885088,49.909006],[19.879569,49.908576]]]}},{"type":"Feature","properties":{"variant":"A","kind":"bridge","name":"SOLID"},"geometry":{"type":"Polygon","coordinates":[[[19.877498,49.90868],[19.87773,49.908695],[19.877851,49.907943],[19.877619,49.907927],[19.877498,49.90868]]]}},{"type":"Feature","properties":{"variant":"A","kind":"bridge","name":"SOLID"},"geometry":{"type":"Polygon","coordinates":[[[19.912105,49.910236],[19.912338,49.910222],[19.912297,49.909795],[19.912065,49.909809],[19.912105,49.910236]]]}},{"type":"Feature","properties":{"variant":"A","kind":"bridge","name":"SOLID"},"geometry":{"type":"Polygon","coordinates":[[[19.929556,49.90919],[19.929506,49.908832],[19.929848,49.908812],[19.929898,49.90917],[19.929556,49.90919]]]}},{"type":"Feature","properties":{"variant":"A","kind":"bridge","name":"SOLID"},"geometry":{"type":"Polygon","coordinates":[[[19.946314,49.962413],[19.947315,49.962933],[19.947453,49.962812],[19.946452,49.962291],[19.946314,49.962413]]]}},{"type":"Feature","properties":{"variant":"A","kind":"bridge","name":"SOLID"},"geometry":{"type":"Polygon","coordinates":[[[19.957214,49.923047],[19.956687,49.923164],[19.956519,49.922845],[19.956351,49.922537],[19.956233,49.922324],[19.956758,49.922203],[19.956876,49.922417],[19.957045,49.922728],[19.957214,49.923047]]]}},{"type":"Feature","properties":{"variant":"A","kind":"bridge","name":"SOLID"},"geometry":{"type":"Polygon","coordinates":[[[19.951716,49.915219],[19.951236,49.915402],[19.950734,49.914853],[19.951214,49.91467],[19.951716,49.915219]]]}},{"type":"Feature","properties":{"variant":"A","kind":"bridge","name":"SOLID"},"geometry":{"type":"Polygon","coordinates":[[[19.948565,49.912019],[19.948102,49.912219],[19.945251,49.909459],[19.945715,49.909259],[19.948565,49.912019]]]}},{"type":"Feature","properties":{"variant":"A","kind":"bridge","name":"SOLID"},"geometry":{"type":"Polygon","coordinates":[[[19.941293,49.904296],[19.940785,49.904443],[19.940617,49.904202],[19.940369,49.903811],[19.940125,49.903408],[19.939906,49.903009],[19.939653,49.902522],[19.939451,49.902097],[19.939223,49.901573],[19.939095,49.901251],[19.939007,49.901018],[19.938959,49.900882],[19.938938,49.900824],[19.93948,49.900742],[19.939501,49.900801],[19.939549,49.900936],[19.939635,49.901164],[19.939761,49.901479],[19.939985,49.901996],[19.940183,49.902412],[19.940432,49.902892],[19.940647,49.903282],[19.940886,49.903677],[19.941128,49.90406],[19.941293,49.904296]]]}},{"type":"Feature","properties":{"variant":"A","kind":"bridge","name":"SOLID"},"geometry":{"type":"Polygon","coordinates":[[[19.939334,49.882396],[19.938778,49.882384],[19.938814,49.881686],[19.938861,49.880789],[19.938898,49.880243],[19.938943,49.879734],[19.938975,49.879414],[19.939531,49.879438],[19.939498,49.879756],[19.939454,49.880261],[19.939417,49.880803],[19.93937,49.881698],[19.939334,49.882396]]]}},{"type":"Feature","properties":{"variant":"A","kind":"bridge","name":"SOLID"},"geometry":{"type":"Polygon","coordinates":[[[19.928328,49.843977],[19.928022,49.844278],[19.927298,49.84397],[19.927603,49.843669],[19.928328,49.843977]]]}},{"type":"Feature","properties":{"variant":"A","kind":"bridge","name":"SOLID"},"geometry":{"type":"Polygon","coordinates":[[[19.914715,49.834828],[19.914204,49.83497],[19.913996,49.834658],[19.913758,49.834278],[19.913532,49.833889],[19.913328,49.833512],[19.913056,49.832956],[19.9128,49.832359],[19.912666,49.832007],[19.912564,49.831703],[19.912467,49.831411],[19.912402,49.83119],[19.912949,49.831123],[19.913012,49.831339],[19.913107,49.831628],[19.913208,49.831926],[19.913338,49.832268],[19.913589,49.832853],[19.913856,49.833398],[19.914054,49.833766],[19.914276,49.834147],[19.914509,49.834519],[19.914715,49.834828]]]}},{"type":"Feature","properties":{"variant":"A","kind":"bridge","name":"SOLID"},"geometry":{"type":"Polygon","coordinates":[[[19.928824,49.995662],[19.928281,49.995907],[19.928421,49.996028],[19.928964,49.995782],[19.928824,49.995662]]]}},{"type":"Feature","properties":{"variant":"A","kind":"bridge","name":"SOLID"},"geometry":{"type":"Polygon","coordinates":[[[19.931373,49.977778],[19.931275,49.977915],[19.931869,49.978105],[19.931966,49.977968],[19.931373,49.977778]]]}},{"type":"Feature","properties":{"variant":"A","kind":"bridge","name":"SOLID"},"geometry":{"type":"Polygon","coordinates":[[[19.935206,49.973142],[19.93509,49.973273],[19.935656,49.973496],[19.935772,49.973365],[19.935206,49.973142]]]}},{"type":"Feature","properties":{"variant":"A","kind":"bridge","name":"SOLID"},"geometry":{"type":"Polygon","coordinates":[[[19.940622,49.968136],[19.941155,49.968389],[19.941288,49.968265],[19.940754,49.968012],[19.940622,49.968136]]]}},{"type":"Feature","properties":{"variant":"A","kind":"bridge","name":"SOLID"},"geometry":{"type":"Polygon","coordinates":[[[19.942483,49.967099],[19.942025,49.966894],[19.943307,49.965706],[19.943764,49.965912],[19.942483,49.967099]]]}},{"type":"Feature","properties":{"variant":"A","kind":"bridge","name":"SOLID"},"geometry":{"type":"Polygon","coordinates":[[[19.955662,49.921433],[19.956285,49.921287],[19.956199,49.921147],[19.955576,49.921293],[19.955662,49.921433]]]}},{"type":"Feature","properties":{"variant":"A","kind":"bridge","name":"SOLID"},"geometry":{"type":"Polygon","coordinates":[[[19.952842,49.917547],[19.95359,49.917274],[19.95347,49.917145],[19.952722,49.917418],[19.952842,49.917547]]]}},{"type":"Feature","properties":{"variant":"A","kind":"bridge","name":"SOLID"},"geometry":{"type":"Polygon","coordinates":[[[19.950042,49.913401],[19.949463,49.913609],[19.949583,49.913738],[19.950161,49.91353],[19.950042,49.913401]]]}},{"type":"Feature","properties":{"variant":"A","kind":"bridge","name":"SOLID"},"geometry":{"type":"Polygon","coordinates":[[[19.942842,49.906246],[19.94225,49.906492],[19.942378,49.906618],[19.942969,49.906372],[19.942842,49.906246]]]}},{"type":"Feature","properties":{"variant":"A","kind":"bridge","name":"SOLID"},"geometry":{"type":"Polygon","coordinates":[[[19.939086,49.886647],[19.938565,49.886642],[19.93857,49.886793],[19.939092,49.886798],[19.939086,49.886647]]]}},{"type":"Feature","properties":{"variant":"A","kind":"bridge","name":"SOLID"},"geometry":{"type":"Polygon","coordinates":[[[19.944994,49.864061],[19.943832,49.863901],[19.943785,49.864046],[19.944956,49.864203],[19.944994,49.864061]]]}},{"type":"Feature","properties":{"variant":"A","kind":"bridge","name":"SOLID"},"geometry":{"type":"Polygon","coordinates":[[[19.942795,49.852163],[19.942241,49.852499],[19.942389,49.85262],[19.942941,49.852278],[19.942795,49.852163]]]}},{"type":"Feature","properties":{"variant":"A","kind":"bridge","name":"SOLID"},"geometry":{"type":"Polygon","coordinates":[[[19.907847,49.910351],[19.90783,49.909992],[19.909053,49.909968],[19.910023,49.909938],[19.910753,49.90991],[19.911016,49.909899],[19.911053,49.910258],[19.910789,49.910269],[19.910052,49.910298],[19.909074,49.910327],[19.907847,49.910351]]]}},{"type":"Feature","properties":{"variant":"A","kind":"bridge","name":"SOLID"},"geometry":{"type":"Polygon","coordinates":[[[19.932385,49.909054],[19.932126,49.908735],[19.93243,49.908632],[19.932688,49.908951],[19.932385,49.909054]]]}},{"type":"Feature","properties":{"variant":"A","kind":"bridge","name":"SOLID"},"geometry":{"type":"Polygon","coordinates":[[[19.935722,49.847021],[19.934784,49.847351],[19.934889,49.847485],[19.935826,49.847155],[19.935722,49.847021]]]}},{"type":"Feature","properties":{"variant":"A","kind":"bridge","name":"SOLID"},"geometry":{"type":"Polygon","coordinates":[[[19.951254,49.957965],[19.951857,49.958219],[19.951978,49.95809],[19.951376,49.957836],[19.951254,49.957965]]]}},{"type":"Feature","properties":{"variant":"A","kind":"bridge","name":"SOLID"},"geometry":{"type":"Polygon","coordinates":[[[19.9434,49.906865],[19.942774,49.907125],[19.942901,49.907251],[19.943527,49.906991],[19.9434,49.906865]]]}},{"type":"Feature","properties":{"variant":"A","kind":"bridge","name":"SOLID"},"geometry":{"type":"Polygon","coordinates":[[[19.945404,49.908534],[19.944272,49.908506],[19.94427,49.908656],[19.945402,49.908684],[19.945404,49.908534]]]}},{"type":"Feature","properties":{"variant":"A","kind":"bridge","name":"SOLID"},"geometry":{"type":"Polygon","coordinates":[[[19.940788,49.874234],[19.939938,49.87409],[19.939888,49.874237],[19.940738,49.874381],[19.940788,49.874234]]]}},{"type":"Feature","properties":{"variant":"A","kind":"bridge","name":"SOLID"},"geometry":{"type":"Polygon","coordinates":[[[19.93772,50.000552],[19.937499,50.0004],[19.938092,50.000142],[19.938282,50.000296],[19.93772,50.000552]]]}},{"type":"Feature","properties":{"variant":"A","kind":"bridge","name":"SOLID"},"geometry":{"type":"Polygon","coordinates":[[[19.93806,50.000885],[19.937897,50.00071],[19.938456,50.00032],[19.938684,50.00045],[19.93806,50.000885]]]}},{"type":"Feature","properties":{"variant":"A","kind":"bridge","name":"SOLID"},"geometry":{"type":"Polygon","coordinates":[[[19.941236,50.000712],[19.940893,50.000372],[19.941076,50.000276],[19.941484,50.000659],[19.941236,50.000712]]]}},{"type":"Feature","properties":{"variant":"A","kind":"bridge","name":"SOLID"},"geometry":{"type":"Polygon","coordinates":[[[19.941694,50.000791],[19.941493,50.000466],[19.941758,50.000424],[19.94193,50.000781],[19.941694,50.000791]]]}},{"type":"Feature","properties":{"variant":"A","kind":"bridge","name":"SOLID"},"geometry":{"type":"Polygon","coordinates":[[[19.940607,50.002352],[19.940488,50.001965],[19.941592,50.001874],[19.941629,50.002159],[19.940607,50.002352]],[[19.941226,50.002681],[19.940985,50.002469],[19.941731,50.00226],[19.941901,50.002459],[19.941226,50.002681]]]}},{"type":"Feature","properties":{"variant":"A","kind":"bridge","name":"SOLID"},"geometry":{"type":"Polygon","coordinates":[[[19.938652,50.001889],[19.938279,50.001226],[19.938594,50.001195],[19.939029,50.001843],[19.938652,50.001889]]]}},{"type":"Feature","properties":{"variant":"A","kind":"bridge","name":"SOLID"},"geometry":{"type":"Polygon","coordinates":[[[19.937702,50.001775],[19.937601,50.001158],[19.938092,50.001163],[19.938213,50.001787],[19.937702,50.001775]]]}},{"type":"Feature","properties":{"variant":"A","kind":"bridge","name":"SOLID"},"geometry":{"type":"Polygon","coordinates":[[[19.941454,50.001594],[19.94146,50.001149],[19.941708,50.001136],[19.941682,50.001606],[19.941454,50.001594]]]}},{"type":"Feature","properties":{"variant":"A","kind":"bridge","name":"SOLID"},"geometry":{"type":"Polygon","coordinates":[[[19.941858,50.001602],[19.941868,50.00113],[19.942112,50.00111],[19.942054,50.001598],[19.941858,50.001602]]]}},{"type":"Feature","properties":{"variant":"A","kind":"bridge","name":"SOLID"},"geometry":{"type":"Polygon","coordinates":[[[19.939776,50.001801],[19.939051,50.001332],[19.93996,50.000912],[19.940666,50.001443],[19.939776,50.001801]]]}},{"type":"Feature","properties":{"variant":"A","kind":"bridge","name":"SOLID"},"geometry":{"type":"Polygon","coordinates":[[[19.943444,50.001456],[19.943672,50.001497],[19.944516,50.000716],[19.944315,50.000652],[19.943444,50.001456]]]}},{"type":"Feature","properties":{"variant":"A","kind":"interchange"},"geometry":{"type":"MultiPolygon","coordinates":[[[[19.942063,50.001393],[19.942061,50.001331],[19.942052,50.001268],[19.942036,50.001206],[19.942014,50.001145],[19.941985,50.001085],[19.94195,50.001027],[19.941909,50.00097],[19.941861,50.000915],[19.941808,50.000862],[19.941749,50.000812],[19.941685,50.000765],[19.941616,50.000721],[19.941542,50.00068],[19.941464,50.000642],[19.941382,50.000608],[19.941297,50.000578],[19.941209,50.000552],[19.941118,50.00053],[19.941025,50.000511],[19.94093,50.000497],[19.940833,50.000488],[19.940736,50.000483],[19.940639,50.000482],[19.940542,50.000485],[19.940445,50.000493],[19.94035,50.000505],[19.940256,50.000522],[19.940164,50.000542],[19.940074,50.000567],[19.939988,50.000596],[19.939904,50.000628],[19.939825,50.000664],[19.939749,50.000704],[19.939678,50.000747],[19.939612,50.000793],[19.939551,50.000842],[19.939496,50.000893],[19.939446,50.000947],[19.939402,50.001003],[19.939364,50.001061],[19.939333,50.001121],[19.939308,50.001181],[19.93929,50.001243],[19.939278,50.001305],[19.939273,50.001368],[19.939275,50.001431],[19.939284,50.001493],[19.9393,50.001555],[19.939322,50.001616],[19.939351,50.001676],[19.939386,50.001735],[19.939427,50.001791],[19.939475,50.001846],[19.939528,50.001899],[19.939587,50.001949],[19.939651,50.001996],[19.93972,50.00204],[19.939794,50.002081],[19.939872,50.002119],[19.939953,50.002153],[19.940039,50.002183],[19.940127,50.002209],[19.940218,50.002232],[19.940311,50.00225],[19.940406,50.002264],[19.940503,50.002273],[19.9406,50.002279],[19.940697,50.002279],[19.940794,50.002276],[19.940891,50.002268],[19.940986,50.002256],[19.94108,50.002239],[19.941172,50.002219],[19.941262,50.002194],[19.941348,50.002165],[19.941431,50.002133],[19.941511,50.002097],[19.941587,50.002057],[19.941657,50.002014],[19.941724,50.001968],[19.941785,50.001919],[19.94184,50.001868],[19.94189,50.001814],[19.941934,50.001758],[19.941972,50.0017],[19.942003,50.001641],[19.942028,50.00158],[19.942046,50.001518],[19.942058,50.001456],[19.942063,50.001393]]]]}},{"type":"Feature","properties":{"variant":"A","kind":"interchange"},"geometry":{"type":"MultiPolygon","coordinates":[[[[19.952921,49.958101],[19.952919,49.958038],[19.95291,49.957975],[19.952895,49.957913],[19.952872,49.957852],[19.952844,49.957792],[19.952808,49.957734],[19.952767,49.957677],[19.95272,49.957622],[19.952666,49.95757],[19.952608,49.95752],[19.952543,49.957473],[19.952474,49.957428],[19.952401,49.957387],[19.952323,49.95735],[19.952241,49.957316],[19.952156,49.957286],[19.952068,49.957259],[19.951977,49.957237],[19.951884,49.957219],[19.951789,49.957205],[19.951693,49.957195],[19.951596,49.95719],[19.951498,49.957189],[19.951401,49.957193],[19.951305,49.957201],[19.951209,49.957213],[19.951116,49.957229],[19.951024,49.95725],[19.950934,49.957275],[19.950848,49.957303],[19.950765,49.957336],[19.950685,49.957372],[19.95061,49.957412],[19.950539,49.957454],[19.950473,49.957501],[19.950412,49.957549],[19.950356,49.957601],[19.950306,49.957655],[19.950263,49.957711],[19.950225,49.957769],[19.950193,49.957828],[19.950169,49.957889],[19.95015,49.95795],[19.950139,49.958013],[19.950134,49.958075],[19.950136,49.958138],[19.950145,49.958201],[19.950161,49.958263],[19.950183,49.958324],[19.950211,49.958384],[19.950247,49.958442],[19.950288,49.958499],[19.950335,49.958554],[19.950389,49.958606],[19.950448,49.958656],[19.950512,49.958703],[19.950581,49.958748],[19.950654,49.958789],[19.950732,49.958826],[19.950814,49.95886],[19.950899,49.958891],[19.950987,49.958917],[19.951078,49.958939],[19.951172,49.958957],[19.951266,49.958971],[19.951362,49.958981],[19.951459,49.958986],[19.951557,49.958987],[19.951654,49.958983],[19.95175,49.958976],[19.951846,49.958963],[19.95194,49.958947],[19.952031,49.958926],[19.952121,49.958902],[19.952207,49.958873],[19.952291,49.95884],[19.95237,49.958804],[19.952445,49.958765],[19.952516,49.958722],[19.952582,49.958676],[19.952643,49.958627],[19.952699,49.958575],[19.952749,49.958521],[19.952793,49.958465],[19.95283,49.958407],[19.952862,49.958348],[19.952887,49.958287],[19.952905,49.958226],[19.952916,49.958163],[19.952921,49.958101]]]]}},{"type":"Feature","properties":{"variant":"A","kind":"interchange"},"geometry":{"type":"MultiPolygon","coordinates":[[[[19.945649,49.908165],[19.945647,49.908102],[19.945638,49.908039],[19.945623,49.907977],[19.945601,49.907916],[19.945572,49.907856],[19.945537,49.907798],[19.945495,49.907741],[19.945448,49.907686],[19.945395,49.907634],[19.945336,49.907584],[19.945272,49.907537],[19.945203,49.907492],[19.945129,49.907451],[19.945052,49.907414],[19.94497,49.90738],[19.944885,49.90735],[19.944797,49.907323],[19.944706,49.907301],[19.944613,49.907283],[19.944518,49.907269],[19.944422,49.907259],[19.944325,49.907254],[19.944228,49.907253],[19.944131,49.907257],[19.944035,49.907264],[19.943939,49.907277],[19.943846,49.907293],[19.943754,49.907314],[19.943664,49.907338],[19.943578,49.907367],[19.943495,49.9074],[19.943416,49.907436],[19.94334,49.907475],[19.943269,49.907518],[19.943203,49.907564],[19.943142,49.907613],[19.943087,49.907665],[19.943037,49.907719],[19.942993,49.907775],[19.942956,49.907833],[19.942924,49.907892],[19.9429,49.907953],[19.942881,49.908014],[19.94287,49.908077],[19.942865,49.908139],[19.942867,49.908202],[19.942876,49.908265],[19.942891,49.908326],[19.942914,49.908388],[19.942942,49.908448],[19.942977,49.908506],[19.943019,49.908563],[19.943066,49.908618],[19.943119,49.90867],[19.943178,49.90872],[19.943242,49.908767],[19.943311,49.908812],[19.943385,49.908853],[19.943462,49.90889],[19.943544,49.908924],[19.943629,49.908954],[19.943717,49.908981],[19.943808,49.909003],[19.943901,49.909021],[19.943996,49.909035],[19.944092,49.909045],[19.944189,49.90905],[19.944286,49.909051],[19.944383,49.909047],[19.944479,49.909039],[19.944575,49.909027],[19.944669,49.909011],[19.94476,49.90899],[19.94485,49.908966],[19.944936,49.908937],[19.945019,49.908904],[19.945099,49.908868],[19.945174,49.908828],[19.945245,49.908786],[19.945311,49.90874],[19.945372,49.908691],[19.945427,49.908639],[19.945477,49.908585],[19.945521,49.908529],[19.945558,49.908471],[19.94559,49.908412],[19.945615,49.908351],[19.945633,49.90829],[19.945644,49.908227],[19.945649,49.908165]]]]}},{"type":"Feature","properties":{"variant":"A","kind":"interchange"},"geometry":{"type":"MultiPolygon","coordinates":[[[[19.941623,49.874442],[19.941621,49.87438],[19.941612,49.874317],[19.941597,49.874255],[19.941574,49.874194],[19.941546,49.874134],[19.941511,49.874076],[19.941469,49.874019],[19.941422,49.873964],[19.941369,49.873912],[19.94131,49.873862],[19.941246,49.873814],[19.941177,49.87377],[19.941104,49.873729],[19.941026,49.873691],[19.940944,49.873657],[19.940859,49.873627],[19.940771,49.873601],[19.94068,49.873579],[19.940588,49.87356],[19.940493,49.873547],[19.940397,49.873537],[19.9403,49.873532],[19.940203,49.873531],[19.940106,49.873534],[19.94001,49.873542],[19.939915,49.873554],[19.939821,49.873571],[19.939729,49.873591],[19.93964,49.873616],[19.939553,49.873645],[19.93947,49.873677],[19.939391,49.873713],[19.939316,49.873753],[19.939245,49.873796],[19.939179,49.873842],[19.939118,49.873891],[19.939063,49.873942],[19.939013,49.873996],[19.938969,49.874052],[19.938932,49.87411],[19.9389,49.87417],[19.938875,49.87423],[19.938857,49.874292],[19.938846,49.874354],[19.938841,49.874417],[19.938843,49.87448],[19.938852,49.874542],[19.938867,49.874604],[19.938889,49.874665],[19.938918,49.874725],[19.938953,49.874784],[19.938994,49.87484],[19.939042,49.874895],[19.939095,49.874948],[19.939154,49.874998],[19.939218,49.875045],[19.939287,49.875089],[19.93936,49.87513],[19.939438,49.875168],[19.939519,49.875202],[19.939604,49.875232],[19.939693,49.875258],[19.939783,49.875281],[19.939876,49.875299],[19.939971,49.875313],[19.940067,49.875322],[19.940164,49.875328],[19.940261,49.875329],[19.940358,49.875325],[19.940454,49.875317],[19.940549,49.875305],[19.940643,49.875289],[19.940735,49.875268],[19.940824,49.875243],[19.94091,49.875215],[19.940993,49.875182],[19.941073,49.875146],[19.941148,49.875106],[19.941219,49.875063],[19.941285,49.875017],[19.941346,49.874968],[19.941401,49.874917],[19.941451,49.874863],[19.941495,49.874807],[19.941532,49.874749],[19.941564,49.87469],[19.941588,49.874629],[19.941607,49.874567],[19.941618,49.874505],[19.941623,49.874442]]]]}},{"type":"Feature","properties":{"variant":"A","kind":"interchange"},"geometry":{"type":"MultiPolygon","coordinates":[[[[19.941064,49.849586],[19.941062,49.849523],[19.941053,49.84946],[19.941038,49.849398],[19.941016,49.849337],[19.940987,49.849277],[19.940952,49.849219],[19.940911,49.849162],[19.940863,49.849107],[19.94081,49.849055],[19.940752,49.849005],[19.940688,49.848958],[19.940619,49.848913],[19.940545,49.848872],[19.940468,49.848835],[19.940386,49.848801],[19.940301,49.84877],[19.940213,49.848744],[19.940122,49.848722],[19.940029,49.848704],[19.939935,49.84869],[19.939839,49.84868],[19.939742,49.848675],[19.939645,49.848674],[19.939548,49.848677],[19.939452,49.848685],[19.939357,49.848698],[19.939263,49.848714],[19.939171,49.848735],[19.939082,49.848759],[19.938996,49.848788],[19.938913,49.84882],[19.938833,49.848857],[19.938758,49.848896],[19.938687,49.848939],[19.938622,49.848985],[19.938561,49.849034],[19.938505,49.849086],[19.938456,49.84914],[19.938412,49.849196],[19.938374,49.849253],[19.938343,49.849313],[19.938318,49.849374],[19.9383,49.849435],[19.938288,49.849497],[19.938284,49.84956],[19.938286,49.849623],[19.938294,49.849685],[19.93831,49.849747],[19.938332,49.849808],[19.938361,49.849868],[19.938396,49.849927],[19.938437,49.849984],[19.938484,49.850038],[19.938538,49.850091],[19.938596,49.850141],[19.93866,49.850188],[19.938729,49.850232],[19.938802,49.850273],[19.93888,49.850311],[19.938962,49.850345],[19.939047,49.850375],[19.939135,49.850402],[19.939226,49.850424],[19.939318,49.850442],[19.939413,49.850456],[19.939509,49.850466],[19.939606,49.850471],[19.939703,49.850472],[19.9398,49.850468],[19.939896,49.85046],[19.939991,49.850448],[19.940085,49.850432],[19.940177,49.850411],[19.940266,49.850386],[19.940352,49.850358],[19.940435,49.850325],[19.940514,49.850289],[19.94059,49.850249],[19.94066,49.850207],[19.940726,49.85016],[19.940787,49.850112],[19.940843,49.85006],[19.940892,49.850006],[19.940936,49.84995],[19.940974,49.849892],[19.941005,49.849833],[19.94103,49.849772],[19.941048,49.849711],[19.941059,49.849648],[19.941064,49.849586]]]]}},{"type":"Feature","properties":{"variant":"A","kind":"interchangeName","name":"Węzeł Kraków Łagiewniki"},"geometry":{"type":"Point","coordinates":[19.945409,50.003381]}},{"type":"Feature","properties":{"variant":"A","kind":"interchangeName","name":"Węzeł Wrząsowice"},"geometry":{"type":"Point","coordinates":[19.954229,49.958075]}},{"type":"Feature","properties":{"variant":"A","kind":"interchangeName","name":"Węzeł Siepraw"},"geometry":{"type":"Point","coordinates":[19.947768,49.907715]}},{"type":"Feature","properties":{"variant":"A","kind":"interchangeName","name":"Węzeł Krzyszkowice"},"geometry":{"type":"Point","coordinates":[19.943844,49.873633]}},{"type":"Feature","properties":{"variant":"A","kind":"interchangeName","name":"Węzeł Myślenice Północ"},"geometry":{"type":"Point","coordinates":[19.944011,49.849578]}},{"type":"Feature","properties":{"variant":"A","kind":"interchangeName","name":"Węzeł Głogoczów"},"geometry":{"type":"Point","coordinates":[19.871977,49.906495]}},{"type":"Feature","properties":{"variant":"A","kind":"extent"},"geometry":{"type":"MultiLineString","coordinates":[[[19.927633,49.996316],[19.929823,49.995358]],[[19.927627,49.99631],[19.929817,49.995352]],[[19.927606,49.996289],[19.929795,49.995332]],[[19.927584,49.996269],[19.929774,49.995311]],[[19.927578,49.996263],[19.929768,49.995306]]]}},{"type":"Feature","properties":{"variant":"A","kind":"extent"},"geometry":{"type":"MultiLineString","coordinates":[[[19.931511,49.976291],[19.931557,49.976723]],[[19.931521,49.976291],[19.931568,49.976724]],[[19.931559,49.976289],[19.931606,49.976728]],[[19.931597,49.976287],[19.931645,49.976731]],[[19.931608,49.976287],[19.931656,49.976733]],[[19.931557,49.976723],[19.930927,49.977745]],[[19.931568,49.976724],[19.93094,49.977742]],[[19.931606,49.976728],[19.930988,49.97773]],[[19.931645,49.976731],[19.931037,49.977718]],[[19.931656,49.976733],[19.93105,49.977715]],[[19.930927,49.977745],[19.931983,49.978098]],[[19.93094,49.977742],[19.931992,49.978093]],[[19.930988,49.97773],[19.932025,49.978077]],[[19.931037,49.977718],[19.932057,49.97806]],[[19.93105,49.977715],[19.932066,49.978055]],[[19.931983,49.978098],[19.932158,49.97851]],[[19.931992,49.978093],[19.932169,49.978508]],[[19.932025,49.978077],[19.932206,49.978502]],[[19.932057,49.97806],[19.932242,49.978495]],[[19.932066,49.978055],[19.932253,49.978494]]]}},{"type":"Feature","properties":{"variant":"A","kind":"extent"},"geometry":{"type":"MultiLineString","coordinates":[[[19.934686,49.973049],[19.936214,49.973679]],[[19.934692,49.973044],[19.936211,49.973669]],[[19.934713,49.973023],[19.936198,49.973635]],[[19.934733,49.973002],[19.936186,49.973601]],[[19.934739,49.972996],[19.936183,49.973591]],[[19.936214,49.973679],[19.93755,49.972289]],[[19.936211,49.973669],[19.937543,49.972284]],[[19.936198,49.973635],[19.937516,49.972265]],[[19.936186,49.973601],[19.937488,49.972247]],[[19.936183,49.973591],[19.937481,49.972242]],[[19.93755,49.972289],[19.938491,49.971963]],[[19.937543,49.972284],[19.938486,49.971957]],[[19.937516,49.972265],[19.938468,49.971935]],[[19.937488,49.972247],[19.93845,49.971913]],[[19.937481,49.972242],[19.938445,49.971907]]]}},{"type":"Feature","properties":{"variant":"A","kind":"extent"},"geometry":{"type":"MultiLineString","coordinates":[[[19.939829,49.967553],[19.940302,49.967912]],[[19.939837,49.967549],[19.940309,49.967907]],[[19.939866,49.967533],[19.940336,49.967889]],[[19.939895,49.967517],[19.940363,49.967871]],[[19.939903,49.967512],[19.94037,49.967866]],[[19.940302,49.967912],[19.94153,49.968532]],[[19.940309,49.967907],[19.941536,49.968526]],[[19.940336,49.967889],[19.941557,49.968505]],[[19.940363,49.967871],[19.941577,49.968484]],[[19.94037,49.967866],[19.941583,49.968479]],[[19.94153,49.968532],[19.942293,49.968781]],[[19.941536,49.968526],[19.942298,49.968775]],[[19.941557,49.968505],[19.942315,49.968753]],[[19.941577,49.968484],[19.942332,49.96873]],[[19.941583,49.968479],[19.942337,49.968724]]]}},{"type":"Feature","properties":{"variant":"A","kind":"extent"},"geometry":{"type":"MultiLineString","coordinates":[[[19.945102,49.965302],[19.947872,49.963086]],[[19.945094,49.965298],[19.947857,49.963087]],[[19.945064,49.965282],[19.947804,49.963091]],[[19.945034,49.965267],[19.94775,49.963095]],[[19.945026,49.965263],[19.947735,49.963096]],[[19.947872,49.963086],[19.945225,49.96171]],[[19.947857,49.963087],[19.945217,49.961714]],[[19.947804,49.963091],[19.945187,49.96173]],[[19.94775,49.963095],[19.945158,49.961747]],[[19.947735,49.963096],[19.945149,49.961751]],[[19.945225,49.96171],[19.944589,49.961012]],[[19.945217,49.961714],[19.94458,49.961015]],[[19.945187,49.96173],[19.944547,49.961028]],[[19.945158,49.961747],[19.944514,49.96104]],[[19.945149,49.961751],[19.944505,49.961044]]]}},{"type":"Feature","properties":{"variant":"A","kind":"extent"},"geometry":{"type":"MultiLineString","coordinates":[[[19.957159,49.924428],[19.955987,49.923595]],[[19.957151,49.924433],[19.955979,49.9236]],[[19.957123,49.924449],[19.955951,49.923616]],[[19.957095,49.924466],[19.955922,49.923633]],[[19.957087,49.92447],[19.955915,49.923637]]]}},{"type":"Feature","properties":{"variant":"A","kind":"extent"},"geometry":{"type":"MultiLineString","coordinates":[[[19.95532,49.924027],[19.956181,49.923524]],[[19.955313,49.924022],[19.95617,49.923521]],[[19.955287,49.924004],[19.956132,49.92351]],[[19.955262,49.923986],[19.956094,49.923499]],[[19.955255,49.923981],[19.956084,49.923496]],[[19.956181,49.923524],[19.95619,49.923107]],[[19.95617,49.923521],[19.956179,49.923103]],[[19.956132,49.92351],[19.956141,49.923088]],[[19.956094,49.923499],[19.956103,49.923072]],[[19.956084,49.923496],[19.956093,49.923068]],[[19.95619,49.923107],[19.957206,49.922777]],[[19.956179,49.923103],[19.957202,49.922771]],[[19.956141,49.923088],[19.957189,49.922747]],[[19.956103,49.923072],[19.957175,49.922724]],[[19.956093,49.923068],[19.957171,49.922718]],[[19.957206,49.922777],[19.957746,49.922685]],[[19.957202,49.922771],[19.957742,49.922679]],[[19.957189,49.922747],[19.957726,49.922656]],[[19.957175,49.922724],[19.957709,49.922634]],[[19.957171,49.922718],[19.957705,49.922627]],[[19.957746,49.922685],[19.958068,49.92254]],[[19.957742,49.922679],[19.958062,49.922535]],[[19.957726,49.922656],[19.95804,49.922515]],[[19.957709,49.922634],[19.958018,49.922494]],[[19.957705,49.922627],[19.958012,49.922489]]]}},{"type":"Feature","properties":{"variant":"A","kind":"extent"},"geometry":{"type":"MultiLineString","coordinates":[[[19.948198,49.914715],[19.94926,49.913812]],[[19.948187,49.91471],[19.949251,49.913805]],[[19.948153,49.914693],[19.949223,49.913784]],[[19.94812,49.914677],[19.949195,49.913763]],[[19.948109,49.914672],[19.949185,49.913756]],[[19.94926,49.913812],[19.951506,49.91299]],[[19.949251,49.913805],[19.9515,49.912982]],[[19.949223,49.913784],[19.951479,49.912959]],[[19.949195,49.913763],[19.951458,49.912935]],[[19.949185,49.913756],[19.951452,49.912927]]]}},{"type":"Feature","properties":{"variant":"A","kind":"extent"},"geometry":{"type":"MultiLineString","coordinates":[[[19.954747,49.921571],[19.95546,49.921421]],[[19.954744,49.921565],[19.955457,49.921415]],[[19.954732,49.921541],[19.955445,49.921392]],[[19.95472,49.921518],[19.955433,49.921368]],[[19.954717,49.921512],[19.95543,49.921362]],[[19.95546,49.921421],[19.956402,49.921223]],[[19.955457,49.921415],[19.956401,49.921216]],[[19.955445,49.921392],[19.956397,49.92119]],[[19.955433,49.921368],[19.956393,49.921165]],[[19.95543,49.921362],[19.956391,49.921158]],[[19.956402,49.921223],[19.957249,49.921285]],[[19.956401,49.921216],[19.957248,49.921278]],[[19.956397,49.92119],[19.957244,49.921253]],[[19.956393,49.921165],[19.95724,49.921227]],[[19.956391,49.921158],[19.957239,49.921221]],[[19.957249,49.921285],[19.957612,49.921212]],[[19.957248,49.921278],[19.957609,49.921206]],[[19.957244,49.921253],[19.957597,49.921182]],[[19.95724,49.921227],[19.957586,49.921159]],[[19.957239,49.921221],[19.957583,49.921152]]]}},{"type":"Feature","properties":{"variant":"A","kind":"extent"},"geometry":{"type":"MultiLineString","coordinates":[[[19.952042,49.917789],[19.953876,49.91712]],[[19.952037,49.917783],[19.953871,49.917113]],[[19.952018,49.917761],[19.953857,49.91709]],[[19.951999,49.91774],[19.953842,49.917067]],[[19.951994,49.917734],[19.953838,49.917061]],[[19.953876,49.91712],[19.955624,49.916796]],[[19.953871,49.917113],[19.955621,49.916789]],[[19.953857,49.91709],[19.95561,49.916766]],[[19.953842,49.917067],[19.9556,49.916742]],[[19.953838,49.917061],[19.955597,49.916735]]]}},{"type":"Feature","properties":{"variant":"A","kind":"extent"},"geometry":{"type":"MultiLineString","coordinates":[[[19.944004,49.910067],[19.946342,49.909284]],[[19.943999,49.910062],[19.946333,49.909279]],[[19.943981,49.91004],[19.946301,49.909262]],[[19.943963,49.910018],[19.946269,49.909245]],[[19.943959,49.910012],[19.94626,49.90924]],[[19.946342,49.909284],[19.946684,49.908526]],[[19.946333,49.909279],[19.946675,49.908523]],[[19.946301,49.909262],[19.946642,49.908509]],[[19.946269,49.909245],[19.946608,49.908495]],[[19.94626,49.90924],[19.946599,49.908491]],[[19.946684,49.908526],[19.947341,49.908155]],[[19.946675,49.908523],[19.947334,49.90815]],[[19.946642,49.908509],[19.947308,49.908131]],[[19.946608,49.908495],[19.947283,49.908113]],[[19.946599,49.908491],[19.947276,49.908108]]]}},{"type":"Feature","properties":{"variant":"A","kind":"extent"},"geometry":{"type":"MultiLineString","coordinates":[[[19.941503,49.907472],[19.941741,49.906811]],[[19.941493,49.90747],[19.941731,49.906807]],[[19.941455,49.907465],[19.941698,49.906791]],[[19.941418,49.907459],[19.941664,49.906775]],[[19.941408,49.907457],[19.941655,49.906771]],[[19.941741,49.906811],[19.943332,49.906186]],[[19.941731,49.906807],[19.943333,49.906178]],[[19.941698,49.906791],[19.943333,49.906148]],[[19.941664,49.906775],[19.943334,49.906119]],[[19.941655,49.906771],[19.943334,49.906111]],[[19.943332,49.906186],[19.944978,49.906882]],[[19.943333,49.906178],[19.944983,49.906876]],[[19.943333,49.906148],[19.945,49.906854]],[[19.943334,49.906119],[19.945018,49.906832]],[[19.943334,49.906111],[19.945022,49.906825]],[[19.944978,49.906882],[19.946621,49.907282]],[[19.944983,49.906876],[19.946625,49.907276]],[[19.945,49.906854],[19.946638,49.907253]],[[19.945018,49.906832],[19.946652,49.90723]],[[19.945022,49.906825],[19.946655,49.907224]]]}},{"type":"Feature","properties":{"variant":"A","kind":"extent"},"geometry":{"type":"MultiLineString","coordinates":[[[19.937625,49.887535],[19.937643,49.886745]],[[19.937611,49.887535],[19.937629,49.886736]],[[19.93757,49.887535],[19.937588,49.886709]],[[19.937528,49.887535],[19.937546,49.886681]],[[19.937514,49.887534],[19.937533,49.886672]],[[19.937643,49.886745],[19.941136,49.886777]],[[19.937629,49.886736],[19.94112,49.886768]],[[19.937588,49.886709],[19.941074,49.88674]],[[19.937546,49.886681],[19.941027,49.886713]],[[19.937533,49.886672],[19.941012,49.886704]],[[19.941136,49.886777],[19.940885,49.885252]],[[19.94112,49.886768],[19.940871,49.885253]],[[19.941074,49.88674],[19.94083,49.885259]],[[19.941027,49.886713],[19.940789,49.885265]],[[19.941012,49.886704],[19.940775,49.885267]],[[19.940885,49.885252],[19.940535,49.884566]],[[19.940871,49.885253],[19.940522,49.884569]],[[19.94083,49.885259],[19.940482,49.884577]],[[19.940789,49.885265],[19.940443,49.884585]],[[19.940775,49.885267],[19.940429,49.884588]]]}},{"type":"Feature","properties":{"variant":"A","kind":"extent"},"geometry":{"type":"MultiLineString","coordinates":[[[19.939551,49.889587],[19.939309,49.887966]],[[19.939541,49.889587],[19.939299,49.887966]],[[19.939516,49.889589],[19.939275,49.887967]],[[19.939492,49.88959],[19.93925,49.887967]],[[19.939482,49.889591],[19.93924,49.887967]],[[19.939309,49.887966],[19.939365,49.886725]],[[19.939299,49.887966],[19.939355,49.886725]],[[19.939275,49.887967],[19.939331,49.886725]],[[19.93925,49.887967],[19.939306,49.886724]],[[19.93924,49.887967],[19.939296,49.886724]]]}},{"type":"Feature","properties":{"variant":"A","kind":"extent"},"geometry":{"type":"MultiLineString","coordinates":[[[19.942354,49.862882],[19.943253,49.863943]],[[19.942366,49.862878],[19.943262,49.863935]],[[19.942403,49.862865],[19.943289,49.863911]],[[19.94244,49.862852],[19.943316,49.863887]],[[19.942452,49.862847],[19.943326,49.863879]],[[19.943253,49.863943],[19.945289,49.864207]],[[19.943262,49.863935],[19.945306,49.8642]],[[19.943289,49.863911],[19.94536,49.86418]],[[19.943316,49.863887],[19.945413,49.864159]],[[19.943326,49.863879],[19.945431,49.864152]],[[19.945289,49.864207],[19.944742,49.865372]],[[19.945306,49.8642],[19.944757,49.865372]],[[19.94536,49.86418],[19.944801,49.86537]],[[19.945413,49.864159],[19.944845,49.865369]],[[19.945431,49.864152],[19.94486,49.865368]],[[19.944742,49.865372],[19.945013,49.865785]],[[19.944757,49.865372],[19.945026,49.865782]],[[19.944801,49.86537],[19.945064,49.865771]],[[19.944845,49.865369],[19.945102,49.865761]],[[19.94486,49.865368],[19.945115,49.865757]]]}},{"type":"Feature","properties":{"variant":"A","kind":"extent"},"geometry":{"type":"MultiLineString","coordinates":[[[19.941766,49.852916],[19.943076,49.852156]],[[19.941756,49.852909],[19.94306,49.852153]],[[19.941728,49.852889],[19.943013,49.852144]],[[19.941701,49.852869],[19.942966,49.852135]],[[19.941691,49.852862],[19.942951,49.852132]],[[19.943076,49.852156],[19.942813,49.85151]],[[19.94306,49.852153],[19.942799,49.851511]],[[19.943013,49.852144],[19.942757,49.851514]],[[19.942966,49.852135],[19.942715,49.851517]],[[19.942951,49.852132],[19.942701,49.851518]],[[19.942813,49.85151],[19.942838,49.851133]],[[19.942799,49.851511],[19.942824,49.851133]],[[19.942757,49.851514],[19.942783,49.851132]],[[19.942715,49.851517],[19.942741,49.85113]],[[19.942701,49.851518],[19.942727,49.85113]]]}},{"type":"Feature","properties":{"variant":"A","kind":"extent"},"geometry":{"type":"MultiLineString","coordinates":[[[19.925387,49.987521],[19.9264,49.986153]],[[19.925378,49.987518],[19.92639,49.98615]],[[19.925356,49.987511],[19.926367,49.986144]],[[19.925334,49.987504],[19.926344,49.986139]],[[19.925325,49.987501],[19.926335,49.986136]],[[19.9264,49.986153],[19.926893,49.985109]],[[19.92639,49.98615],[19.926883,49.985107]],[[19.926367,49.986144],[19.926861,49.985101]],[[19.926344,49.986139],[19.926838,49.985095]],[[19.926335,49.986136],[19.926828,49.985092]],[[19.926893,49.985109],[19.927653,49.984167]],[[19.926883,49.985107],[19.927644,49.984165]],[[19.926861,49.985101],[19.927621,49.984158]],[[19.926838,49.985095],[19.927599,49.984152]],[[19.926828,49.985092],[19.927589,49.984149]],[[19.927653,49.984167],[19.928518,49.982592]],[[19.927644,49.984165],[19.928508,49.98259]],[[19.927621,49.984158],[19.928485,49.982585]],[[19.927599,49.984152],[19.928462,49.98258]],[[19.927589,49.984149],[19.928453,49.982577]],[[19.928518,49.982592],[19.929199,49.981351]],[[19.928508,49.98259],[19.929188,49.981351]],[[19.928485,49.982585],[19.929163,49.981351]],[[19.928462,49.98258],[19.929137,49.981351]],[[19.928453,49.982577],[19.929126,49.981351]],[[19.929199,49.981351],[19.928859,49.980687]],[[19.929188,49.981351],[19.928847,49.980685]],[[19.929163,49.981351],[19.928818,49.98068]],[[19.929137,49.981351],[19.92879,49.980675]],[[19.929126,49.981351],[19.928778,49.980673]],[[19.928859,49.980687],[19.930006,49.980041]],[[19.928847,49.980685],[19.929997,49.980037]],[[19.928818,49.98068],[19.929976,49.980028]],[[19.92879,49.980675],[19.929956,49.980019]],[[19.928778,49.980673],[19.929947,49.980015]],[[19.930006,49.980041],[19.93048,49.979196]],[[19.929997,49.980037],[19.93047,49.979194]],[[19.929976,49.980028],[19.930447,49.979189]],[[19.929956,49.980019],[19.930424,49.979184]],[[19.929947,49.980015],[19.930414,49.979182]],[[19.93048,49.979196],[19.931198,49.977796]],[[19.93047,49.979194],[19.931188,49.977794]],[[19.930447,49.979189],[19.931165,49.977789]],[[19.930424,49.979184],[19.931142,49.977784]],[[19.930414,49.979182],[19.931132,49.977782]]]}},{"type":"Feature","properties":{"variant":"A","kind":"extent"},"geometry":{"type":"MultiLineString","coordinates":[[[19.926504,49.987762],[19.927002,49.986805]],[[19.926494,49.987759],[19.926992,49.986803]],[[19.926471,49.987754],[19.926969,49.986798]],[[19.926448,49.987749],[19.926945,49.986793]],[[19.926438,49.987747],[19.926935,49.986791]],[[19.927002,49.986805],[19.927394,49.986042]],[[19.926992,49.986803],[19.927384,49.98604]],[[19.926969,49.986798],[19.927361,49.986034]],[[19.926945,49.986793],[19.927338,49.986029]],[[19.926935,49.986791],[19.927328,49.986027]],[[19.927394,49.986042],[19.927921,49.985119]],[[19.927384,49.98604],[19.927912,49.985117]],[[19.927361,49.986034],[19.927889,49.985111]],[[19.927338,49.986029],[19.927866,49.985106]],[[19.927328,49.986027],[19.927856,49.985103]],[[19.927921,49.985119],[19.929342,49.982786]],[[19.927912,49.985117],[19.929333,49.982783]],[[19.927889,49.985111],[19.92931,49.982778]],[[19.927866,49.985106],[19.929287,49.982772]],[[19.927856,49.985103],[19.929278,49.982769]],[[19.929342,49.982786],[19.93052,49.980923]],[[19.929333,49.982783],[19.93051,49.980921]],[[19.92931,49.982778],[19.930487,49.980916]],[[19.929287,49.982772],[19.930463,49.980911]],[[19.929278,49.982769],[19.930453,49.980909]],[[19.93052,49.980923],[19.93103,49.979709]],[[19.93051,49.980921],[19.931021,49.979704]],[[19.930487,49.980916],[19.931001,49.979693]],[[19.930463,49.980911],[19.93098,49.979682]],[[19.930453,49.980909],[19.930971,49.979678]],[[19.93103,49.979709],[19.932674,49.979189]],[[19.931021,49.979704],[19.93267,49.979183]],[[19.931001,49.979693],[19.932659,49.979169]],[[19.93098,49.979682],[19.932648,49.979155]],[[19.930971,49.979678],[19.932644,49.979149]]]}},{"type":"Feature","properties":{"variant":"A","kind":"extent"},"geometry":{"type":"MultiLineString","coordinates":[[[19.932082,49.978138],[19.932413,49.977342]],[[19.932072,49.978136],[19.932403,49.97734]],[[19.932049,49.978132],[19.93238,49.977335]],[[19.932025,49.978128],[19.932357,49.97733]],[[19.932015,49.978127],[19.932347,49.977327]],[[19.932413,49.977342],[19.932981,49.976504]],[[19.932403,49.97734],[19.932972,49.976501]],[[19.93238,49.977335],[19.93295,49.976494]],[[19.932357,49.97733],[19.932927,49.976488]],[[19.932347,49.977327],[19.932918,49.976485]],[[19.932981,49.976504],[19.933663,49.975641]],[[19.932972,49.976501],[19.933654,49.975638]],[[19.93295,49.976494],[19.933633,49.975631]],[[19.932927,49.976488],[19.933611,49.975623]],[[19.932918,49.976485],[19.933602,49.97562]],[[19.933663,49.975641],[19.934507,49.974678]],[[19.933654,49.975638],[19.934498,49.974674]],[[19.933633,49.975631],[19.934478,49.974666]],[[19.933611,49.975623],[19.934457,49.974657]],[[19.933602,49.97562],[19.934448,49.974654]],[[19.934507,49.974678],[19.935846,49.973492]],[[19.934498,49.974674],[19.935838,49.973488]],[[19.934478,49.974666],[19.935818,49.973478]],[[19.934457,49.974657],[19.935798,49.973469]],[[19.934448,49.974654],[19.93579,49.973465]]]}},{"type":"Feature","properties":{"variant":"A","kind":"extent"},"geometry":{"type":"MultiLineString","coordinates":[[[19.931599,49.976691],[19.93203,49.976695]],[[19.9316,49.976684],[19.932023,49.976688]],[[19.9316,49.976668],[19.932007,49.976672]],[[19.9316,49.976652],[19.931992,49.976656]],[[19.9316,49.976646],[19.931985,49.976649]],[[19.93203,49.976695],[19.932509,49.975985]],[[19.932023,49.976688],[19.932499,49.975982]],[[19.932007,49.976672],[19.932477,49.975975]],[[19.931992,49.976656],[19.932455,49.975968]],[[19.931985,49.976649],[19.932446,49.975965]],[[19.932509,49.975985],[19.933011,49.975346]],[[19.932499,49.975982],[19.933002,49.975343]],[[19.932477,49.975975],[19.93298,49.975335]],[[19.932455,49.975968],[19.932959,49.975328]],[[19.932446,49.975965],[19.93295,49.975325]],[[19.933011,49.975346],[19.93359,49.974721]],[[19.933002,49.975343],[19.933581,49.974718]],[[19.93298,49.975335],[19.93356,49.97471]],[[19.932959,49.975328],[19.933539,49.974702]],[[19.93295,49.975325],[19.93353,49.974698]]]}},{"type":"Feature","properties":{"variant":"A","kind":"extent"},"geometry":{"type":"MultiLineString","coordinates":[[[19.935374,49.972859],[19.936123,49.972208]],[[19.935366,49.972855],[19.936115,49.972204]],[[19.935346,49.972846],[19.936095,49.972195]],[[19.935327,49.972836],[19.936075,49.972186]],[[19.935318,49.972832],[19.936067,49.972182]],[[19.936123,49.972208],[19.937352,49.971121]],[[19.936115,49.972204],[19.937344,49.971117]],[[19.936095,49.972195],[19.937323,49.971108]],[[19.936075,49.972186],[19.937303,49.9711]],[[19.936067,49.972182],[19.937294,49.971096]],[[19.937352,49.971121],[19.938041,49.970404]],[[19.937344,49.971117],[19.938032,49.9704]],[[19.937323,49.971108],[19.938012,49.970391]],[[19.937303,49.9711],[19.937992,49.970382]],[[19.937294,49.971096],[19.937983,49.970379]],[[19.938041,49.970404],[19.939018,49.969559]],[[19.938032,49.9704],[19.93901,49.969555]],[[19.938012,49.970391],[19.93899,49.969546]],[[19.937992,49.970382],[19.93897,49.969537]],[[19.937983,49.970379],[19.938961,49.969533]],[[19.939018,49.969559],[19.940609,49.968025]],[[19.93901,49.969555],[19.9406,49.968021]],[[19.93899,49.969546],[19.94058,49.968012]],[[19.93897,49.969537],[19.94056,49.968004]],[[19.938961,49.969533],[19.940551,49.968]]]}},{"type":"Feature","properties":{"variant":"A","kind":"extent"},"geometry":{"type":"MultiLineString","coordinates":[[[19.941419,49.968437],[19.943156,49.967141]],[[19.941411,49.968433],[19.943148,49.967137]],[[19.941393,49.968423],[19.943128,49.967128]],[[19.941374,49.968412],[19.943109,49.967118]],[[19.941366,49.968408],[19.9431,49.967114]],[[19.943156,49.967141],[19.94395,49.966339]],[[19.943148,49.967137],[19.943941,49.966335]],[[19.943128,49.967128],[19.94392,49.966327]],[[19.943109,49.967118],[19.943899,49.966319]],[[19.9431,49.967114],[19.943891,49.966315]],[[19.94395,49.966339],[19.944301,49.96597]],[[19.943941,49.966335],[19.944295,49.965964]],[[19.94392,49.966327],[19.94428,49.965949]],[[19.943899,49.966319],[19.944266,49.965934]],[[19.943891,49.966315],[19.944259,49.965928]],[[19.944301,49.96597],[19.944749,49.965931]],[[19.944295,49.965964],[19.944748,49.965925]],[[19.94428,49.965949],[19.944745,49.965909]],[[19.944266,49.965934],[19.944741,49.965893]],[[19.944259,49.965928],[19.94474,49.965887]]]}},{"type":"Feature","properties":{"variant":"A","kind":"extent"},"geometry":{"type":"MultiLineString","coordinates":[[[19.943573,49.965203],[19.944407,49.964491]],[[19.943565,49.965199],[19.944398,49.964488]],[[19.943545,49.965189],[19.944377,49.96448]],[[19.943526,49.96518],[19.944356,49.964471]],[[19.943517,49.965176],[19.944347,49.964468]],[[19.944407,49.964491],[19.945506,49.96299]],[[19.944398,49.964488],[19.945496,49.962987]],[[19.944377,49.96448],[19.945474,49.962981]],[[19.944356,49.964471],[19.945451,49.962975]],[[19.944347,49.964468],[19.945441,49.962973]],[[19.945506,49.96299],[19.945774,49.962499]],[[19.945496,49.962987],[19.945765,49.962496]],[[19.945474,49.962981],[19.945743,49.962488]],[[19.945451,49.962975],[19.945722,49.96248]],[[19.945441,49.962973],[19.945712,49.962477]],[[19.945774,49.962499],[19.946125,49.962218]],[[19.945765,49.962496],[19.946117,49.962214]],[[19.945743,49.962488],[19.946098,49.962204]],[[19.945722,49.96248],[19.946079,49.962194]],[[19.945712,49.962477],[19.946071,49.96219]]]}},{"type":"Feature","properties":{"variant":"A","kind":"extent"},"geometry":{"type":"MultiLineString","coordinates":[[[19.946116,49.962223],[19.946977,49.96189]],[[19.94611,49.962218],[19.94697,49.961884]],[[19.946098,49.962204],[19.946953,49.961873]],[[19.946085,49.962191],[19.946936,49.961861]],[[19.94608,49.962185],[19.946929,49.961856]],[[19.946977,49.96189],[19.948072,49.960951]],[[19.94697,49.961884],[19.948063,49.960947]],[[19.946953,49.961873],[19.948042,49.960939]],[[19.946936,49.961861],[19.948022,49.96093]],[[19.946929,49.961856],[19.948013,49.960926]],[[19.948072,49.960951],[19.948667,49.960232]],[[19.948063,49.960947],[19.948658,49.960229]],[[19.948042,49.960939],[19.948637,49.960221]],[[19.948022,49.96093],[19.948616,49.960213]],[[19.948013,49.960926],[19.948607,49.960209]],[[19.948667,49.960232],[19.948791,49.960112]],[[19.948658,49.960229],[19.948782,49.960109]],[[19.948637,49.960221],[19.948762,49.9601]],[[19.948616,49.960213],[19.948741,49.960091]],[[19.948607,49.960209],[19.948733,49.960087]]]}},{"type":"Feature","properties":{"variant":"A","kind":"extent"},"geometry":{"type":"MultiLineString","coordinates":[[[19.949812,49.960668],[19.948728,49.961543]],[[19.94982,49.960672],[19.948739,49.961546]],[[19.949847,49.960686],[19.948773,49.961554]],[[19.949875,49.9607],[19.948808,49.961562]],[[19.949883,49.960704],[19.948818,49.961564]],[[19.948728,49.961543],[19.948706,49.962551]],[[19.948739,49.961546],[19.948717,49.962554]],[[19.948773,49.961554],[19.948751,49.962564]],[[19.948808,49.961562],[19.948786,49.962575]],[[19.948818,49.961564],[19.948796,49.962578]],[[19.948706,49.962551],[19.947774,49.963069]],[[19.948717,49.962554],[19.947781,49.963074]],[[19.948751,49.962564],[19.947804,49.963091]],[[19.948786,49.962575],[19.947826,49.963108]],[[19.948796,49.962578],[19.947833,49.963113]]]}},{"type":"Feature","properties":{"variant":"A","kind":"extent"},"geometry":{"type":"MultiLineString","coordinates":[[[19.949874,49.9607],[19.950935,49.959634]],[[19.949866,49.960696],[19.950929,49.959628]],[[19.949845,49.960688],[19.950914,49.959614]],[[19.949825,49.960679],[19.950899,49.9596]],[[19.949816,49.960676],[19.950893,49.959594]],[[19.950935,49.959634],[19.952823,49.959382]],[[19.950929,49.959628],[19.952815,49.959376]],[[19.950914,49.959614],[19.952798,49.959362]],[[19.950899,49.9596],[19.952781,49.959349]],[[19.950893,49.959594],[19.952774,49.959343]],[[19.952823,49.959382],[19.953315,49.958669]],[[19.952815,49.959376],[19.953304,49.95867]],[[19.952798,49.959362],[19.953276,49.958671]],[[19.952781,49.959349],[19.953249,49.958672]],[[19.952774,49.959343],[19.953237,49.958672]],[[19.953315,49.958669],[19.952599,49.957886]],[[19.953304,49.95867],[19.952587,49.957886]],[[19.953276,49.958671],[19.952559,49.957887]],[[19.953249,49.958672],[19.952532,49.957888]],[[19.953237,49.958672],[19.95252,49.957888]],[[19.952599,49.957886],[19.954147,49.955775]],[[19.952587,49.957886],[19.954138,49.95577]],[[19.952559,49.957887],[19.954118,49.95576]],[[19.952532,49.957888],[19.954099,49.955751]],[[19.95252,49.957888],[19.95409,49.955746]],[[19.954147,49.955775],[19.954944,49.955351]],[[19.954138,49.95577],[19.95494,49.955345]],[[19.954118,49.95576],[19.954931,49.955329]],[[19.954099,49.955751],[19.954922,49.955313]],[[19.95409,49.955746],[19.954918,49.955307]],[[19.954944,49.955351],[19.956055,49.955338]],[[19.95494,49.955345],[19.956055,49.955331]],[[19.954931,49.955329],[19.956054,49.955315]],[[19.954922,49.955313],[19.956054,49.9553]],[[19.954918,49.955307],[19.956054,49.955293]]]}},{"type":"Feature","properties":{"variant":"A","kind":"extent"},"geometry":{"type":"MultiLineString","coordinates":[[[19.947686,49.956198],[19.948069,49.955893]],[[19.947678,49.956194],[19.948067,49.955884]],[[19.947659,49.956184],[19.948062,49.955863]],[[19.94764,49.956174],[19.948057,49.955842]],[[19.947632,49.95617],[19.948055,49.955833]],[[19.948069,49.955893],[19.950937,49.957129]],[[19.948067,49.955884],[19.950939,49.957122]],[[19.948062,49.955863],[19.950945,49.957105]],[[19.948057,49.955842],[19.95095,49.957089]],[[19.948055,49.955833],[19.950953,49.957082]],[[19.950937,49.957129],[19.951784,49.957046]],[[19.950939,49.957122],[19.951777,49.95704]],[[19.950945,49.957105],[19.951761,49.957026]],[[19.95095,49.957089],[19.951745,49.957011]],[[19.950953,49.957082],[19.951738,49.957005]],[[19.951784,49.957046],[19.952494,49.95615]],[[19.951777,49.95704],[19.952485,49.956147]],[[19.951761,49.957026],[19.952463,49.956139]],[[19.951745,49.957011],[19.952442,49.956132]],[[19.951738,49.957005],[19.952433,49.956129]],[[19.952494,49.95615],[19.953402,49.955065]],[[19.952485,49.956147],[19.953393,49.955063]],[[19.952463,49.956139],[19.95337,49.955057]],[[19.952442,49.956132],[19.953347,49.95505]],[[19.952433,49.956129],[19.953338,49.955048]],[[19.953402,49.955065],[19.953816,49.954186]],[[19.953393,49.955063],[19.953806,49.954184]],[[19.95337,49.955057],[19.953782,49.95418]],[[19.953347,49.95505],[19.953759,49.954175]],[[19.953338,49.955048],[19.953749,49.954173]]]}},{"type":"Feature","properties":{"variant":"A","kind":"extent"},"geometry":{"type":"MultiLineString","coordinates":[[[19.959103,49.936048],[19.959777,49.937292]],[[19.959113,49.936045],[19.959788,49.937291]],[[19.959136,49.93604],[19.959812,49.937288]],[[19.959159,49.936035],[19.959836,49.937285]],[[19.959169,49.936033],[19.959846,49.937284]],[[19.959777,49.937292],[19.959855,49.938743]],[[19.959788,49.937291],[19.959866,49.938743]],[[19.959812,49.937288],[19.95989,49.938745]],[[19.959836,49.937285],[19.959915,49.938746]],[[19.959846,49.937284],[19.959925,49.938747]],[[19.959855,49.938743],[19.959629,49.939434]],[[19.959866,49.938743],[19.959639,49.939436]],[[19.95989,49.938745],[19.959663,49.939438]],[[19.959915,49.938746],[19.959687,49.939441]],[[19.959925,49.938747],[19.959697,49.939442]],[[19.959629,49.939434],[19.959327,49.940831]],[[19.959639,49.939436],[19.959338,49.940832]],[[19.959663,49.939438],[19.959362,49.940833]],[[19.959687,49.939441],[19.959386,49.940835]],[[19.959697,49.939442],[19.959397,49.940835]],[[19.959327,49.940831],[19.959195,49.942457]],[[19.959338,49.940832],[19.959206,49.942457]],[[19.959362,49.940833],[19.95923,49.942458]],[[19.959386,49.940835],[19.959254,49.942459]],[[19.959397,49.940835],[19.959265,49.942459]]]}},{"type":"Feature","properties":{"variant":"A","kind":"extent"},"geometry":{"type":"MultiLineString","coordinates":[[[19.962668,49.938633],[19.960999,49.939014]],[[19.962672,49.938639],[19.96101,49.939019]],[[19.96268,49.938654],[19.961034,49.93903]],[[19.962688,49.938669],[19.961059,49.939041]],[[19.962691,49.938675],[19.961069,49.939046]],[[19.960999,49.939014],[19.961017,49.941087]],[[19.96101,49.939019],[19.961028,49.941093]],[[19.961034,49.93903],[19.961052,49.941106]],[[19.961059,49.939041],[19.961077,49.94112]],[[19.961069,49.939046],[19.961087,49.941126]],[[19.961017,49.941087],[19.959347,49.941237]],[[19.961028,49.941093],[19.959348,49.941244]],[[19.961052,49.941106],[19.959352,49.941259]],[[19.961077,49.94112],[19.959355,49.941275]],[[19.961087,49.941126],[19.959357,49.941282]]]}},{"type":"Feature","properties":{"variant":"A","kind":"extent"},"geometry":{"type":"MultiLineString","coordinates":[[[19.961069,49.939028],[19.960899,49.938126]],[[19.961058,49.939028],[19.960888,49.938126]],[[19.961034,49.93903],[19.960863,49.938124]],[[19.96101,49.939032],[19.960838,49.938123]],[[19.961,49.939033],[19.960828,49.938123]],[[19.960899,49.938126],[19.961659,49.936329]],[[19.960888,49.938126],[19.961649,49.936328]],[[19.960863,49.938124],[19.961624,49.936326]],[[19.960838,49.938123],[19.9616,49.936324]],[[19.960828,49.938123],[19.961589,49.936324]],[[19.961659,49.936329],[19.961594,49.935184]],[[19.961649,49.936328],[19.961584,49.935184]],[[19.961624,49.936326],[19.961559,49.935185]],[[19.9616,49.936324],[19.961535,49.935185]],[[19.961589,49.936324],[19.961525,49.935186]]]}},{"type":"Feature","properties":{"variant":"A","kind":"extent"},"geometry":{"type":"MultiLineString","coordinates":[[[19.958648,49.923455],[19.963137,49.924261]],[[19.958651,49.923448],[19.963145,49.924255]],[[19.958657,49.923433],[19.963164,49.924242]],[[19.958664,49.923418],[19.963184,49.924229]],[[19.958666,49.923411],[19.963192,49.924224]],[[19.963137,49.924261],[19.964456,49.927065]],[[19.963145,49.924255],[19.964466,49.927064]],[[19.963164,49.924242],[19.96449,49.92706]],[[19.963184,49.924229],[19.964514,49.927057]],[[19.963192,49.924224],[19.964524,49.927055]],[[19.964456,49.927065],[19.965154,49.929827]],[[19.964466,49.927064],[19.965165,49.929831]],[[19.96449,49.92706],[19.965192,49.92984]],[[19.964514,49.927057],[19.965219,49.929848]],[[19.964524,49.927055],[19.96523,49.929852]],[[19.965154,49.929827],[19.962992,49.93059]],[[19.965165,49.929831],[19.962997,49.930595]],[[19.965192,49.92984],[19.963009,49.930609]],[[19.965219,49.929848],[19.963021,49.930623]],[[19.96523,49.929852],[19.963026,49.930629]],[[19.962992,49.93059],[19.962489,49.930783]],[[19.962997,49.930595],[19.962494,49.930789]],[[19.963009,49.930609],[19.962505,49.930803]],[[19.963021,49.930623],[19.962516,49.930817]],[[19.963026,49.930629],[19.962521,49.930823]],[[19.962489,49.930783],[19.960518,49.931349]],[[19.962494,49.930789],[19.960529,49.931353]],[[19.962505,49.930803],[19.960556,49.931362]],[[19.962516,49.930817],[19.960582,49.931372]],[[19.962521,49.930823],[19.960594,49.931376]],[[19.960518,49.931349],[19.960576,49.93162]],[[19.960529,49.931353],[19.960585,49.931613]],[[19.960556,49.931362],[19.960606,49.931597]],[[19.960582,49.931372],[19.960627,49.931582]],[[19.960594,49.931376],[19.960637,49.931575]],[[19.960576,49.93162],[19.962919,49.931626]],[[19.960585,49.931613],[19.962919,49.93162]],[[19.960606,49.931597],[19.96292,49.931604]],[[19.960627,49.931582],[19.96292,49.931588]],[[19.960637,49.931575],[19.96292,49.931581]]]}},{"type":"Feature","properties":{"variant":"A","kind":"extent"},"geometry":{"type":"MultiLineString","coordinates":[[[19.960571,49.931596],[19.960499,49.932274]],[[19.960582,49.931596],[19.96051,49.932273]],[[19.960606,49.931597],[19.960534,49.93227]],[[19.96063,49.931598],[19.960559,49.932268]],[[19.960641,49.931599],[19.96057,49.932267]],[[19.960499,49.932274],[19.960844,49.932811]],[[19.96051,49.932273],[19.960853,49.932808]],[[19.960534,49.93227],[19.960876,49.932802]],[[19.960559,49.932268],[19.960898,49.932796]],[[19.96057,49.932267],[19.960908,49.932793]]]}},{"type":"Feature","properties":{"variant":"A","kind":"extent"},"geometry":{"type":"MultiLineString","coordinates":[[[19.955437,49.921391],[19.954588,49.920192]],[[19.955427,49.921393],[19.954578,49.920194]],[[19.955405,49.9214],[19.954554,49.920198]],[[19.955383,49.921406],[19.95453,49.920203]],[[19.955374,49.921409],[19.95452,49.920205]],[[19.954588,49.920192],[19.954417,49.919486]],[[19.954578,49.920194],[19.954407,49.919488]],[[19.954554,49.920198],[19.954384,49.919494]],[[19.95453,49.920203],[19.95436,49.9195]],[[19.95452,49.920205],[19.95435,49.919502]],[[19.954417,49.919486],[19.953508,49.918533]],[[19.954407,49.919488],[19.953499,49.918536]],[[19.954384,49.919494],[19.953478,49.918544]],[[19.95436,49.9195],[19.953457,49.918552]],[[19.95435,49.919502],[19.953448,49.918556]],[[19.953508,49.918533],[19.952633,49.917533]],[[19.953499,49.918536],[19.952624,49.917536]],[[19.953478,49.918544],[19.952603,49.917544]],[[19.953457,49.918552],[19.952581,49.917551]],[[19.953448,49.918556],[19.952572,49.917555]]]}},{"type":"Feature","properties":{"variant":"A","kind":"extent"},"geometry":{"type":"MultiLineString","coordinates":[[[19.953601,49.917182],[19.954265,49.918097]],[[19.953611,49.917179],[19.954274,49.918094]],[[19.953633,49.917172],[19.954296,49.918087]],[[19.953655,49.917165],[19.954318,49.91808]],[[19.953664,49.917163],[19.954327,49.918077]],[[19.954265,49.918097],[19.954743,49.918628]],[[19.954274,49.918094],[19.954749,49.918622]],[[19.954296,49.918087],[19.954765,49.918608]],[[19.954318,49.91808],[19.954781,49.918594]],[[19.954327,49.918077],[19.954788,49.918589]],[[19.954743,49.918628],[19.955287,49.918706]],[[19.954749,49.918622],[19.955289,49.9187]],[[19.954765,49.918608],[19.955294,49.918684]],[[19.954781,49.918594],[19.9553,49.918669]],[[19.954788,49.918589],[19.955302,49.918662]]]}},{"type":"Feature","properties":{"variant":"A","kind":"extent"},"geometry":{"type":"MultiLineString","coordinates":[[[19.95264,49.917543],[19.952486,49.916969]],[[19.952629,49.917544],[19.952476,49.916971]],[[19.952605,49.917547],[19.952453,49.916976]],[[19.952581,49.91755],[19.952429,49.916981]],[[19.952571,49.917551],[19.952419,49.916983]],[[19.952486,49.916969],[19.951964,49.916302]],[[19.952476,49.916971],[19.951955,49.916305]],[[19.952453,49.916976],[19.951934,49.916314]],[[19.952429,49.916981],[19.951914,49.916322]],[[19.952419,49.916983],[19.951905,49.916326]],[[19.951964,49.916302],[19.95066,49.915214]],[[19.951955,49.916305],[19.950651,49.915218]],[[19.951934,49.916314],[19.95063,49.915226]],[[19.951914,49.916322],[19.950609,49.915234]],[[19.951905,49.916326],[19.950601,49.915238]],[[19.95066,49.915214],[19.950283,49.914723]],[[19.950651,49.915218],[19.950273,49.914726]],[[19.95063,49.915226],[19.950251,49.914733]],[[19.950609,49.915234],[19.950229,49.914739]],[[19.950601,49.915238],[19.950219,49.914742]],[[19.950283,49.914723],[19.949831,49.914009]],[[19.950273,49.914726],[19.949822,49.914012]],[[19.950251,49.914733],[19.949802,49.914021]],[[19.950229,49.914739],[19.949781,49.91403]],[[19.950219,49.914742],[19.949772,49.914033]],[[19.949831,49.914009],[19.949407,49.913715]],[[19.949822,49.914012],[19.949399,49.91372]],[[19.949802,49.914021],[19.949382,49.91373]],[[19.949781,49.91403],[19.949364,49.913741]],[[19.949772,49.914033],[19.949356,49.913746]]]}},{"type":"Feature","properties":{"variant":"A","kind":"extent"},"geometry":{"type":"MultiLineString","coordinates":[[[19.953663,49.917161],[19.952913,49.916319]],[[19.953654,49.917164],[19.952904,49.916322]],[[19.953633,49.917172],[19.952883,49.91633]],[[19.953611,49.91718],[19.952861,49.916337]],[[19.953602,49.917183],[19.952852,49.916341]],[[19.952913,49.916319],[19.952425,49.915732]],[[19.952904,49.916322],[19.952416,49.915735]],[[19.952883,49.91633],[19.952393,49.915741]],[[19.952861,49.916337],[19.952371,49.915747]],[[19.952852,49.916341],[19.952361,49.91575]],[[19.952425,49.915732],[19.951998,49.914877]],[[19.952416,49.915735],[19.951989,49.91488]],[[19.952393,49.915741],[19.951967,49.914888]],[[19.952371,49.915747],[19.951945,49.914896]],[[19.952361,49.91575],[19.951936,49.9149]],[[19.951998,49.914877],[19.950749,49.913974]],[[19.951989,49.91488],[19.950741,49.913978]],[[19.951967,49.914888],[19.950721,49.913987]],[[19.951945,49.914896],[19.950701,49.913996]],[[19.951936,49.9149],[19.950692,49.914]],[[19.950749,49.913974],[19.950266,49.913403]],[[19.950741,49.913978],[19.950257,49.913406]],[[19.950721,49.913987],[19.950235,49.913413]],[[19.950701,49.913996],[19.950214,49.913421]],[[19.950692,49.914],[19.950205,49.913424]]]}},{"type":"Feature","properties":{"variant":"A","kind":"extent"},"geometry":{"type":"MultiLineString","coordinates":[[[19.950263,49.9134],[19.94956,49.912799]],[[19.950255,49.913404],[19.949551,49.912803]],[[19.950235,49.913413],[19.94953,49.912811]],[[19.950216,49.913423],[19.949509,49.912818]],[[19.950208,49.913427],[19.9495,49.912822]],[[19.94956,49.912799],[19.948962,49.91186]],[[19.949551,49.912803],[19.948953,49.911863]],[[19.94953,49.912811],[19.948931,49.911871]],[[19.949509,49.912818],[19.94891,49.911878]],[[19.9495,49.912822],[19.948901,49.911882]],[[19.948962,49.91186],[19.947133,49.910206]],[[19.948953,49.911863],[19.947125,49.91021]],[[19.948931,49.911871],[19.947105,49.910219]],[[19.94891,49.911878],[19.947085,49.910228]],[[19.948901,49.911882],[19.947076,49.910232]],[[19.947133,49.910206],[19.946175,49.909301]],[[19.947125,49.91021],[19.946166,49.909305]],[[19.947105,49.910219],[19.946146,49.909314]],[[19.947085,49.910228],[19.946126,49.909322]],[[19.947076,49.910232],[19.946118,49.909326]]]}},{"type":"Feature","properties":{"variant":"A","kind":"extent"},"geometry":{"type":"MultiLineString","coordinates":[[[19.945113,49.909664],[19.946663,49.911046]],[[19.945121,49.90966],[19.946672,49.911042]],[[19.945141,49.909651],[19.946691,49.911032]],[[19.945161,49.909641],[19.946711,49.911023]],[[19.945169,49.909638],[19.94672,49.911019]]]}},{"type":"Feature","properties":{"variant":"A","kind":"extent"},"geometry":{"type":"MultiLineString","coordinates":[[[19.943103,49.906239],[19.942134,49.905243]],[[19.943094,49.906242],[19.942123,49.905245]],[[19.943073,49.906251],[19.9421,49.90525]],[[19.943053,49.906259],[19.942076,49.905256]],[[19.943044,49.906263],[19.942066,49.905258]],[[19.942134,49.905243],[19.941988,49.904354]],[[19.942123,49.905245],[19.941978,49.904356]],[[19.9421,49.90525],[19.941954,49.904361]],[[19.942076,49.905256],[19.941931,49.904367]],[[19.942066,49.905258],[19.941921,49.904369]],[[19.941988,49.904354],[19.940705,49.903062]],[[19.941978,49.904356],[19.940695,49.903065]],[[19.941954,49.904361],[19.940673,49.903072]],[[19.941931,49.904367],[19.940651,49.903079]],[[19.941921,49.904369],[19.940642,49.903082]],[[19.940705,49.903062],[19.940057,49.901783]],[[19.940695,49.903065],[19.940047,49.901784]],[[19.940673,49.903072],[19.940023,49.901788]],[[19.940651,49.903079],[19.94,49.901791]],[[19.940642,49.903082],[19.939989,49.901793]],[[19.940057,49.901783],[19.939721,49.900226]],[[19.940047,49.901784],[19.939711,49.900227]],[[19.940023,49.901788],[19.939687,49.90023]],[[19.94,49.901791],[19.939663,49.900234]],[[19.939989,49.901793],[19.939653,49.900235]],[[19.939721,49.900226],[19.939163,49.898971]],[[19.939711,49.900227],[19.939153,49.898972]],[[19.939687,49.90023],[19.939128,49.898975]],[[19.939663,49.900234],[19.939104,49.898977]],[[19.939653,49.900235],[19.939094,49.898978]],[[19.939163,49.898971],[19.939094,49.897716]],[[19.939153,49.898972],[19.939084,49.897716]],[[19.939128,49.898975],[19.939059,49.897716]],[[19.939104,49.898977],[19.939035,49.897717]],[[19.939094,49.898978],[19.939024,49.897717]]]}},{"type":"Feature","properties":{"variant":"A","kind":"extent"},"geometry":{"type":"MultiLineString","coordinates":[[[19.942193,49.906597],[19.941282,49.905559]],[[19.942184,49.9066],[19.941273,49.905562]],[[19.942163,49.906608],[19.941252,49.90557]],[[19.942142,49.906616],[19.941231,49.905578]],[[19.942133,49.906619],[19.941222,49.905581]],[[19.941282,49.905559],[19.940547,49.904732]],[[19.941273,49.905562],[19.940538,49.904735]],[[19.941252,49.90557],[19.940516,49.904741]],[[19.941231,49.905578],[19.940493,49.904748]],[[19.941222,49.905581],[19.940484,49.904751]],[[19.940547,49.904732],[19.939595,49.902971]],[[19.940538,49.904735],[19.939585,49.902974]],[[19.940516,49.904741],[19.939562,49.902978]],[[19.940493,49.904748],[19.939539,49.902983]],[[19.940484,49.904751],[19.939529,49.902985]],[[19.939595,49.902971],[19.93876,49.901209]],[[19.939585,49.902974],[19.93875,49.901212]],[[19.939562,49.902978],[19.938727,49.901216]],[[19.939539,49.902983],[19.938704,49.901221]],[[19.939529,49.902985],[19.938694,49.901223]],[[19.93876,49.901209],[19.938243,49.900185]],[[19.93875,49.901212],[19.938233,49.900186]],[[19.938727,49.901216],[19.93821,49.900191]],[[19.938704,49.901221],[19.938186,49.900195]],[[19.938694,49.901223],[19.938176,49.900197]],[[19.938243,49.900185],[19.937854,49.899152]],[[19.938233,49.900186],[19.937844,49.899153]],[[19.93821,49.900191],[19.93782,49.899156]],[[19.938186,49.900195],[19.937796,49.899159]],[[19.938176,49.900197],[19.937785,49.89916]],[[19.937854,49.899152],[19.937585,49.897788]],[[19.937844,49.899153],[19.937575,49.897791]],[[19.93782,49.899156],[19.937552,49.8978]],[[19.937796,49.899159],[19.937529,49.897809]],[[19.937785,49.89916],[19.937519,49.897812]],[[19.937585,49.897788],[19.937134,49.897576]],[[19.937575,49.897791],[19.937128,49.897581]],[[19.937552,49.8978],[19.937114,49.897594]],[[19.937529,49.897809],[19.937099,49.897606]],[[19.937519,49.897812],[19.937093,49.897612]]]}},{"type":"Feature","properties":{"variant":"A","kind":"extent"},"geometry":{"type":"MultiLineString","coordinates":[[[19.937534,49.897785],[19.937954,49.897161]],[[19.937524,49.897783],[19.937944,49.897158]],[[19.937502,49.897777],[19.937922,49.897152]],[[19.93748,49.89777],[19.9379,49.897145]],[[19.93747,49.897768],[19.93789,49.897143]]]}},{"type":"Feature","properties":{"variant":"A","kind":"extent"},"geometry":{"type":"MultiLineString","coordinates":[[[19.938315,49.886713],[19.938266,49.886391]],[[19.938305,49.886713],[19.938255,49.886392]],[[19.93828,49.886715],[19.938231,49.886395]],[[19.938256,49.886716],[19.938207,49.886398]],[[19.938246,49.886717],[19.938197,49.8864]],[[19.938266,49.886391],[19.937692,49.885194]],[[19.938255,49.886392],[19.93768,49.885193]],[[19.938231,49.886395],[19.937653,49.88519]],[[19.938207,49.886398],[19.937627,49.885188]],[[19.938197,49.8864],[19.937615,49.885187]],[[19.937692,49.885194],[19.938618,49.8843]],[[19.93768,49.885193],[19.938608,49.884298]],[[19.937653,49.88519],[19.938583,49.884294]],[[19.937627,49.885188],[19.938558,49.884289]],[[19.937615,49.885187],[19.938547,49.884288]],[[19.938618,49.8843],[19.938386,49.882408]],[[19.938608,49.884298],[19.938376,49.882408]],[[19.938583,49.884294],[19.938351,49.882409]],[[19.938558,49.884289],[19.938327,49.882409]],[[19.938547,49.884288],[19.938317,49.882409]],[[19.938386,49.882408],[19.938568,49.880759]],[[19.938376,49.882408],[19.938558,49.880759]],[[19.938351,49.882409],[19.938533,49.880758]],[[19.938327,49.882409],[19.938509,49.880757]],[[19.938317,49.882409],[19.938498,49.880757]],[[19.938568,49.880759],[19.9386,49.879287]],[[19.938558,49.880759],[19.93859,49.879287]],[[19.938533,49.880758],[19.938565,49.879287]],[[19.938509,49.880757],[19.938541,49.879286]],[[19.938498,49.880757],[19.938531,49.879286]],[[19.9386,49.879287],[19.938722,49.877278]],[[19.93859,49.879287],[19.938712,49.877277]],[[19.938565,49.879287],[19.938688,49.877274]],[[19.938541,49.879286],[19.938664,49.87727]],[[19.938531,49.879286],[19.938653,49.877269]],[[19.938722,49.877278],[19.939487,49.87605]],[[19.938712,49.877277],[19.939477,49.876048]],[[19.938688,49.877274],[19.939453,49.876044]],[[19.938664,49.87727],[19.93943,49.87604]],[[19.938653,49.877269],[19.939419,49.876038]],[[19.939487,49.87605],[19.939843,49.874397]],[[19.939477,49.876048],[19.939831,49.8744]],[[19.939453,49.876044],[19.939805,49.874409]],[[19.93943,49.87604],[19.939778,49.874418]],[[19.939419,49.876038],[19.939767,49.874421]],[[19.939843,49.874397],[19.938454,49.873906]],[[19.939831,49.8744],[19.938442,49.873909]],[[19.939805,49.874409],[19.938416,49.873918]],[[19.939778,49.874418],[19.938389,49.873926]],[[19.939767,49.874421],[19.938378,49.87393]],[[19.938454,49.873906],[19.938602,49.873258]],[[19.938442,49.873909],[19.938593,49.873255]],[[19.938416,49.873918],[19.93857,49.873246]],[[19.938389,49.873926],[19.938547,49.873237]],[[19.938378,49.87393],[19.938538,49.873234]],[[19.938602,49.873258],[19.940594,49.872269]],[[19.938593,49.873255],[19.940585,49.872266]],[[19.93857,49.873246],[19.940563,49.872256]],[[19.938547,49.873237],[19.940542,49.872247]],[[19.938538,49.873234],[19.940532,49.872243]],[[19.940594,49.872269],[19.941027,49.871169]],[[19.940585,49.872266],[19.941017,49.871167]],[[19.940563,49.872256],[19.940994,49.871163]],[[19.940542,49.872247],[19.94097,49.871158]],[[19.940532,49.872243],[19.94096,49.871157]],[[19.941027,49.871169],[19.941581,49.869961]],[[19.941017,49.871167],[19.94157,49.869959]],[[19.940994,49.871163],[19.941546,49.869956]],[[19.94097,49.871158],[19.941523,49.869953]],[[19.94096,49.871157],[19.941512,49.869951]],[[19.941581,49.869961],[19.941773,49.869004]],[[19.94157,49.869959],[19.941763,49.869003]],[[19.941546,49.869956],[19.941739,49.869001]],[[19.941523,49.869953],[19.941715,49.868998]],[[19.941512,49.869951],[19.941705,49.868997]],[[19.941773,49.869004],[19.942007,49.868267]],[[19.941763,49.869003],[19.941997,49.868265]],[[19.941739,49.869001],[19.941973,49.86826]],[[19.941715,49.868998],[19.94195,49.868256]],[[19.941705,49.868997],[19.94194,49.868254]],[[19.942007,49.868267],[19.943045,49.866575]],[[19.941997,49.868265],[19.943035,49.866573]],[[19.941973,49.86826],[19.943012,49.866568]],[[19.94195,49.868256],[19.942989,49.866563]],[[19.94194,49.868254],[19.942979,49.866561]],[[19.943045,49.866575],[19.943528,49.865516]],[[19.943035,49.866573],[19.943518,49.865515]],[[19.943012,49.866568],[19.943494,49.865511]],[[19.942989,49.866563],[19.94347,49.865508]],[[19.942979,49.866561],[19.94346,49.865506]],[[19.943528,49.865516],[19.943759,49.864449]],[[19.943518,49.865515],[19.943748,49.86445]],[[19.943494,49.865511],[19.943723,49.864453]],[[19.94347,49.865508],[19.943697,49.864456]],[[19.94346,49.865506],[19.943687,49.864457]],[[19.943759,49.864449],[19.94332,49.863901]],[[19.943748,49.86445],[19.943311,49.863904]],[[19.943723,49.864453],[19.943289,49.863911]],[[19.943697,49.864456],[19.943268,49.863918]],[[19.943687,49.864457],[19.943258,49.863921]]]}},{"type":"Feature","properties":{"variant":"A","kind":"extent"},"geometry":{"type":"MultiLineString","coordinates":[[[19.940135,49.883763],[19.939607,49.883523]],[[19.940129,49.883768],[19.939596,49.883526]],[[19.940115,49.883781],[19.939571,49.883534]],[[19.9401,49.883794],[19.939545,49.883542]],[[19.940094,49.8838],[19.939534,49.883545]],[[19.939607,49.883523],[19.939839,49.881926]],[[19.939596,49.883526],[19.939828,49.881926]],[[19.939571,49.883534],[19.939804,49.881926]],[[19.939545,49.883542],[19.939779,49.881926]],[[19.939534,49.883545],[19.939769,49.881926]],[[19.939839,49.881926],[19.939654,49.880646]],[[19.939828,49.881926],[19.939644,49.880646]],[[19.939804,49.881926],[19.939619,49.880645]],[[19.939779,49.881926],[19.939595,49.880645]],[[19.939769,49.881926],[19.939584,49.880644]],[[19.939654,49.880646],[19.939957,49.879448]],[[19.939644,49.880646],[19.939947,49.879446]],[[19.939619,49.880645],[19.939923,49.879443]],[[19.939595,49.880645],[19.939899,49.87944]],[[19.939584,49.880644],[19.939889,49.879439]],[[19.939957,49.879448],[19.940492,49.877931]],[[19.939947,49.879446],[19.940481,49.877931]],[[19.939923,49.879443],[19.940457,49.877929]],[[19.939899,49.87944],[19.940432,49.877928]],[[19.939889,49.879439],[19.940422,49.877927]],[[19.940492,49.877931],[19.940339,49.876062]],[[19.940481,49.877931],[19.940328,49.876062]],[[19.940457,49.877929],[19.940303,49.876059]],[[19.940432,49.877928],[19.940279,49.876057]],[[19.940422,49.877927],[19.940268,49.876056]],[[19.940339,49.876062],[19.940671,49.87542]],[[19.940328,49.876062],[19.940662,49.875416]],[[19.940303,49.876059],[19.940641,49.875406]],[[19.940279,49.876057],[19.940621,49.875396]],[[19.940268,49.876056],[19.940612,49.875392]],[[19.940671,49.87542],[19.942065,49.874787]],[[19.940662,49.875416],[19.942063,49.87478]],[[19.940641,49.875406],[19.942058,49.874762]],[[19.940621,49.875396],[19.942054,49.874745]],[[19.940612,49.875392],[19.942052,49.874738]],[[19.942065,49.874787],[19.945637,49.875427]],[[19.942063,49.87478],[19.94564,49.875421]],[[19.942058,49.874762],[19.945646,49.875406]],[[19.942054,49.874745],[19.945653,49.87539]],[[19.942052,49.874738],[19.945656,49.875384]]]}},{"type":"Feature","properties":{"variant":"A","kind":"extent"},"geometry":{"type":"MultiLineString","coordinates":[[[19.945848,49.87495],[19.942632,49.874425]],[[19.945845,49.874957],[19.942627,49.874431]],[[19.945839,49.874972],[19.942613,49.874445]],[[19.945833,49.874987],[19.9426,49.874459]],[[19.945831,49.874994],[19.942594,49.874465]],[[19.942632,49.874425],[19.941173,49.873331]],[[19.942627,49.874431],[19.941162,49.873333]],[[19.942613,49.874445],[19.941136,49.873338]],[[19.9426,49.874459],[19.94111,49.873342]],[[19.942594,49.874465],[19.941099,49.873345]],[[19.941173,49.873331],[19.941444,49.872267]],[[19.941162,49.873333],[19.941433,49.872266]],[[19.941136,49.873338],[19.94141,49.872263]],[[19.94111,49.873342],[19.941386,49.872259]],[[19.941099,49.873345],[19.941376,49.872258]],[[19.941444,49.872267],[19.942261,49.870356]],[[19.941433,49.872266],[19.942252,49.870354]],[[19.94141,49.872263],[19.942228,49.870349]],[[19.941386,49.872259],[19.942205,49.870344]],[[19.941376,49.872258],[19.942195,49.870342]],[[19.942261,49.870356],[19.942731,49.869501]],[[19.942252,49.870354],[19.942721,49.869499]],[[19.942228,49.870349],[19.942698,49.869494]],[[19.942205,49.870344],[19.942675,49.869489]],[[19.942195,49.870342],[19.942665,49.869486]],[[19.942731,49.869501],[19.943095,49.868751]],[[19.942721,49.869499],[19.943085,49.86875]],[[19.942698,49.869494],[19.943061,49.868745]],[[19.942675,49.869489],[19.943038,49.86874]],[[19.942665,49.869486],[19.943028,49.868739]],[[19.943095,49.868751],[19.943378,49.868109]],[[19.943085,49.86875],[19.943368,49.868108]],[[19.943061,49.868745],[19.943344,49.868104]],[[19.943038,49.86874],[19.943321,49.868101]],[[19.943028,49.868739],[19.94331,49.8681]],[[19.943378,49.868109],[19.943708,49.866757]],[[19.943368,49.868108],[19.943698,49.866756]],[[19.943344,49.868104],[19.943674,49.866753]],[[19.943321,49.868101],[19.94365,49.866749]],[[19.94331,49.8681],[19.94364,49.866748]],[[19.943708,49.866757],[19.94401,49.866078]],[[19.943698,49.866756],[19.944004,49.866068]],[[19.943674,49.866753],[19.943989,49.866044]],[[19.94365,49.866749],[19.943974,49.866021]],[[19.94364,49.866748],[19.943968,49.86601]],[[19.94401,49.866078],[19.944197,49.866148]],[[19.944004,49.866068],[19.944202,49.866142]],[[19.943989,49.866044],[19.944214,49.866128]],[[19.943974,49.866021],[19.944227,49.866115]],[[19.943968,49.86601],[19.944232,49.866109]]]}},{"type":"Feature","properties":{"variant":"A","kind":"extent"},"geometry":{"type":"MultiLineString","coordinates":[[[19.945394,49.864185],[19.945468,49.863966]],[[19.945383,49.864183],[19.945457,49.863967]],[[19.94536,49.86418],[19.945432,49.863969]],[[19.945336,49.864176],[19.945406,49.863971]],[[19.945326,49.864175],[19.945395,49.863972]],[[19.945468,49.863966],[19.945262,49.863687]],[[19.945457,49.863967],[19.945251,49.863688]],[[19.945432,49.863969],[19.945226,49.86369]],[[19.945406,49.863971],[19.945201,49.863693]],[[19.945395,49.863972],[19.94519,49.863694]],[[19.945262,49.863687],[19.945412,49.862897]],[[19.945251,49.863688],[19.945402,49.862896]],[[19.945226,49.86369],[19.945378,49.862894]],[[19.945201,49.863693],[19.945354,49.862892]],[[19.94519,49.863694],[19.945343,49.862892]],[[19.945412,49.862897],[19.94573,49.860681]],[[19.945402,49.862896],[19.945719,49.86068]],[[19.945378,49.862894],[19.945695,49.860679]],[[19.945354,49.862892],[19.945671,49.860678]],[[19.945343,49.862892],[19.94566,49.860678]],[[19.94573,49.860681],[19.945802,49.859557]],[[19.945719,49.86068],[19.945792,49.859556]],[[19.945695,49.860679],[19.945767,49.859556]],[[19.945671,49.860678],[19.945743,49.859556]],[[19.94566,49.860678],[19.945732,49.859555]],[[19.945802,49.859557],[19.945821,49.858266]],[[19.945792,49.859556],[19.945811,49.858267]],[[19.945767,49.859556],[19.945786,49.858268]],[[19.945743,49.859556],[19.945762,49.858269]],[[19.945732,49.859555],[19.945752,49.85827]],[[19.945821,49.858266],[19.945548,49.857248]],[[19.945811,49.858267],[19.945537,49.857249]],[[19.945786,49.858268],[19.945513,49.857252]],[[19.945762,49.858269],[19.945489,49.857254]],[[19.945752,49.85827],[19.945479,49.857255]],[[19.945548,49.857248],[19.945355,49.856319]],[[19.945537,49.857249],[19.945344,49.85632]],[[19.945513,49.857252],[19.945321,49.856323]],[[19.945489,49.857254],[19.945297,49.856326]],[[19.945479,49.857255],[19.945286,49.856328]],[[19.945355,49.856319],[19.944886,49.855263]],[[19.945344,49.85632],[19.944876,49.855264]],[[19.945321,49.856323],[19.944853,49.855269]],[[19.945297,49.856326],[19.94483,49.855273]],[[19.945286,49.856328],[19.94482,49.855275]],[[19.944886,49.855263],[19.944417,49.854235]],[[19.944876,49.855264],[19.944407,49.854237]],[[19.944853,49.855269],[19.944385,49.854243]],[[19.94483,49.855273],[19.944362,49.854248]],[[19.94482,49.855275],[19.944352,49.85425]],[[19.944417,49.854235],[19.943824,49.853307]],[[19.944407,49.854237],[19.943815,49.85331]],[[19.944385,49.854243],[19.943792,49.853316]],[[19.944362,49.854248],[19.94377,49.853322]],[[19.944352,49.85425],[19.943761,49.853325]],[[19.943824,49.853307],[19.943244,49.852498]],[[19.943815,49.85331],[19.943234,49.852501]],[[19.943792,49.853316],[19.943212,49.852507]],[[19.94377,49.853322],[19.943189,49.852513]],[[19.943761,49.853325],[19.943179,49.852515]],[[19.943244,49.852498],[19.943046,49.852137]],[[19.943234,49.852501],[19.943036,49.852139]],[[19.943212,49.852507],[19.943013,49.852144]],[[19.943189,49.852513],[19.94299,49.852149]],[[19.943179,49.852515],[19.942981,49.852152]]]}},{"type":"Feature","properties":{"variant":"A","kind":"extent"},"geometry":{"type":"MultiLineString","coordinates":[[[19.943323,49.863915],[19.943377,49.863719]],[[19.943313,49.863914],[19.943368,49.863714]],[[19.943289,49.863911],[19.943346,49.863703]],[[19.943265,49.863908],[19.943325,49.863692]],[[19.943255,49.863907],[19.943315,49.863687]],[[19.943377,49.863719],[19.94406,49.86353]],[[19.943368,49.863714],[19.944051,49.863525]],[[19.943346,49.863703],[19.94403,49.863514]],[[19.943325,49.863692],[19.944008,49.863503]],[[19.943315,49.863687],[19.943999,49.863498]],[[19.94406,49.86353],[19.944281,49.862791]],[[19.944051,49.863525],[19.944271,49.86279]],[[19.94403,49.863514],[19.944247,49.862787]],[[19.944008,49.863503],[19.944223,49.862783]],[[19.943999,49.863498],[19.944213,49.862782]],[[19.944281,49.862791],[19.944599,49.861891]],[[19.944271,49.86279],[19.944589,49.86189]],[[19.944247,49.862787],[19.944565,49.861886]],[[19.944223,49.862783],[19.944541,49.861883]],[[19.944213,49.862782],[19.944531,49.861881]],[[19.944599,49.861891],[19.94495,49.860811]],[[19.944589,49.86189],[19.94494,49.86081]],[[19.944565,49.861886],[19.944916,49.860808]],[[19.944541,49.861883],[19.944892,49.860805]],[[19.944531,49.861881],[19.944881,49.860805]],[[19.94495,49.860811],[19.945019,49.860097]],[[19.94494,49.86081],[19.945008,49.860097]],[[19.944916,49.860808],[19.944984,49.860096]],[[19.944892,49.860805],[19.94496,49.860095]],[[19.944881,49.860805],[19.944949,49.860095]],[[19.945019,49.860097],[19.945079,49.859033]],[[19.945008,49.860097],[19.945068,49.859033]],[[19.944984,49.860096],[19.945044,49.859034]],[[19.94496,49.860095],[19.945019,49.859035]],[[19.944949,49.860095],[19.945009,49.859035]],[[19.945079,49.859033],[19.944836,49.857734]],[[19.945068,49.859033],[19.944826,49.857734]],[[19.945044,49.859034],[19.944802,49.857737]],[[19.945019,49.859035],[19.944778,49.857739]],[[19.945009,49.859035],[19.944767,49.85774]],[[19.944836,49.857734],[19.944565,49.856569]],[[19.944826,49.857734],[19.944555,49.85657]],[[19.944802,49.857737],[19.944531,49.856573]],[[19.944778,49.857739],[19.944507,49.856577]],[[19.944767,49.85774],[19.944497,49.856578]],[[19.944565,49.856569],[19.943878,49.854997]],[[19.944555,49.85657],[19.943869,49.854999]],[[19.944531,49.856573],[19.943845,49.855004]],[[19.944507,49.856577],[19.943822,49.855009]],[[19.944497,49.856578],[19.943813,49.855011]],[[19.943878,49.854997],[19.94317,49.853856]],[[19.943869,49.854999],[19.94316,49.853859]],[[19.943845,49.855004],[19.943138,49.853866]],[[19.943822,49.855009],[19.943116,49.853873]],[[19.943813,49.855011],[19.943107,49.853876]],[[19.94317,49.853856],[19.942082,49.85269]],[[19.94316,49.853859],[19.942073,49.852693]],[[19.943138,49.853866],[19.942052,49.852701]],[[19.943116,49.853873],[19.942031,49.85271]],[[19.943107,49.853876],[19.942022,49.852713]]]}},{"type":"Feature","properties":{"variant":"A","kind":"extent"},"geometry":{"type":"MultiLineString","coordinates":[[[19.927191,49.844091],[19.926798,49.843905]],[[19.927185,49.844097],[19.926788,49.843909]],[[19.92717,49.844109],[19.926765,49.843918]],[[19.927156,49.844122],[19.926743,49.843927]],[[19.92715,49.844127],[19.926733,49.843931]],[[19.926798,49.843905],[19.926797,49.843904]],[[19.926788,49.843909],[19.926788,49.843908]],[[19.926765,49.843918],[19.926765,49.843918]],[[19.926743,49.843927],[19.926743,49.843928]],[[19.926733,49.843931],[19.926733,49.843932]],[[19.926797,49.843904],[19.926069,49.843619]],[[19.926788,49.843908],[19.926063,49.843625]],[[19.926765,49.843918],[19.926049,49.843638]],[[19.926743,49.843928],[19.926035,49.843651]],[[19.926733,49.843932],[19.926029,49.843657]],[[19.926069,49.843619],[19.924542,49.842844]],[[19.926063,49.843625],[19.924535,49.84285]],[[19.926049,49.843638],[19.92452,49.842862]],[[19.926035,49.843651],[19.924504,49.842874]],[[19.926029,49.843657],[19.924498,49.842879]],[[19.924542,49.842844],[19.923325,49.842189]],[[19.924535,49.84285],[19.923318,49.842194]],[[19.92452,49.842862],[19.923303,49.842207]],[[19.924504,49.842874],[19.923288,49.842219]],[[19.924498,49.842879],[19.923281,49.842224]],[[19.923325,49.842189],[19.921912,49.841498]],[[19.923318,49.842194],[19.921905,49.841504]],[[19.923303,49.842207],[19.921891,49.841516]],[[19.923288,49.842219],[19.921876,49.841529]],[[19.923281,49.842224],[19.921869,49.841534]],[[19.921912,49.841498],[19.920468,49.840776]],[[19.921905,49.841504],[19.920461,49.840781]],[[19.921891,49.841516],[19.920445,49.840793]],[[19.921876,49.841529],[19.920429,49.840805]],[[19.921869,49.841534],[19.920422,49.84081]],[[19.920468,49.840776],[19.919421,49.8401]],[[19.920461,49.840781],[19.919413,49.840105]],[[19.920445,49.840793],[19.919396,49.840116]],[[19.920429,49.840805],[19.919378,49.840126]],[[19.920422,49.84081],[19.91937,49.840131]],[[19.919421,49.8401],[19.918201,49.839208]],[[19.919413,49.840105],[19.918194,49.839212]],[[19.919396,49.840116],[19.918176,49.839223]],[[19.919378,49.840126],[19.918158,49.839234]],[[19.91937,49.840131],[19.91815,49.839238]],[[19.918201,49.839208],[19.916826,49.838265]],[[19.918194,49.839212],[19.916818,49.83827]],[[19.918176,49.839223],[19.916799,49.838279]],[[19.918158,49.839234],[19.916779,49.838289]],[[19.91815,49.839238],[19.916771,49.838293]],[[19.916826,49.838265],[19.916164,49.837602]],[[19.916818,49.83827],[19.916155,49.837605]],[[19.916799,49.838279],[19.916134,49.837613]],[[19.916779,49.838289],[19.916113,49.83762]],[[19.916771,49.838293],[19.916104,49.837624]],[[19.916164,49.837602],[19.915663,49.836936]],[[19.916155,49.837605],[19.915654,49.836939]],[[19.916134,49.837613],[19.915632,49.836946]],[[19.916113,49.83762],[19.915611,49.836954]],[[19.916104,49.837624],[19.915602,49.836957]],[[19.915663,49.836936],[19.91488,49.836045]],[[19.915654,49.836939],[19.914871,49.836048]],[[19.915632,49.836946],[19.91485,49.836056]],[[19.915611,49.836954],[19.914829,49.836064]],[[19.915602,49.836957],[19.91482,49.836067]],[[19.91488,49.836045],[19.914069,49.835139]],[[19.914871,49.836048],[19.914059,49.835142]],[[19.91485,49.836056],[19.914037,49.835149]],[[19.914829,49.836064],[19.914015,49.835156]],[[19.91482,49.836067],[19.914005,49.835158]],[[19.914069,49.835139],[19.913426,49.834021]],[[19.914059,49.835142],[19.913416,49.834024]],[[19.914037,49.835149],[19.913393,49.834029]],[[19.914015,49.835156],[19.91337,49.834034]],[[19.914005,49.835158],[19.91336,49.834036]],[[19.913426,49.834021],[19.913065,49.833238]],[[19.913416,49.834024],[19.913055,49.83324]],[[19.913393,49.834029],[19.913032,49.833245]],[[19.91337,49.834034],[19.913009,49.833249]],[[19.91336,49.834036],[19.912999,49.833251]],[[19.913065,49.833238],[19.912673,49.832494]],[[19.913055,49.83324],[19.912663,49.832495]],[[19.913032,49.833245],[19.91264,49.8325]],[[19.913009,49.833249],[19.912616,49.832504]],[[19.912999,49.833251],[19.912606,49.832506]],[[19.912673,49.832494],[19.91241,49.831743]],[[19.912663,49.832495],[19.912399,49.831744]],[[19.91264,49.8325],[19.912376,49.831748]],[[19.912616,49.832504],[19.912352,49.831751]],[[19.912606,49.832506],[19.912342,49.831753]]]}},{"type":"Feature","properties":{"variant":"A","kind":"extent"},"geometry":{"type":"MultiLineString","coordinates":[[[19.9279,49.843602],[19.927541,49.843448]],[[19.927894,49.843608],[19.927535,49.843453]],[[19.927881,49.843621],[19.927522,49.843467]],[[19.927867,49.843634],[19.927508,49.84348]],[[19.927862,49.84364],[19.927503,49.843485]],[[19.927541,49.843448],[19.926678,49.84308]],[[19.927535,49.843453],[19.926672,49.843086]],[[19.927522,49.843467],[19.926659,49.843099]],[[19.927508,49.84348],[19.926646,49.843113]],[[19.927503,49.843485],[19.92664,49.843118]],[[19.926678,49.84308],[19.925116,49.842463]],[[19.926672,49.843086],[19.92511,49.842469]],[[19.926659,49.843099],[19.925096,49.842482]],[[19.926646,49.843113],[19.925082,49.842494]],[[19.92664,49.843118],[19.925076,49.8425]],[[19.925116,49.842463],[19.923886,49.841824]],[[19.92511,49.842469],[19.923879,49.841829]],[[19.925096,49.842482],[19.923864,49.841842]],[[19.925082,49.842494],[19.923848,49.841854]],[[19.925076,49.8425],[19.923842,49.841859]],[[19.923886,49.841824],[19.922647,49.841149]],[[19.923879,49.841829],[19.92264,49.841154]],[[19.923864,49.841842],[19.922624,49.841166]],[[19.923848,49.841854],[19.922608,49.841177]],[[19.923842,49.841859],[19.922601,49.841182]],[[19.922647,49.841149],[19.921444,49.840381]],[[19.92264,49.841154],[19.921436,49.840386]],[[19.922624,49.841166],[19.921419,49.840397]],[[19.922608,49.841177],[19.921402,49.840408]],[[19.922601,49.841182],[19.921394,49.840413]],[[19.921444,49.840381],[19.920285,49.839586]],[[19.921436,49.840386],[19.920278,49.839591]],[[19.921419,49.840397],[19.920261,49.839602]],[[19.921402,49.840408],[19.920243,49.839613]],[[19.921394,49.840413],[19.920236,49.839618]],[[19.920285,49.839586],[19.919158,49.838902]],[[19.920278,49.839591],[19.91915,49.838907]],[[19.920261,49.839602],[19.919132,49.838917]],[[19.920243,49.839613],[19.919114,49.838928]],[[19.920236,49.839618],[19.919107,49.838932]],[[19.919158,49.838902],[19.918257,49.838159]],[[19.91915,49.838907],[19.918248,49.838163]],[[19.919132,49.838917],[19.918228,49.838172]],[[19.919114,49.838928],[19.918208,49.838181]],[[19.919107,49.838932],[19.918199,49.838185]],[[19.918257,49.838159],[19.91746,49.83733]],[[19.918248,49.838163],[19.917452,49.837334]],[[19.918228,49.838172],[19.917432,49.837343]],[[19.918208,49.838181],[19.917412,49.837353]],[[19.918199,49.838185],[19.917404,49.837357]],[[19.91746,49.83733],[19.916361,49.836492]],[[19.917452,49.837334],[19.916353,49.836496]],[[19.917432,49.837343],[19.916333,49.836506]],[[19.917412,49.837353],[19.916313,49.836515]],[[19.917404,49.837357],[19.916304,49.836519]],[[19.916361,49.836492],[19.915702,49.835772]],[[19.916353,49.836496],[19.915692,49.835775]],[[19.916333,49.836506],[19.915671,49.835782]],[[19.916313,49.836515],[19.915649,49.835789]],[[19.916304,49.836519],[19.915639,49.835792]],[[19.915702,49.835772],[19.915111,49.834847]],[[19.915692,49.835775],[19.915101,49.83485]],[[19.915671,49.835782],[19.915079,49.834857]],[[19.915649,49.835789],[19.915057,49.834864]],[[19.915639,49.835792],[19.915048,49.834867]],[[19.915111,49.834847],[19.914468,49.834111]],[[19.915101,49.83485],[19.914458,49.834113]],[[19.915079,49.834857],[19.914435,49.834119]],[[19.915057,49.834864],[19.914413,49.834125]],[[19.915048,49.834867],[19.914403,49.834127]],[[19.914468,49.834111],[19.914188,49.83337]],[[19.914458,49.834113],[19.914178,49.833372]],[[19.914435,49.834119],[19.914155,49.833377]],[[19.914413,49.834125],[19.914132,49.833381]],[[19.914403,49.834127],[19.914122,49.833383]],[[19.914188,49.83337],[19.91369,49.832463]],[[19.914178,49.833372],[19.91368,49.832465]],[[19.914155,49.833377],[19.913657,49.83247]],[[19.914132,49.833381],[19.913633,49.832475]],[[19.914122,49.833383],[19.913623,49.832477]],[[19.91369,49.832463],[19.913478,49.831933]],[[19.91368,49.832465],[19.913468,49.831934]],[[19.913657,49.83247],[19.913444,49.831938]],[[19.913633,49.832475],[19.913421,49.831942]],[[19.913623,49.832477],[19.913411,49.831944]]]}},{"type":"Feature","properties":{"variant":"A","kind":"extent"},"geometry":{"type":"MultiLineString","coordinates":[[[19.913533,49.831609],[19.912882,49.830504]],[[19.913523,49.831611],[19.912871,49.830505]],[[19.9135,49.831617],[19.912847,49.830508]],[[19.913477,49.831622],[19.912822,49.830511]],[[19.913468,49.831625],[19.912812,49.830512]],[[19.912882,49.830504],[19.912903,49.830185]],[[19.912871,49.830505],[19.912893,49.830184]],[[19.912847,49.830508],[19.912869,49.830183]],[[19.912822,49.830511],[19.912844,49.830182]],[[19.912812,49.830512],[19.912834,49.830181]],[[19.912903,49.830185],[19.913049,49.829238]],[[19.912893,49.830184],[19.913039,49.829237]],[[19.912869,49.830183],[19.913015,49.829236]],[[19.912844,49.830182],[19.91299,49.829234]],[[19.912834,49.830181],[19.91298,49.829233]]]}},{"type":"Feature","properties":{"variant":"A","kind":"extent"},"geometry":{"type":"MultiLineString","coordinates":[[[19.911856,49.831317],[19.912242,49.830539]],[[19.911846,49.831315],[19.912231,49.83054]],[[19.911823,49.83131],[19.912205,49.83054]],[[19.911799,49.831305],[19.912179,49.830541]],[[19.91179,49.831303],[19.912168,49.830541]],[[19.912242,49.830539],[19.911754,49.829785]],[[19.912231,49.83054],[19.911744,49.829788]],[[19.912205,49.83054],[19.911722,49.829794]],[[19.912179,49.830541],[19.911701,49.829801]],[[19.912168,49.830541],[19.911691,49.829804]],[[19.911754,49.829785],[19.911598,49.829607]],[[19.911744,49.829788],[19.911588,49.82961]],[[19.911722,49.829794],[19.911567,49.829618]],[[19.911701,49.829801],[19.911546,49.829626]],[[19.911691,49.829804],[19.911537,49.829629]]]}},{"type":"Feature","properties":{"variant":"A","kind":"extent"},"geometry":{"type":"MultiLineString","coordinates":[[[19.8778,49.9069],[19.877786,49.907493]],[[19.87781,49.9069],[19.877797,49.907494]],[[19.877849,49.9069],[19.877835,49.907495]],[[19.877887,49.9069],[19.877873,49.907497]],[[19.877897,49.9069],[19.877884,49.907498]],[[19.877786,49.907493],[19.877526,49.908796]],[[19.877797,49.907494],[19.877537,49.908794]],[[19.877835,49.907495],[19.877577,49.908787]],[[19.877873,49.907497],[19.877617,49.90878]],[[19.877884,49.907498],[19.877628,49.908778]],[[19.877526,49.908796],[19.878153,49.909297]],[[19.877537,49.908794],[19.878161,49.909292]],[[19.877577,49.908787],[19.87819,49.909277]],[[19.877617,49.90878],[19.87822,49.909261]],[[19.877628,49.908778],[19.878228,49.909257]]]}},{"type":"Feature","properties":{"variant":"A","kind":"extent"},"geometry":{"type":"MultiLineString","coordinates":[[[19.911652,49.910974],[19.912294,49.910475]],[[19.911644,49.91097],[19.912283,49.910473]],[[19.911614,49.910954],[19.912244,49.910464]],[[19.911585,49.910938],[19.912205,49.910456]],[[19.911577,49.910934],[19.912194,49.910454]],[[19.912294,49.910475],[19.912217,49.909668]],[[19.912283,49.910473],[19.912206,49.909663]],[[19.912244,49.910464],[19.912166,49.909644]],[[19.912205,49.910456],[19.912126,49.909626]],[[19.912194,49.910454],[19.912115,49.909621]],[[19.912217,49.909668],[19.913488,49.909435]],[[19.912206,49.909663],[19.913482,49.909429]],[[19.912166,49.909644],[19.91346,49.909408]],[[19.912126,49.909626],[19.913438,49.909386]],[[19.912115,49.909621],[19.913432,49.90938]],[[19.913488,49.909435],[19.913923,49.909093]],[[19.913482,49.909429],[19.913915,49.909088]],[[19.91346,49.909408],[19.913886,49.909073]],[[19.913438,49.909386],[19.913856,49.909057]],[[19.913432,49.90938],[19.913848,49.909053]]]}},{"type":"Feature","properties":{"variant":"A","kind":"extent"},"geometry":{"type":"MultiLineString","coordinates":[[[19.929222,49.907664],[19.929502,49.908265]],[[19.929232,49.907662],[19.929512,49.908263]],[[19.929268,49.907655],[19.92955,49.908258]],[[19.929305,49.907648],[19.929587,49.908253]],[[19.929315,49.907646],[19.929597,49.908252]],[[19.929502,49.908265],[19.929737,49.909453]],[[19.929512,49.908263],[19.929747,49.90945]],[[19.92955,49.908258],[19.929783,49.90944]],[[19.929587,49.908253],[19.92982,49.90943]],[[19.929597,49.908252],[19.92983,49.909428]],[[19.929737,49.909453],[19.930777,49.910304]],[[19.929747,49.90945],[19.930787,49.910301]],[[19.929783,49.90944],[19.930823,49.91029]],[[19.92982,49.90943],[19.930858,49.91028]],[[19.92983,49.909428],[19.930868,49.910277]],[[19.930777,49.910304],[19.930847,49.910546]],[[19.930787,49.910301],[19.930858,49.910545]],[[19.930823,49.91029],[19.930895,49.91054]],[[19.930858,49.91028],[19.930933,49.910536]],[[19.930868,49.910277],[19.930943,49.910534]]]}},{"type":"Feature","properties":{"variant":"A","kind":"extent"},"geometry":{"type":"MultiLineString","coordinates":[[[19.929836,49.909454],[19.927697,49.90951]],[[19.929836,49.909461],[19.927697,49.909517]],[[19.929838,49.909485],[19.927698,49.909542]],[[19.92984,49.90951],[19.927698,49.909566]],[[19.92984,49.909517],[19.927698,49.909573]],[[19.927697,49.90951],[19.925192,49.909487]],[[19.927697,49.909517],[19.925193,49.909494]],[[19.927698,49.909542],[19.925196,49.909519]],[[19.927698,49.909566],[19.9252,49.909543]],[[19.927698,49.909573],[19.9252,49.90955]],[[19.925192,49.909487],[19.922062,49.909856]],[[19.925193,49.909494],[19.922067,49.909862]],[[19.925196,49.909519],[19.922085,49.909885]],[[19.9252,49.909543],[19.922103,49.909908]],[[19.9252,49.90955],[19.922108,49.909914]],[[19.922062,49.909856],[19.921649,49.910105]],[[19.922067,49.909862],[19.921656,49.91011]],[[19.922085,49.909885],[19.921682,49.910128]],[[19.922103,49.909908],[19.921708,49.910146]],[[19.922108,49.909914],[19.921715,49.910151]]]}},{"type":"Feature","properties":{"variant":"A","kind":"extent"},"geometry":{"type":"MultiLineString","coordinates":[[[19.87005,49.907014],[19.869954,49.907318]],[[19.87006,49.907015],[19.869967,49.907312]],[[19.870084,49.907018],[19.869996,49.907296]],[[19.870108,49.907021],[19.870026,49.907281]],[[19.870118,49.907023],[19.870039,49.907275]],[[19.869954,49.907318],[19.871829,49.907349]],[[19.869967,49.907312],[19.871829,49.907343]],[[19.869996,49.907296],[19.871831,49.907327]],[[19.870026,49.907281],[19.871832,49.907311]],[[19.870039,49.907275],[19.871832,49.907305]],[[19.871829,49.907349],[19.873735,49.907449]],[[19.871829,49.907343],[19.873737,49.907442]],[[19.871831,49.907327],[19.873741,49.907427]],[[19.871832,49.907311],[19.873746,49.907411]],[[19.871832,49.907305],[19.873747,49.907404]],[[19.873735,49.907449],[19.875278,49.907712]],[[19.873737,49.907442],[19.875279,49.907705]],[[19.873741,49.907427],[19.875282,49.90769]],[[19.873746,49.907411],[19.875285,49.907674]],[[19.873747,49.907404],[19.875286,49.907667]],[[19.875278,49.907712],[19.87683,49.907701]],[[19.875279,49.907705],[19.876831,49.907694]],[[19.875282,49.90769],[19.876834,49.907678]],[[19.875285,49.907674],[19.876836,49.907663]],[[19.875286,49.907667],[19.876837,49.907656]],[[19.87683,49.907701],[19.877766,49.907827]],[[19.876831,49.907694],[19.877768,49.90782]],[[19.876834,49.907678],[19.877773,49.907805]],[[19.876836,49.907663],[19.877778,49.907789]],[[19.876837,49.907656],[19.877781,49.907783]]]}},{"type":"Feature","properties":{"variant":"A","kind":"extent"},"geometry":{"type":"MultiLineString","coordinates":[[[19.877513,49.908778],[19.877396,49.908852]],[[19.87752,49.908783],[19.877399,49.908859]],[[19.877537,49.908794],[19.877408,49.908876]],[[19.877554,49.908806],[19.877416,49.908892]],[[19.877562,49.90881],[19.877419,49.908899]],[[19.877396,49.908852],[19.87642,49.908758]],[[19.877399,49.908859],[19.876417,49.908765]],[[19.877408,49.908876],[19.87641,49.90878]],[[19.877416,49.908892],[19.876403,49.908795]],[[19.877419,49.908899],[19.8764,49.908802]],[[19.87642,49.908758],[19.874658,49.908244]],[[19.876417,49.908765],[19.874657,49.908251]],[[19.87641,49.90878],[19.874653,49.908267]],[[19.876403,49.908795],[19.874649,49.908283]],[[19.8764,49.908802],[19.874647,49.90829]],[[19.874658,49.908244],[19.873806,49.9083]],[[19.874657,49.908251],[19.873806,49.908307]],[[19.874653,49.908267],[19.873806,49.908323]],[[19.874649,49.908283],[19.873806,49.908338]],[[19.874647,49.90829],[19.873806,49.908345]],[[19.873806,49.9083],[19.87162,49.908123]],[[19.873806,49.908307],[19.87162,49.90813]],[[19.873806,49.908323],[19.871619,49.908145]],[[19.873806,49.908338],[19.871619,49.908161]],[[19.873806,49.908345],[19.871618,49.908168]],[[19.87162,49.908123],[19.870635,49.908167]],[[19.87162,49.90813],[19.870636,49.908173]],[[19.871619,49.908145],[19.870638,49.908189]],[[19.871619,49.908161],[19.870639,49.908205]],[[19.871618,49.908168],[19.87064,49.908211]]]}},{"type":"Feature","properties":{"variant":"A","kind":"extent"},"geometry":{"type":"MultiLineString","coordinates":[[[19.877762,49.907826],[19.878843,49.908059]],[[19.877766,49.90782],[19.878844,49.908052]],[[19.877773,49.907805],[19.878846,49.908036]],[[19.877781,49.90779],[19.878848,49.90802]],[[19.877784,49.907784],[19.878849,49.908013]],[[19.878843,49.908059],[19.879962,49.90796]],[[19.878844,49.908052],[19.879962,49.907953]],[[19.878846,49.908036],[19.879962,49.907938]],[[19.878848,49.90802],[19.879962,49.907922]],[[19.878849,49.908013],[19.879962,49.907915]],[[19.879962,49.90796],[19.885981,49.908448]],[[19.879962,49.907953],[19.885984,49.908441]],[[19.879962,49.907938],[19.885991,49.908426]],[[19.879962,49.907922],[19.885999,49.908411]],[[19.879962,49.907915],[19.886002,49.908404]],[[19.885981,49.908448],[19.886906,49.908751]],[[19.885984,49.908441],[19.886908,49.908744]],[[19.885991,49.908426],[19.886913,49.908728]],[[19.885999,49.908411],[19.886918,49.908712]],[[19.886002,49.908404],[19.88692,49.908705]],[[19.886906,49.908751],[19.88879,49.908683]],[[19.886908,49.908744],[19.88879,49.908676]],[[19.886913,49.908728],[19.888791,49.90866]],[[19.886918,49.908712],[19.888792,49.908645]],[[19.88692,49.908705],[19.888792,49.908638]],[[19.88879,49.908683],[19.894668,49.909119]],[[19.88879,49.908676],[19.89467,49.909112]],[[19.888791,49.90866],[19.894675,49.909097]],[[19.888792,49.908645],[19.894679,49.909081]],[[19.888792,49.908638],[19.894681,49.909075]],[[19.894668,49.909119],[19.896392,49.909438]],[[19.89467,49.909112],[19.896394,49.909432]],[[19.894675,49.909097],[19.896399,49.909416]],[[19.894679,49.909081],[19.896404,49.909401]],[[19.894681,49.909075],[19.896406,49.909394]],[[19.896392,49.909438],[19.899014,49.909627]],[[19.896394,49.909432],[19.899015,49.90962]],[[19.896399,49.909416],[19.899017,49.909604]],[[19.896404,49.909401],[19.899019,49.909589]],[[19.896406,49.909394],[19.89902,49.909582]],[[19.899014,49.909627],[19.903748,49.909835]],[[19.899015,49.90962],[19.903748,49.909828]],[[19.899017,49.909604],[19.903748,49.909812]],[[19.899019,49.909589],[19.903748,49.909797]],[[19.89902,49.909582],[19.903748,49.90979]],[[19.903748,49.909835],[19.905356,49.909775]],[[19.903748,49.909828],[19.905357,49.909768]],[[19.903748,49.909812],[19.905358,49.909752]],[[19.903748,49.909797],[19.90536,49.909737]],[[19.903748,49.90979],[19.90536,49.90973]],[[19.905356,49.909775],[19.906351,49.909892]],[[19.905357,49.909768],[19.906351,49.909885]],[[19.905358,49.909752],[19.906352,49.909869]],[[19.90536,49.909737],[19.906353,49.909854]],[[19.90536,49.90973],[19.906353,49.909847]],[[19.906351,49.909892],[19.907777,49.909782]],[[19.906351,49.909885],[19.907776,49.909775]],[[19.906352,49.909869],[19.907773,49.909759]],[[19.906353,49.909854],[19.907771,49.909744]],[[19.906353,49.909847],[19.90777,49.909737]],[[19.907777,49.909782],[19.911111,49.909632]],[[19.907776,49.909775],[19.911111,49.909625]],[[19.907773,49.909759],[19.91111,49.90961]],[[19.907771,49.909744],[19.91111,49.909594]],[[19.90777,49.909737],[19.91111,49.909587]],[[19.911111,49.909632],[19.912165,49.909667]],[[19.911111,49.909625],[19.912165,49.90966]],[[19.91111,49.90961],[19.912166,49.909644]],[[19.91111,49.909594],[19.912168,49.909628]],[[19.91111,49.909587],[19.912168,49.909622]]]}},{"type":"Feature","properties":{"variant":"A","kind":"extent"},"geometry":{"type":"MultiLineString","coordinates":[[[19.877806,49.908975],[19.878649,49.908665]],[[19.877801,49.908969],[19.878647,49.908658]],[[19.877789,49.908956],[19.878642,49.908642]],[[19.877777,49.908942],[19.878637,49.908626]],[[19.877771,49.908936],[19.878634,49.908619]],[[19.878649,49.908665],[19.880564,49.908814]],[[19.878647,49.908658],[19.880566,49.908807]],[[19.878642,49.908642],[19.880569,49.908791]],[[19.878637,49.908626],[19.880572,49.908776]],[[19.878634,49.908619],[19.880574,49.908769]],[[19.880564,49.908814],[19.885914,49.909332]],[[19.880566,49.908807],[19.885915,49.909325]],[[19.880569,49.908791],[19.885919,49.90931]],[[19.880572,49.908776],[19.885923,49.909294]],[[19.880574,49.908769],[19.885924,49.909288]],[[19.885914,49.909332],[19.888729,49.909619]],[[19.885915,49.909325],[19.888722,49.909611]],[[19.885919,49.90931],[19.888704,49.909594]],[[19.885923,49.909294],[19.888686,49.909576]],[[19.885924,49.909288],[19.888678,49.909568]],[[19.888729,49.909619],[19.889126,49.908682]],[[19.888722,49.909611],[19.889116,49.90868]],[[19.888704,49.909594],[19.889093,49.908676]],[[19.888686,49.909576],[19.889069,49.908672]],[[19.888678,49.909568],[19.889059,49.90867]]]}},{"type":"Feature","properties":{"variant":"A","kind":"extent"},"geometry":{"type":"MultiLineString","coordinates":[[[19.893519,49.909018],[19.893844,49.910052]],[[19.893529,49.909017],[19.893852,49.910045]],[[19.893553,49.909014],[19.893872,49.910029]],[[19.893577,49.909011],[19.893892,49.910013]],[[19.893587,49.909009],[19.893901,49.910006]],[[19.893844,49.910052],[19.896046,49.910024]],[[19.893852,49.910045],[19.896047,49.910017]],[[19.893872,49.910029],[19.89605,49.910001]],[[19.893892,49.910013],[19.896052,49.909985]],[[19.893901,49.910006],[19.896053,49.909979]],[[19.896046,49.910024],[19.897692,49.91026]],[[19.896047,49.910017],[19.897694,49.910253]],[[19.89605,49.910001],[19.897697,49.910237]],[[19.896052,49.909985],[19.897701,49.910222]],[[19.896053,49.909979],[19.897702,49.910215]],[[19.897692,49.91026],[19.901857,49.910419]],[[19.897694,49.910253],[19.901858,49.910412]],[[19.897697,49.910237],[19.901859,49.910396]],[[19.897701,49.910222],[19.90186,49.910381]],[[19.897702,49.910215],[19.901861,49.910374]],[[19.901857,49.910419],[19.905228,49.910511]],[[19.901858,49.910412],[19.905227,49.910504]],[[19.901859,49.910396],[19.905226,49.910488]],[[19.90186,49.910381],[19.905224,49.910472]],[[19.901861,49.910374],[19.905224,49.910466]],[[19.905228,49.910511],[19.905831,49.910449]],[[19.905227,49.910504],[19.905832,49.910442]],[[19.905226,49.910488],[19.905836,49.910425]],[[19.905224,49.910472],[19.905839,49.910409]],[[19.905224,49.910466],[19.90584,49.910402]],[[19.905831,49.910449],[19.906724,49.910702]],[[19.905832,49.910442],[19.906726,49.910696]],[[19.905836,49.910425],[19.906731,49.91068]],[[19.905839,49.910409],[19.906737,49.910664]],[[19.90584,49.910402],[19.906739,49.910657]],[[19.906724,49.910702],[19.907843,49.910713]],[[19.906726,49.910696],[19.907842,49.910706]],[[19.906731,49.91068],[19.907841,49.91069]],[[19.906737,49.910664],[19.907839,49.910675]],[[19.906739,49.910657],[19.907839,49.910668]],[[19.907843,49.910713],[19.91123,49.910434]],[[19.907842,49.910706],[19.911234,49.910426]],[[19.907841,49.91069],[19.911241,49.91041]],[[19.907839,49.910675],[19.911248,49.910394]],[[19.907839,49.910668],[19.911252,49.910386]],[[19.91123,49.910434],[19.911854,49.910768]],[[19.911234,49.910426],[19.91186,49.910763]],[[19.911241,49.91041],[19.911876,49.91075]],[[19.911248,49.910394],[19.911891,49.910738]],[[19.911252,49.910386],[19.911898,49.910733]]]}},{"type":"Feature","properties":{"variant":"A","kind":"extent"},"geometry":{"type":"MultiLineString","coordinates":[[[19.920946,49.910779],[19.918821,49.909974]],[[19.920941,49.910784],[19.918819,49.909981]],[[19.920928,49.910798],[19.918813,49.909997]],[[19.920916,49.910812],[19.918807,49.910013]],[[19.920911,49.910817],[19.918805,49.91002]],[[19.918821,49.909974],[19.91653,49.910085]],[[19.918819,49.909981],[19.916531,49.910092]],[[19.918813,49.909997],[19.916533,49.910107]],[[19.918807,49.910013],[19.916535,49.910123]],[[19.918805,49.91002],[19.916536,49.91013]],[[19.91653,49.910085],[19.913952,49.910269]],[[19.916531,49.910092],[19.913953,49.910276]],[[19.916533,49.910107],[19.913955,49.910291]],[[19.916535,49.910123],[19.913957,49.910307]],[[19.916536,49.91013],[19.913958,49.910314]],[[19.913952,49.910269],[19.912232,49.910337]],[[19.913953,49.910276],[19.912232,49.910343]],[[19.913955,49.910291],[19.912234,49.910359]],[[19.913957,49.910307],[19.912235,49.910375]],[[19.913958,49.910314],[19.912236,49.910382]]]}},{"type":"Feature","properties":{"variant":"A","kind":"extent"},"geometry":{"type":"MultiLineString","coordinates":[[[19.913597,49.909374],[19.914087,49.909524]],[[19.913602,49.909368],[19.91409,49.909518]],[[19.913612,49.909353],[19.914097,49.909503]],[[19.913623,49.909339],[19.914104,49.909487]],[[19.913627,49.909333],[19.914107,49.909481]],[[19.914087,49.909524],[19.914784,49.909591]],[[19.91409,49.909518],[19.914783,49.909584]],[[19.914097,49.909503],[19.914783,49.909568]],[[19.914104,49.909487],[19.914782,49.909552]],[[19.914107,49.909481],[19.914782,49.909545]],[[19.914784,49.909591],[19.917078,49.909283]],[[19.914783,49.909584],[19.917078,49.909276]],[[19.914783,49.909568],[19.917077,49.90926]],[[19.914782,49.909552],[19.917076,49.909244]],[[19.914782,49.909545],[19.917076,49.909238]],[[19.917078,49.909283],[19.918585,49.90942]],[[19.917078,49.909276],[19.918585,49.909413]],[[19.917077,49.90926],[19.918585,49.909397]],[[19.917076,49.909244],[19.918585,49.909381]],[[19.917076,49.909238],[19.918585,49.909374]],[[19.918585,49.90942],[19.921369,49.909139]],[[19.918585,49.909413],[19.921368,49.909133]],[[19.918585,49.909397],[19.921365,49.909117]],[[19.918585,49.909381],[19.921363,49.909101]],[[19.918585,49.909374],[19.921362,49.909094]],[[19.921369,49.909139],[19.923282,49.909097]],[[19.921368,49.909133],[19.923282,49.90909]],[[19.921365,49.909117],[19.923281,49.909074]],[[19.921363,49.909101],[19.92328,49.909059]],[[19.921362,49.909094],[19.92328,49.909052]]]}},{"type":"Feature","properties":{"variant":"A","kind":"extent"},"geometry":{"type":"MultiLineString","coordinates":[[[19.929682,49.908574],[19.931718,49.9085]],[[19.929681,49.908568],[19.931717,49.908493]],[[19.92968,49.908552],[19.931716,49.908478]],[[19.929679,49.908536],[19.931714,49.908462]],[[19.929678,49.90853],[19.931714,49.908455]]]}},{"type":"Feature","properties":{"variant":"A","kind":"extent"},"geometry":{"type":"MultiLineString","coordinates":[[[19.942756,49.851511],[19.942273,49.851593]],[[19.942759,49.851517],[19.942268,49.851601]],[[19.942765,49.851532],[19.942255,49.851619]],[[19.942771,49.851548],[19.942243,49.851637]],[[19.942774,49.851554],[19.942237,49.851645]],[[19.942273,49.851593],[19.942043,49.851309]],[[19.942268,49.851601],[19.942034,49.851312]],[[19.942255,49.851619],[19.942012,49.85132]],[[19.942243,49.851637],[19.941991,49.851327]],[[19.942237,49.851645],[19.941982,49.851331]],[[19.942043,49.851309],[19.941748,49.850982]],[[19.942034,49.851312],[19.941739,49.850986]],[[19.942012,49.85132],[19.941719,49.850994]],[[19.941991,49.851327],[19.941698,49.851003]],[[19.941982,49.851331],[19.941689,49.851006]],[[19.941748,49.850982],[19.941385,49.850634]],[[19.941739,49.850986],[19.941376,49.850638]],[[19.941719,49.850994],[19.941356,49.850646]],[[19.941698,49.851003],[19.941335,49.850655]],[[19.941689,49.851006],[19.941326,49.850658]],[[19.941385,49.850634],[19.941108,49.850331]],[[19.941376,49.850638],[19.941098,49.850333]],[[19.941356,49.850646],[19.941073,49.850337]],[[19.941335,49.850655],[19.941049,49.850341]],[[19.941326,49.850658],[19.941039,49.850343]],[[19.941108,49.850331],[19.941115,49.849898]],[[19.941098,49.850333],[19.941105,49.849891]],[[19.941073,49.850337],[19.94108,49.849874]],[[19.941049,49.850341],[19.941056,49.849857]],[[19.941039,49.850343],[19.941046,49.849849]],[[19.941115,49.849898],[19.941474,49.849916]],[[19.941105,49.849891],[19.941475,49.849909]],[[19.94108,49.849874],[19.941477,49.849894]],[[19.941056,49.849857],[19.941479,49.849878]],[[19.941046,49.849849],[19.941479,49.849871]]]}},{"type":"Feature","properties":{"variant":"A","kind":"extent"},"geometry":{"type":"MultiLineString","coordinates":[[[19.942135,49.849112],[19.941529,49.849338]],[[19.94214,49.849118],[19.941527,49.849347]],[[19.942152,49.849131],[19.941522,49.849366]],[[19.942164,49.849145],[19.941518,49.849386]],[[19.94217,49.849151],[19.941516,49.849395]],[[19.941529,49.849338],[19.940494,49.848626]],[[19.941527,49.849347],[19.94049,49.848633]],[[19.941522,49.849366],[19.940479,49.848649]],[[19.941518,49.849386],[19.940469,49.848664]],[[19.941516,49.849395],[19.940465,49.848671]],[[19.940494,49.848626],[19.938769,49.848647]],[[19.94049,49.848633],[19.938766,49.848654]],[[19.940479,49.848649],[19.938759,49.84867]],[[19.940469,49.848664],[19.938752,49.848686]],[[19.940465,49.848671],[19.938748,49.848692]],[[19.938769,49.848647],[19.938036,49.848333]],[[19.938766,49.848654],[19.93803,49.848339]],[[19.938759,49.84867],[19.938015,49.848351]],[[19.938752,49.848686],[19.938001,49.848364]],[[19.938748,49.848692],[19.937995,49.848369]],[[19.938036,49.848333],[19.936181,49.847334]],[[19.93803,49.848339],[19.936174,49.847339]],[[19.938015,49.848351],[19.936159,49.847351]],[[19.938001,49.848364],[19.936144,49.847364]],[[19.937995,49.848369],[19.936138,49.847369]],[[19.936181,49.847334],[19.934515,49.846566]],[[19.936174,49.847339],[19.934509,49.846571]],[[19.936159,49.847351],[19.934494,49.846584]],[[19.936144,49.847364],[19.934479,49.846596]],[[19.936138,49.847369],[19.934473,49.846602]],[[19.934515,49.846566],[19.932959,49.845757]],[[19.934509,49.846571],[19.932952,49.845762]],[[19.934494,49.846584],[19.932937,49.845775]],[[19.934479,49.846596],[19.932922,49.845787]],[[19.934473,49.846602],[19.932916,49.845793]],[[19.932959,49.845757],[19.931007,49.844799]],[[19.932952,49.845762],[19.931001,49.844804]],[[19.932937,49.845775],[19.930987,49.844817]],[[19.932922,49.845787],[19.930973,49.84483]],[[19.932916,49.845793],[19.930967,49.844836]],[[19.931007,49.844799],[19.929751,49.844282]],[[19.931001,49.844804],[19.929745,49.844288]],[[19.930987,49.844817],[19.929732,49.844301]],[[19.930973,49.84483],[19.929719,49.844314]],[[19.930967,49.844836],[19.929714,49.84432]],[[19.929751,49.844282],[19.928892,49.843925]],[[19.929745,49.844288],[19.928886,49.84393]],[[19.929732,49.844301],[19.928872,49.843943]],[[19.929719,49.844314],[19.928859,49.843956]],[[19.929714,49.84432],[19.928853,49.843962]],[[19.928892,49.843925],[19.928516,49.843744]],[[19.928886,49.84393],[19.928509,49.843749]],[[19.928872,49.843943],[19.928495,49.843762]],[[19.928859,49.843956],[19.92848,49.843775]],[[19.928853,49.843962],[19.928474,49.84378]]]}},{"type":"Feature","properties":{"variant":"A","kind":"extent"},"geometry":{"type":"MultiLineString","coordinates":[[[19.942082,49.85269],[19.941949,49.852541]],[[19.942073,49.852694],[19.941938,49.852542]],[[19.942052,49.852701],[19.941912,49.852545]],[[19.942031,49.852709],[19.941886,49.852547]],[[19.942022,49.852713],[19.941875,49.852548]],[[19.941949,49.852541],[19.942075,49.852137]],[[19.941938,49.852542],[19.942064,49.852139]],[[19.941912,49.852545],[19.942038,49.852143]],[[19.941886,49.852547],[19.942012,49.852147]],[[19.941875,49.852548],[19.942001,49.852149]],[[19.942075,49.852137],[19.94039,49.850772]],[[19.942064,49.852139],[19.940384,49.850778]],[[19.942038,49.852143],[19.94037,49.850792]],[[19.942012,49.852147],[19.940356,49.850806]],[[19.942001,49.852149],[19.94035,49.850812]],[[19.94039,49.850772],[19.938859,49.850518]],[[19.940384,49.850778],[19.938853,49.850524]],[[19.94037,49.850792],[19.938839,49.850538]],[[19.940356,49.850806],[19.938825,49.850552]],[[19.94035,49.850812],[19.938819,49.850558]],[[19.938859,49.850518],[19.938271,49.850045]],[[19.938853,49.850524],[19.938268,49.850053]],[[19.938839,49.850538],[19.938259,49.850071]],[[19.938825,49.850552],[19.938251,49.85009]],[[19.938819,49.850558],[19.938248,49.850098]],[[19.938271,49.850045],[19.937655,49.850182]],[[19.938268,49.850053],[19.937659,49.850189]],[[19.938259,49.850071],[19.937667,49.850204]],[[19.938251,49.85009],[19.937675,49.850218]],[[19.938248,49.850098],[19.937678,49.850225]]]}},{"type":"Feature","properties":{"variant":"A","kind":"extent"},"geometry":{"type":"MultiLineString","coordinates":[[[19.937579,49.849889],[19.938186,49.849713]],[[19.937575,49.849883],[19.938176,49.849709]],[[19.937565,49.849868],[19.938151,49.849699]],[[19.937555,49.849854],[19.938125,49.849689]],[[19.937551,49.849848],[19.938115,49.849685]],[[19.938186,49.849713],[19.938146,49.849127]],[[19.938176,49.849709],[19.938136,49.84913]],[[19.938151,49.849699],[19.938112,49.849137]],[[19.938125,49.849689],[19.938088,49.849144]],[[19.938115,49.849685],[19.938078,49.849147]],[[19.938146,49.849127],[19.936604,49.848219]],[[19.938136,49.84913],[19.936597,49.848224]],[[19.938112,49.849137],[19.936581,49.848236]],[[19.938088,49.849144],[19.936565,49.848248]],[[19.938078,49.849147],[19.936558,49.848253]],[[19.936604,49.848219],[19.935483,49.847629]],[[19.936597,49.848224],[19.935476,49.847634]],[[19.936581,49.848236],[19.935461,49.847646]],[[19.936565,49.848248],[19.935446,49.847659]],[[19.936558,49.848253],[19.935439,49.847664]],[[19.935483,49.847629],[19.93388,49.846803]],[[19.935476,49.847634],[19.933874,49.846809]],[[19.935461,49.847646],[19.93386,49.846822]],[[19.935446,49.847659],[19.933846,49.846834]],[[19.935439,49.847664],[19.93384,49.84684]],[[19.93388,49.846803],[19.931716,49.8459]],[[19.933874,49.846809],[19.931711,49.845906]],[[19.93386,49.846822],[19.931698,49.84592]],[[19.933846,49.846834],[19.931686,49.845933]],[[19.93384,49.84684],[19.93168,49.845939]],[[19.931716,49.8459],[19.930493,49.845472]],[[19.931711,49.845906],[19.930487,49.845477]],[[19.931698,49.84592],[19.930474,49.84549]],[[19.931686,49.845933],[19.93046,49.845504]],[[19.93168,49.845939],[19.930454,49.845509]],[[19.930493,49.845472],[19.929383,49.844904]],[[19.930487,49.845477],[19.929378,49.84491]],[[19.930474,49.84549],[19.929365,49.844924]],[[19.93046,49.845504],[19.929353,49.844938]],[[19.930454,49.845509],[19.929348,49.844943]],[[19.929383,49.844904],[19.92807,49.844575]],[[19.929378,49.84491],[19.928067,49.844582]],[[19.929365,49.844924],[19.928058,49.844596]],[[19.929353,49.844938],[19.928049,49.844611]],[[19.929348,49.844943],[19.928045,49.844617]],[[19.92807,49.844575],[19.928072,49.844576]],[[19.928067,49.844582],[19.928068,49.844582]],[[19.928058,49.844596],[19.928058,49.844596]],[[19.928049,49.844611],[19.928048,49.844611]],[[19.928045,49.844617],[19.928044,49.844617]],[[19.928072,49.844576],[19.927643,49.844437]],[[19.928068,49.844582],[19.927638,49.844443]],[[19.928058,49.844596],[19.927627,49.844457]],[[19.928048,49.844611],[19.927616,49.844471]],[[19.928044,49.844617],[19.927611,49.844477]]]}},{"type":"Feature","properties":{"variant":"A","kind":"extent"},"geometry":{"type":"MultiLineString","coordinates":[[[19.959488,49.933644],[19.959223,49.932091]],[[19.959477,49.933644],[19.959213,49.932094]],[[19.959453,49.933646],[19.959189,49.932099]],[[19.959429,49.933648],[19.959165,49.932104]],[[19.959419,49.933649],[19.959155,49.932106]],[[19.959223,49.932091],[19.958833,49.931689]],[[19.959213,49.932094],[19.958827,49.931695]],[[19.959189,49.932099],[19.958814,49.931711]],[[19.959165,49.932104],[19.9588,49.931727]],[[19.959155,49.932106],[19.958794,49.931733]],[[19.958833,49.931689],[19.955247,49.931656]],[[19.958827,49.931695],[19.95524,49.931663]],[[19.958814,49.931711],[19.955225,49.931679]],[[19.9588,49.931727],[19.95521,49.931694]],[[19.958794,49.931733],[19.955204,49.931701]],[[19.955247,49.931656],[19.954216,49.930333]],[[19.95524,49.931663],[19.954207,49.930336]],[[19.955225,49.931679],[19.954184,49.930342]],[[19.95521,49.931694],[19.954162,49.930348]],[[19.955204,49.931701],[19.954152,49.93035]],[[19.954216,49.930333],[19.953475,49.928855]],[[19.954207,49.930336],[19.953465,49.928857]],[[19.954184,49.930342],[19.953441,49.928861]],[[19.954162,49.930348],[19.953418,49.928865]],[[19.954152,49.93035],[19.953408,49.928867]],[[19.953475,49.928855],[19.952433,49.926117]],[[19.953465,49.928857],[19.952423,49.926118]],[[19.953441,49.928861],[19.952399,49.92612]],[[19.953418,49.928865],[19.952375,49.926122]],[[19.953408,49.928867],[19.952364,49.926124]],[[19.952433,49.926117],[19.95237,49.925516]],[[19.952423,49.926118],[19.952359,49.925516]],[[19.952399,49.92612],[19.952335,49.925517]],[[19.952375,49.926122],[19.952311,49.925518]],[[19.952364,49.926124],[19.9523,49.925519]]]}},{"type":"Feature","properties":{"variant":"A","kind":"extent"},"geometry":{"type":"MultiLineString","coordinates":[[[19.948789,49.960114],[19.949656,49.959402]],[[19.948781,49.96011],[19.949648,49.959398]],[[19.948762,49.9601],[19.949628,49.959388]],[[19.948743,49.96009],[19.949609,49.959379]],[[19.948734,49.960086],[19.9496,49.959375]],[[19.949656,49.959402],[19.950367,49.95876]],[[19.949648,49.959398],[19.950357,49.958757]],[[19.949628,49.959388],[19.950336,49.958749]],[[19.949609,49.959379],[19.950315,49.958741]],[[19.9496,49.959375],[19.950305,49.958738]],[[19.950367,49.95876],[19.950674,49.958299]],[[19.950357,49.958757],[19.950662,49.9583]],[[19.950336,49.958749],[19.950635,49.958302]],[[19.950315,49.958741],[19.950607,49.958304]],[[19.950305,49.958738],[19.950595,49.958305]],[[19.950674,49.958299],[19.949736,49.957446]],[[19.950662,49.9583],[19.949728,49.957451]],[[19.950635,49.958302],[19.949711,49.957462]],[[19.950607,49.958304],[19.949693,49.957473]],[[19.950595,49.958305],[19.949686,49.957478]],[[19.949736,49.957446],[19.948061,49.956683]],[[19.949728,49.957451],[19.948062,49.956692]],[[19.949711,49.957462],[19.948065,49.956713]],[[19.949693,49.957473],[19.948068,49.956733]],[[19.949686,49.957478],[19.948069,49.956742]],[[19.948061,49.956683],[19.947467,49.957062]],[[19.948062,49.956692],[19.947467,49.957072]],[[19.948065,49.956713],[19.947466,49.957094]],[[19.948068,49.956733],[19.947466,49.957116]],[[19.948069,49.956742],[19.947466,49.957126]],[[19.947467,49.957062],[19.947096,49.956816]],[[19.947467,49.957072],[19.947088,49.95682]],[[19.947466,49.957094],[19.947071,49.956831]],[[19.947466,49.957116],[19.947053,49.956842]],[[19.947466,49.957126],[19.947046,49.956847]]]}},{"type":"Feature","properties":{"variant":"A","kind":"extent"},"geometry":{"type":"MultiLineString","coordinates":[[[19.92709,49.996288],[19.927841,49.995961]],[[19.927084,49.996282],[19.927827,49.995959]],[[19.927071,49.996269],[19.927793,49.995955]],[[19.927057,49.996256],[19.92776,49.995951]],[[19.927051,49.99625],[19.927745,49.995949]],[[19.927841,49.995961],[19.927531,49.995654]],[[19.927827,49.995959],[19.927523,49.995658]],[[19.927793,49.995955],[19.927503,49.995668]],[[19.92776,49.995951],[19.927483,49.995677]],[[19.927745,49.995949],[19.927475,49.995681]],[[19.927531,49.995654],[19.926843,49.995115]],[[19.927523,49.995658],[19.926835,49.995119]],[[19.927503,49.995668],[19.926815,49.995129]],[[19.927483,49.995677],[19.926796,49.995138]],[[19.927475,49.995681],[19.926787,49.995142]],[[19.926843,49.995115],[19.926175,49.994464]],[[19.926835,49.995119],[19.926166,49.994467]],[[19.926815,49.995129],[19.926145,49.994475]],[[19.926796,49.995138],[19.926124,49.994483]],[[19.926787,49.995142],[19.926115,49.994487]],[[19.926175,49.994464],[19.925531,49.993689]],[[19.926166,49.994467],[19.925521,49.993691]],[[19.926145,49.994475],[19.925499,49.993698]],[[19.926124,49.994483],[19.925476,49.993704]],[[19.926115,49.994487],[19.925467,49.993707]],[[19.925531,49.993689],[19.925032,49.992797]],[[19.925521,49.993691],[19.925023,49.992799]],[[19.925499,49.993698],[19.925,49.992804]],[[19.925476,49.993704],[19.924977,49.99281]],[[19.925467,49.993707],[19.924967,49.992812]]]}},{"type":"Feature","properties":{"variant":"A","kind":"extent"},"geometry":{"type":"MultiLineString","coordinates":[[[19.925466,49.992062],[19.925757,49.992829]],[[19.925476,49.99206],[19.925767,49.992827]],[[19.9255,49.992056],[19.92579,49.992822]],[[19.925523,49.992053],[19.925813,49.992817]],[[19.925533,49.992051],[19.925823,49.992815]],[[19.925757,49.992829],[19.926172,49.993483]],[[19.925767,49.992827],[19.926182,49.99348]],[[19.92579,49.992822],[19.926204,49.993473]],[[19.925813,49.992817],[19.926226,49.993466]],[[19.925823,49.992815],[19.926235,49.993464]],[[19.926172,49.993483],[19.926753,49.994184]],[[19.926182,49.99348],[19.926762,49.99418]],[[19.926204,49.993473],[19.926782,49.994172]],[[19.926226,49.993466],[19.926803,49.994163]],[[19.926235,49.993464],[19.926812,49.994159]],[[19.926753,49.994184],[19.927493,49.99481]],[[19.926762,49.99418],[19.927502,49.994805]],[[19.926782,49.994172],[19.92752,49.994795]],[[19.926803,49.994163],[19.927539,49.994785]],[[19.926812,49.994159],[19.927547,49.994781]],[[19.927493,49.99481],[19.9281,49.995246]],[[19.927502,49.994805],[19.928107,49.995241]],[[19.92752,49.994795],[19.928124,49.99523]],[[19.927539,49.994785],[19.928142,49.995219]],[[19.927547,49.994781],[19.928149,49.995214]],[[19.9281,49.995246],[19.928474,49.995463]],[[19.928107,49.995241],[19.928478,49.995456]],[[19.928124,49.99523],[19.928487,49.995441]],[[19.928142,49.995219],[19.928497,49.995425]],[[19.928149,49.995214],[19.928501,49.995418]],[[19.928474,49.995463],[19.928845,49.995466]],[[19.928478,49.995456],[19.928851,49.99546]],[[19.928487,49.995441],[19.928864,49.995444]],[[19.928497,49.995425],[19.928877,49.995428]],[[19.928501,49.995418],[19.928883,49.995422]],[[19.928845,49.995466],[19.929048,49.995659]],[[19.928851,49.99546],[19.929057,49.995655]],[[19.928864,49.995444],[19.929077,49.995646]],[[19.928877,49.995428],[19.929097,49.995637]],[[19.928883,49.995422],[19.929106,49.995633]]]}},{"type":"Feature","properties":{"variant":"A","kind":"extent"},"geometry":{"type":"MultiLineString","coordinates":[[[19.937109,49.998235],[19.937106,49.998386]],[[19.937119,49.998235],[19.937116,49.998392]],[[19.937144,49.998235],[19.937141,49.998405]],[[19.937168,49.998236],[19.937165,49.998419]],[[19.937178,49.998236],[19.937175,49.998425]],[[19.937106,49.998386],[19.936024,49.998491]],[[19.937116,49.998392],[19.936026,49.998497]],[[19.937141,49.998405],[19.936029,49.998513]],[[19.937165,49.998419],[19.936033,49.998528]],[[19.937175,49.998425],[19.936034,49.998535]],[[19.936024,49.998491],[19.934992,49.998579]],[[19.936026,49.998497],[19.934989,49.998586]],[[19.936029,49.998513],[19.934982,49.998603]],[[19.936033,49.998528],[19.934975,49.998619]],[[19.936034,49.998535],[19.934972,49.998626]],[[19.934992,49.998579],[19.934246,49.998193]],[[19.934989,49.998586],[19.93424,49.998198]],[[19.934982,49.998603],[19.934226,49.998211]],[[19.934975,49.998619],[19.934211,49.998224]],[[19.934972,49.998626],[19.934205,49.998229]],[[19.934246,49.998193],[19.93264,49.997519]],[[19.93424,49.998198],[19.932634,49.997524]],[[19.934226,49.998211],[19.93262,49.997537]],[[19.934211,49.998224],[19.932606,49.99755]],[[19.934205,49.998229],[19.9326,49.997555]],[[19.93264,49.997519],[19.932051,49.997227]],[[19.932634,49.997524],[19.932045,49.997232]],[[19.93262,49.997537],[19.932031,49.997245]],[[19.932606,49.99755],[19.932016,49.997258]],[[19.9326,49.997555],[19.93201,49.997263]],[[19.932051,49.997227],[19.92991,49.996231]],[[19.932045,49.997232],[19.929901,49.996235]],[[19.932031,49.997245],[19.92988,49.996245]],[[19.932016,49.997258],[19.929859,49.996255]],[[19.93201,49.997263],[19.92985,49.996259]],[[19.92991,49.996231],[19.929718,49.995837]],[[19.929901,49.996235],[19.929709,49.995841]],[[19.92988,49.996245],[19.929688,49.995849]],[[19.929859,49.996255],[19.929666,49.995857]],[[19.92985,49.996259],[19.929657,49.995861]],[[19.929718,49.995837],[19.929311,49.995569]],[[19.929709,49.995841],[19.929303,49.995574]],[[19.929688,49.995849],[19.929286,49.995585]],[[19.929666,49.995857],[19.929268,49.995596]],[[19.929657,49.995861],[19.929261,49.9956]]]}},{"type":"Feature","properties":{"variant":"A","kind":"extent"},"geometry":{"type":"MultiLineString","coordinates":[[[19.945846,49.998572],[19.946074,49.998591]],[[19.945848,49.998565],[19.946086,49.998585]],[[19.945851,49.998549],[19.946114,49.998571]],[[19.945854,49.998534],[19.946142,49.998558]],[[19.945855,49.998527],[19.946154,49.998552]],[[19.946074,49.998591],[19.945957,49.999076]],[[19.946086,49.998585],[19.945967,49.999076]],[[19.946114,49.998571],[19.945992,49.999077]],[[19.946142,49.998558],[19.946016,49.999077]],[[19.946154,49.998552],[19.946027,49.999077]],[[19.945957,49.999076],[19.946057,49.999643]],[[19.945967,49.999076],[19.946067,49.999639]],[[19.945992,49.999077],[19.94609,49.999632]],[[19.946016,49.999077],[19.946113,49.999624]],[[19.946027,49.999077],[19.946123,49.999621]],[[19.946057,49.999643],[19.94735,50.000394]],[[19.946067,49.999639],[19.947353,50.000386]],[[19.94609,49.999632],[19.947361,50.00037]],[[19.946113,49.999624],[19.947368,50.000353]],[[19.946123,49.999621],[19.947371,50.000346]],[[19.94735,50.000394],[19.948281,50.000297]],[[19.947353,50.000386],[19.948279,50.000291]],[[19.947361,50.00037],[19.948275,50.000275]],[[19.947368,50.000353],[19.948272,50.00026]],[[19.947371,50.000346],[19.94827,50.000253]]]}},{"type":"Feature","properties":{"variant":"A","kind":"km","name":"0+000"},"geometry":{"type":"Point","coordinates":[19.867638,49.907462]}},{"type":"Feature","properties":{"variant":"A","kind":"km","name":"1+000"},"geometry":{"type":"Point","coordinates":[19.881458,49.908542]}},{"type":"Feature","properties":{"variant":"A","kind":"km","name":"2+000"},"geometry":{"type":"Point","coordinates":[19.895279,49.90962]}},{"type":"Feature","properties":{"variant":"A","kind":"km","name":"3+000"},"geometry":{"type":"Point","coordinates":[19.909158,49.910145]}},{"type":"Feature","properties":{"variant":"A","kind":"km","name":"4+000"},"geometry":{"type":"Point","coordinates":[19.923029,49.909389]}},{"type":"Feature","properties":{"variant":"A","kind":"km","name":"5+000"},"geometry":{"type":"Point","coordinates":[19.936894,49.908582]}},{"type":"Feature","properties":{"variant":"A","kind":"km","name":"0+000"},"geometry":{"type":"Point","coordinates":[19.942572,50.004034]}},{"type":"Feature","properties":{"variant":"A","kind":"km","name":"1+000"},"geometry":{"type":"Point","coordinates":[19.932589,49.998015]}},{"type":"Feature","properties":{"variant":"A","kind":"km","name":"2+000"},"geometry":{"type":"Point","coordinates":[19.924968,49.990946]}},{"type":"Feature","properties":{"variant":"A","kind":"km","name":"3+000"},"geometry":{"type":"Point","coordinates":[19.929032,49.982394]}},{"type":"Feature","properties":{"variant":"A","kind":"km","name":"4+000"},"geometry":{"type":"Point","coordinates":[19.934537,49.97416]}},{"type":"Feature","properties":{"variant":"A","kind":"km","name":"5+000"},"geometry":{"type":"Point","coordinates":[19.942491,49.966777]}},{"type":"Feature","properties":{"variant":"A","kind":"km","name":"6+000"},"geometry":{"type":"Point","coordinates":[19.950384,49.959368]}},{"type":"Feature","properties":{"variant":"A","kind":"km","name":"7+000"},"geometry":{"type":"Point","coordinates":[19.956469,49.951298]}},{"type":"Feature","properties":{"variant":"A","kind":"km","name":"8+000"},"geometry":{"type":"Point","coordinates":[19.959804,49.942586]}},{"type":"Feature","properties":{"variant":"A","kind":"km","name":"9+000"},"geometry":{"type":"Point","coordinates":[19.960243,49.933616]}},{"type":"Feature","properties":{"variant":"A","kind":"km","name":"10+000"},"geometry":{"type":"Point","coordinates":[19.95777,49.924785]}},{"type":"Feature","properties":{"variant":"A","kind":"km","name":"11+000"},"geometry":{"type":"Point","coordinates":[19.952493,49.916483]}},{"type":"Feature","properties":{"variant":"A","kind":"km","name":"12+000"},"geometry":{"type":"Point","coordinates":[19.945016,49.908903]}},{"type":"Feature","properties":{"variant":"A","kind":"km","name":"13+000"},"geometry":{"type":"Point","coordinates":[19.939212,49.900792]}},{"type":"Feature","properties":{"variant":"A","kind":"km","name":"14+000"},"geometry":{"type":"Point","coordinates":[19.938568,49.89184]}},{"type":"Feature","properties":{"variant":"A","kind":"km","name":"15+000"},"geometry":{"type":"Point","coordinates":[19.939032,49.882854]}},{"type":"Feature","properties":{"variant":"A","kind":"km","name":"16+000"},"geometry":{"type":"Point","coordinates":[19.940409,49.873921]}},{"type":"Feature","properties":{"variant":"A","kind":"km","name":"17+000"},"geometry":{"type":"Point","coordinates":[19.94398,49.865233]}},{"type":"Feature","properties":{"variant":"A","kind":"km","name":"18+000"},"geometry":{"type":"Point","coordinates":[19.944891,49.856351]}},{"type":"Feature","properties":{"variant":"A","kind":"km","name":"19+000"},"geometry":{"type":"Point","coordinates":[19.938058,49.848686]}},{"type":"Feature","properties":{"variant":"A","kind":"km","name":"20+000"},"geometry":{"type":"Point","coordinates":[19.926718,49.843504]}},{"type":"Feature","properties":{"variant":"A","kind":"km","name":"21+000"},"geometry":{"type":"Point","coordinates":[19.916607,49.83742]}},{"type":"Feature","properties":{"variant":"A","kind":"km","name":"22+000"},"geometry":{"type":"Point","coordinates":[19.912286,49.82899]}},{"type":"Feature","properties":{"variant":"A","kind":"km","name":"23+000"},"geometry":{"type":"Point","coordinates":[19.915018,49.820254]}},{"type":"Feature","properties":{"variant":"A","kind":"km","name":"24+000"},"geometry":{"type":"Point","coordinates":[19.920824,49.812086]}}],"attribution":"© GDDKiA — STEŚ S7 Kraków–Myślenice (2025), warianty A–F"}