{"type":"FeatureCollection","features":[{"type":"Feature","properties":{"variant":"B","kind":"axis"},"geometry":{"type":"LineString","coordinates":[[19.977085,49.998699],[19.981031,49.995331]]}},{"type":"Feature","properties":{"variant":"B","kind":"axis"},"geometry":{"type":"LineString","coordinates":[[19.99238,49.983894],[19.991934,49.984819],[19.991393,49.985723],[19.990759,49.986602],[19.990034,49.987451]]}},{"type":"Feature","properties":{"variant":"B","kind":"axis"},"geometry":{"type":"LineString","coordinates":[[19.99238,49.983894],[19.992421,49.983796],[19.992461,49.983697],[19.9925,49.983598],[19.992539,49.983499],[19.992576,49.9834],[19.992612,49.983301],[19.992648,49.983201],[19.992682,49.983102],[19.992716,49.983002],[19.992749,49.982903],[19.992781,49.982803],[19.992813,49.982703],[19.992844,49.982603],[19.992874,49.982503],[19.992903,49.982403],[19.992932,49.982302],[19.992961,49.982202],[19.992989,49.982102],[19.993017,49.982001],[19.993044,49.981901],[19.99307,49.981801],[19.993097,49.9817],[19.993123,49.981599],[19.993149,49.981499],[19.993174,49.981398],[19.9932,49.981298],[19.993225,49.981197],[19.99325,49.981096],[19.993275,49.980996],[19.993299,49.980895],[19.993324,49.980794],[19.994587,49.975664],[19.994619,49.975534],[19.994651,49.975403],[19.994682,49.975273],[19.994714,49.975143],[19.994746,49.975013],[19.994777,49.974882],[19.994808,49.974752],[19.994839,49.974622],[19.99487,49.974491],[19.9949,49.974361],[19.994929,49.974231],[19.994958,49.9741],[19.994987,49.97397],[19.995015,49.973839],[19.995043,49.973708],[19.995069,49.973578],[19.995095,49.973447],[19.995121,49.973316],[19.995145,49.973185],[19.995169,49.973054],[19.995192,49.972923],[19.995214,49.972792],[19.995235,49.972661],[19.995255,49.97253],[19.995274,49.972399],[19.995292,49.972267],[19.995308,49.972136],[19.995324,49.972004],[19.995338,49.971873],[19.995351,49.971741],[19.995363,49.97161]]}},{"type":"Feature","properties":{"variant":"B","kind":"axis"},"geometry":{"type":"LineString","coordinates":[[19.994637,49.966136],[19.99504,49.967489],[19.995296,49.968857],[19.995404,49.970232],[19.995363,49.97161]]}},{"type":"Feature","properties":{"variant":"B","kind":"axis"},"geometry":{"type":"LineString","coordinates":[[19.994637,49.966136],[19.994591,49.966007],[19.994544,49.965879],[19.994495,49.965751],[19.994445,49.965623],[19.994394,49.965496],[19.994342,49.965368],[19.994289,49.965241],[19.994234,49.965114],[19.994179,49.964987],[19.994123,49.96486],[19.994066,49.964734],[19.994008,49.964607],[19.99395,49.964481],[19.99389,49.964355],[19.99383,49.964229],[19.993769,49.964103],[19.993708,49.963977],[19.993646,49.963852],[19.993583,49.963726],[19.99352,49.963601],[19.993457,49.963475],[19.993393,49.96335],[19.993328,49.963225],[19.993264,49.9631],[19.993199,49.962975],[19.993134,49.96285],[19.993068,49.962725],[19.993003,49.9626],[19.992937,49.962475],[19.992871,49.962351],[19.992805,49.962226],[19.99264,49.961911]]}},{"type":"Feature","properties":{"variant":"B","kind":"axis"},"geometry":{"type":"LineString","coordinates":[[19.981734,49.941222],[19.98158,49.94093]]}},{"type":"Feature","properties":{"variant":"B","kind":"axis"},"geometry":{"type":"LineString","coordinates":[[19.947993,49.854116],[19.949176,49.855162],[19.950251,49.856255],[19.951213,49.857391],[19.952058,49.858565],[19.952783,49.859773],[19.953384,49.861009],[19.953858,49.862267],[19.954204,49.863543],[19.954419,49.864831],[19.954505,49.866125],[19.954458,49.86742],[19.954281,49.86871],[19.953974,49.86999]]}},{"type":"Feature","properties":{"variant":"B","kind":"axis"},"geometry":{"type":"LineString","coordinates":[[19.947993,49.854116],[19.94758,49.853783],[19.947156,49.853455],[19.946722,49.853133],[19.946279,49.852816],[19.945826,49.852505],[19.945365,49.852199],[19.944896,49.851899],[19.944419,49.851603],[19.943934,49.851313],[19.943443,49.851027],[19.942946,49.850746],[19.942442,49.85047],[19.941933,49.850198],[19.941419,49.84993],[19.940899,49.849666],[19.940376,49.849405],[19.939848,49.849149],[19.939316,49.848895],[19.938781,49.848645],[19.938242,49.848398],[19.937701,49.848153],[19.937157,49.847911],[19.93661,49.847671],[19.936062,49.847433],[19.935512,49.847196],[19.93496,49.846961],[19.934407,49.846728],[19.933853,49.846495],[19.933298,49.846263],[19.932743,49.846032],[19.932188,49.845801],[19.93004,49.844907],[19.929641,49.844741],[19.929241,49.844575],[19.928842,49.844408],[19.928444,49.844241],[19.928046,49.844073],[19.927648,49.843904],[19.927252,49.843735],[19.926857,49.843564],[19.926463,49.843393],[19.926071,49.843219],[19.92568,49.843045],[19.925291,49.842868],[19.924903,49.84269],[19.924518,49.84251],[19.924136,49.842328],[19.923756,49.842144],[19.923378,49.841957],[19.923004,49.841768],[19.922632,49.841576],[19.922264,49.841382],[19.9219,49.841185],[19.92154,49.840984],[19.921183,49.840781],[19.920831,49.840575],[19.920484,49.840365],[19.920141,49.840152],[19.919804,49.839936],[19.919472,49.839716],[19.919146,49.839493],[19.918826,49.839266],[19.918512,49.839035],[19.918512,49.839035],[19.917437,49.838175],[19.916454,49.83727],[19.915566,49.836325],[19.914776,49.835344],[19.91409,49.834331],[19.913508,49.833291],[19.913035,49.832228],[19.912673,49.831147],[19.912422,49.830054]]}},{"type":"Feature","properties":{"variant":"B","kind":"axis"},"geometry":{"type":"LineString","coordinates":[[19.985562,49.991462],[19.987227,49.99004],[19.987323,49.989959],[19.987418,49.989877],[19.987513,49.989796],[19.987608,49.989715],[19.987703,49.989633],[19.987798,49.989551],[19.987893,49.98947],[19.987987,49.989388],[19.988081,49.989306],[19.988175,49.989224],[19.988269,49.989142],[19.988362,49.98906],[19.988455,49.988977],[19.988548,49.988895],[19.98864,49.988812],[19.988732,49.988729],[19.988823,49.988645],[19.988914,49.988562],[19.989004,49.988478],[19.989094,49.988394],[19.989183,49.98831],[19.989272,49.988226],[19.98936,49.988141],[19.989447,49.988056],[19.989533,49.98797],[19.989619,49.987885],[19.989704,49.987799],[19.989788,49.987712],[19.989871,49.987625],[19.989953,49.987538],[19.990034,49.987451]]}},{"type":"Feature","properties":{"variant":"B","kind":"axis"},"geometry":{"type":"LineString","coordinates":[[19.989002,49.955012],[19.981734,49.941222]]}},{"type":"Feature","properties":{"variant":"B","kind":"axis"},"geometry":{"type":"LineString","coordinates":[[19.977798,49.935173],[19.979204,49.937052],[19.980465,49.938972],[19.98158,49.94093]]}},{"type":"Feature","properties":{"variant":"B","kind":"axis"},"geometry":{"type":"LineString","coordinates":[[19.964163,49.923433],[19.952207,49.91548],[19.951796,49.915207],[19.951386,49.914933],[19.950976,49.91466],[19.950566,49.914385],[19.950158,49.91411],[19.949751,49.913834],[19.949346,49.913557],[19.948943,49.913279],[19.948541,49.913],[19.948142,49.912719],[19.947746,49.912437],[19.947353,49.912153],[19.946963,49.911867],[19.946577,49.911579],[19.946195,49.911289],[19.945817,49.910996],[19.945443,49.910701],[19.945074,49.910404],[19.944711,49.910104],[19.944353,49.909801],[19.944001,49.909496],[19.943655,49.909187],[19.943315,49.908875],[19.942983,49.908561],[19.942658,49.908243],[19.94234,49.907922],[19.942031,49.907597],[19.94173,49.90727],[19.941438,49.906939],[19.941155,49.906604],[19.940882,49.906267],[19.940882,49.906267],[19.940021,49.905082],[19.939284,49.903863],[19.938673,49.902615],[19.938191,49.901344],[19.937841,49.900055],[19.937623,49.898754]]}},{"type":"Feature","properties":{"variant":"B","kind":"axis"},"geometry":{"type":"LineString","coordinates":[[19.940866,49.888107],[19.941027,49.887877],[19.941277,49.887532],[19.941532,49.887189],[19.941792,49.886847],[19.942056,49.886506],[19.942325,49.886167],[19.942597,49.885829],[19.942874,49.885493],[19.943153,49.885157],[19.943435,49.884823],[19.94372,49.884489],[19.944007,49.884156],[19.944296,49.883824],[19.944587,49.883493],[19.944879,49.883162],[19.945171,49.882831],[19.945465,49.882501],[19.945759,49.88217],[19.945845,49.882073],[19.946174,49.881703],[19.946503,49.881332],[19.946831,49.880961],[19.947158,49.88059],[19.947483,49.880218],[19.947807,49.879846],[19.948128,49.879472],[19.948446,49.879098],[19.94876,49.878722],[19.949072,49.878346],[19.949379,49.877967],[19.949681,49.877588],[19.949979,49.877206],[19.950271,49.876823],[19.950558,49.876438],[19.950838,49.876051],[19.951111,49.875663],[19.951378,49.875272],[19.951637,49.874879],[19.951887,49.874483],[19.952129,49.874086],[19.952363,49.873686],[19.952586,49.873284],[19.9528,49.87288],[19.953003,49.872474],[19.953195,49.872065],[19.953376,49.871654],[19.953545,49.871241],[19.953701,49.870826],[19.953844,49.870409],[19.953974,49.86999]]}},{"type":"Feature","properties":{"variant":"B","kind":"axis"},"geometry":{"type":"LineString","coordinates":[[19.921166,49.811613],[19.92278,49.809381]]}},{"type":"Feature","properties":{"variant":"B","kind":"axisTunnel"},"geometry":{"type":"LineString","coordinates":[[19.966403,49.924923],[19.969051,49.926791],[19.971523,49.928757],[19.97381,49.930815],[19.975904,49.932956],[19.977798,49.935173]]}},{"type":"Feature","properties":{"variant":"B","kind":"axisTunnel"},"geometry":{"type":"LineString","coordinates":[[19.966403,49.924923],[19.964163,49.923433]]}},{"type":"Feature","properties":{"variant":"B","kind":"axisTunnel"},"geometry":{"type":"LineString","coordinates":[[19.981031,49.995331],[19.985562,49.991462]]}},{"type":"Feature","properties":{"variant":"B","kind":"axisTunnel"},"geometry":{"type":"LineString","coordinates":[[19.99264,49.961911],[19.989002,49.955012]]}},{"type":"Feature","properties":{"variant":"B","kind":"axisTunnel"},"geometry":{"type":"LineString","coordinates":[[19.937623,49.898754],[19.937541,49.897577],[19.937568,49.896399],[19.937703,49.895224],[19.937946,49.894057],[19.938297,49.892901],[19.938297,49.892901],[19.938433,49.89253],[19.93858,49.892161],[19.938737,49.891794],[19.938903,49.891428],[19.93908,49.891065],[19.939265,49.890703],[19.939459,49.890343],[19.939661,49.889986],[19.939871,49.88963],[19.940089,49.889276],[19.940314,49.888923],[19.940545,49.888573],[19.940783,49.888224],[19.940866,49.888107]]}},{"type":"Feature","properties":{"variant":"B","kind":"axisTunnel"},"geometry":{"type":"LineString","coordinates":[[19.912422,49.830054],[19.912284,49.828953],[19.91226,49.827848],[19.912348,49.826745],[19.91255,49.825649],[19.91255,49.825649],[19.912626,49.825345],[19.912711,49.825043],[19.912803,49.824742],[19.912903,49.824441],[19.913011,49.824142],[19.913126,49.823844],[19.913248,49.823547],[19.913376,49.823251],[19.91351,49.822956],[19.913651,49.822663],[19.913797,49.82237],[19.913948,49.822079],[19.914105,49.821789],[19.914266,49.8215],[19.914432,49.821212],[19.914602,49.820925],[19.914777,49.820639],[19.914954,49.820354],[19.915136,49.82007],[19.91532,49.819787],[19.915507,49.819505],[19.915697,49.819223],[19.915889,49.818942],[19.916083,49.818662],[19.916279,49.818382],[19.916476,49.818102],[19.916675,49.817823],[19.916875,49.817545],[19.917076,49.817266],[19.917277,49.816988],[19.917478,49.816709],[19.921166,49.811613]]}},{"type":"Feature","properties":{"variant":"B","kind":"bdi"},"geometry":{"type":"LineString","coordinates":[[19.86743,49.907446],[19.88774,49.909032]]}},{"type":"Feature","properties":{"variant":"B","kind":"bdi"},"geometry":{"type":"LineString","coordinates":[[19.91237,49.910009],[19.908721,49.910156],[19.905065,49.910172]]}},{"type":"Feature","properties":{"variant":"B","kind":"bdi"},"geometry":{"type":"LineString","coordinates":[[19.91237,49.910009],[19.938727,49.908475]]}},{"type":"Feature","properties":{"variant":"B","kind":"bdi"},"geometry":{"type":"LineString","coordinates":[[19.894383,49.90955],[19.897985,49.909831]]}},{"type":"Feature","properties":{"variant":"B","kind":"bdiTunnel"},"geometry":{"type":"LineString","coordinates":[[19.88774,49.909032],[19.894383,49.90955]]}},{"type":"Feature","properties":{"variant":"B","kind":"bdiTunnel"},"geometry":{"type":"LineString","coordinates":[[19.897985,49.909831],[19.898534,49.909874]]}},{"type":"Feature","properties":{"variant":"B","kind":"bdiTunnel"},"geometry":{"type":"LineString","coordinates":[[19.905065,49.910172],[19.901794,49.910075],[19.898534,49.909874]]}},{"type":"Feature","properties":{"variant":"B","kind":"tunnel","name":"SOLID"},"geometry":{"type":"Polygon","coordinates":[[[19.981253,49.995439],[19.980808,49.995223],[19.982557,49.993729],[19.983687,49.992765],[19.984439,49.992122],[19.98534,49.991354],[19.985785,49.99157],[19.984885,49.992339],[19.984132,49.992981],[19.983002,49.993946],[19.981253,49.995439]]]}},{"type":"Feature","properties":{"variant":"B","kind":"tunnel","name":"SOLID"},"geometry":{"type":"Polygon","coordinates":[[[19.992903,49.961854],[19.992376,49.961969],[19.991976,49.96121],[19.991796,49.960871],[19.991512,49.960331],[19.988738,49.95507],[19.989265,49.954954],[19.992039,49.960215],[19.992324,49.960755],[19.992503,49.961095],[19.992903,49.961854]]]}},{"type":"Feature","properties":{"variant":"B","kind":"tunnel","name":"SOLID"},"geometry":{"type":"Polygon","coordinates":[[[19.978046,49.935089],[19.977554,49.935257],[19.976681,49.934196],[19.976023,49.933442],[19.975541,49.93291],[19.975177,49.932521],[19.974683,49.932006],[19.974339,49.931657],[19.973787,49.931116],[19.972952,49.930325],[19.97203,49.929495],[19.970558,49.92825],[19.96804,49.926321],[19.963961,49.923557],[19.964365,49.923309],[19.968455,49.92608],[19.970992,49.928025],[19.972478,49.929281],[19.973409,49.930119],[19.97425,49.930915],[19.974807,49.931462],[19.975155,49.931815],[19.975653,49.932333],[19.97602,49.932726],[19.976506,49.933263],[19.97717,49.934024],[19.978046,49.935089]]]}},{"type":"Feature","properties":{"variant":"B","kind":"tunnel","name":"SOLID"},"geometry":{"type":"Polygon","coordinates":[[[19.937901,49.898744],[19.937345,49.898763],[19.937273,49.89788],[19.93726,49.897132],[19.937284,49.896479],[19.93732,49.89603],[19.937396,49.895402],[19.937501,49.894785],[19.937604,49.894304],[19.937804,49.893547],[19.937982,49.892986],[19.938336,49.892056],[19.938679,49.891289],[19.93912,49.890426],[19.939624,49.889544],[19.939944,49.889031],[19.940353,49.888409],[19.940612,49.888034],[19.94112,49.88818],[19.940864,49.888552],[19.940459,49.889168],[19.940144,49.889674],[19.939645,49.890545],[19.939211,49.891395],[19.938873,49.892149],[19.938525,49.893065],[19.938351,49.893614],[19.938154,49.894359],[19.938054,49.894829],[19.93795,49.895436],[19.937875,49.896054],[19.93784,49.896493],[19.937817,49.897134],[19.93783,49.897869],[19.937901,49.898744]]]}},{"type":"Feature","properties":{"variant":"B","kind":"tunnel","name":"SOLID"},"geometry":{"type":"Polygon","coordinates":[[[19.912699,49.830036],[19.912145,49.830071],[19.912065,49.829544],[19.912002,49.828891],[19.911977,49.828244],[19.911982,49.827821],[19.912011,49.827301],[19.912073,49.826716],[19.912167,49.826134],[19.912259,49.825692],[19.912415,49.825089],[19.912594,49.824516],[19.912803,49.823939],[19.912963,49.82354],[19.913172,49.823062],[19.913368,49.822646],[19.91359,49.822205],[19.91384,49.821735],[19.914072,49.821322],[19.914652,49.820358],[19.915381,49.819242],[19.915978,49.818376],[19.916666,49.817408],[19.917856,49.815763],[19.918634,49.814688],[19.92,49.812801],[19.920914,49.811537],[19.921417,49.811689],[19.920503,49.812953],[19.919137,49.814841],[19.918359,49.815916],[19.91717,49.817559],[19.916484,49.818525],[19.915891,49.819385],[19.915167,49.820493],[19.914593,49.821449],[19.914364,49.821855],[19.914117,49.822319],[19.913898,49.822754],[19.913705,49.823164],[19.913499,49.823634],[19.913343,49.824025],[19.913137,49.824593],[19.912962,49.825154],[19.912809,49.825746],[19.912719,49.826176],[19.912627,49.826747],[19.912566,49.827319],[19.912538,49.827828],[19.912533,49.828241],[19.912557,49.828876],[19.912619,49.829515],[19.912699,49.830036]]]}},{"type":"Feature","properties":{"variant":"B","kind":"tunnel","name":"SOLID"},"geometry":{"type":"Polygon","coordinates":[[[19.887707,49.909211],[19.887773,49.908854],[19.894417,49.909372],[19.89435,49.909729],[19.887707,49.909211]]]}},{"type":"Feature","properties":{"variant":"B","kind":"tunnel","name":"SOLID"},"geometry":{"type":"Polygon","coordinates":[[[19.897955,49.91001],[19.898016,49.909652],[19.900347,49.909818],[19.901169,49.909864],[19.903223,49.90995],[19.905075,49.909992],[19.905056,49.910351],[19.903195,49.910309],[19.901127,49.910223],[19.900292,49.910176],[19.897955,49.91001]]]}},{"type":"Feature","properties":{"variant":"B","kind":"bridge","name":"SOLID"},"geometry":{"type":"Polygon","coordinates":[[[19.979443,49.997261],[19.978436,49.996808],[19.978307,49.996933],[19.979313,49.997386],[19.979443,49.997261]]]}},{"type":"Feature","properties":{"variant":"B","kind":"bridge","name":"SOLID"},"geometry":{"type":"Polygon","coordinates":[[[19.993201,49.983115],[19.992128,49.98293],[19.992072,49.983076],[19.993145,49.983262],[19.993201,49.983115]]]}},{"type":"Feature","properties":{"variant":"B","kind":"bridge","name":"SOLID"},"geometry":{"type":"Polygon","coordinates":[[[19.995632,49.973612],[19.994519,49.973523],[19.994495,49.973673],[19.995608,49.973761],[19.995632,49.973612]]]}},{"type":"Feature","properties":{"variant":"B","kind":"bridge","name":"SOLID"},"geometry":{"type":"Polygon","coordinates":[[[19.995209,49.96705],[19.994661,49.967114],[19.994626,49.966992],[19.994561,49.966771],[19.994494,49.966557],[19.994411,49.966307],[19.994338,49.966099],[19.994224,49.965795],[19.994046,49.965351],[19.993911,49.965036],[19.993827,49.964847],[19.993759,49.964697],[19.994294,49.964596],[19.994362,49.964747],[19.994448,49.964938],[19.994585,49.965258],[19.994765,49.965708],[19.994881,49.966017],[19.994956,49.96623],[19.99504,49.966483],[19.995108,49.966702],[19.995175,49.966926],[19.995209,49.96705]]]}},{"type":"Feature","properties":{"variant":"B","kind":"bridge","name":"SOLID"},"geometry":{"type":"Polygon","coordinates":[[[19.986211,49.949159],[19.985683,49.949274],[19.985508,49.948943],[19.986036,49.948827],[19.986211,49.949159]]]}},{"type":"Feature","properties":{"variant":"B","kind":"bridge","name":"SOLID"},"geometry":{"type":"Polygon","coordinates":[[[19.984042,49.944623],[19.983056,49.94484],[19.983134,49.944982],[19.98412,49.944765],[19.984042,49.944623]]]}},{"type":"Feature","properties":{"variant":"B","kind":"bridge","name":"SOLID"},"geometry":{"type":"Polygon","coordinates":[[[19.981906,49.94099],[19.981378,49.941106],[19.981297,49.940951],[19.981251,49.940871],[19.981081,49.940563],[19.980848,49.940152],[19.980726,49.939915],[19.980697,49.939863],[19.980686,49.939845],[19.981208,49.939719],[19.981219,49.939738],[19.981252,49.939796],[19.981374,49.940034],[19.981605,49.940441],[19.981775,49.940748],[19.981822,49.94083],[19.981906,49.94099]]]}},{"type":"Feature","properties":{"variant":"B","kind":"bridge","name":"SOLID"},"geometry":{"type":"Polygon","coordinates":[[[19.959951,49.920161],[19.959215,49.920658],[19.959382,49.920764],[19.960117,49.920267],[19.959951,49.920161]]]}},{"type":"Feature","properties":{"variant":"B","kind":"bridge","name":"SOLID"},"geometry":{"type":"Polygon","coordinates":[[[19.954792,49.916891],[19.954345,49.917179],[19.954511,49.917284],[19.954959,49.916997],[19.954792,49.916891]]]}},{"type":"Feature","properties":{"variant":"B","kind":"bridge","name":"SOLID"},"geometry":{"type":"Polygon","coordinates":[[[19.949884,49.913573],[19.949329,49.913904],[19.949496,49.914009],[19.95005,49.913678],[19.949884,49.913573]]]}},{"type":"Feature","properties":{"variant":"B","kind":"bridge","name":"SOLID"},"geometry":{"type":"Polygon","coordinates":[[[19.944392,49.909238],[19.943426,49.909753],[19.943578,49.909867],[19.944544,49.909352],[19.944392,49.909238]]]}},{"type":"Feature","properties":{"variant":"B","kind":"bridge","name":"SOLID"},"geometry":{"type":"Polygon","coordinates":[[[19.953207,49.915888],[19.952807,49.916138],[19.952231,49.915755],[19.950388,49.914525],[19.950788,49.914275],[19.952631,49.915504],[19.953207,49.915888]]]}},{"type":"Feature","properties":{"variant":"B","kind":"bridge","name":"SOLID"},"geometry":{"type":"Polygon","coordinates":[[[19.948405,49.912638],[19.947992,49.91288],[19.947632,49.912623],[19.947145,49.912272],[19.946815,49.91203],[19.946579,49.911855],[19.946417,49.911734],[19.946093,49.911489],[19.945692,49.91118],[19.94534,49.910904],[19.945102,49.910714],[19.944828,49.910492],[19.944604,49.910308],[19.94432,49.910069],[19.944049,49.909839],[19.944493,49.909621],[19.944762,49.909851],[19.945044,49.910087],[19.945265,49.910269],[19.945536,49.910489],[19.945772,49.910677],[19.94612,49.910951],[19.946518,49.911257],[19.946839,49.9115],[19.947,49.911619],[19.947234,49.911793],[19.947561,49.912033],[19.948045,49.912382],[19.948405,49.912638]]]}},{"type":"Feature","properties":{"variant":"B","kind":"bridge","name":"SOLID"},"geometry":{"type":"Polygon","coordinates":[[[19.940625,49.905515],[19.940118,49.905663],[19.939898,49.905349],[19.939625,49.904938],[19.939393,49.904567],[19.939145,49.904146],[19.938931,49.903756],[19.938799,49.903502],[19.938596,49.903086],[19.938452,49.90277],[19.938293,49.9024],[19.938133,49.901992],[19.937957,49.901498],[19.93781,49.901032],[19.937638,49.900396],[19.937434,49.8994],[19.937986,49.899353],[19.938189,49.900341],[19.938357,49.900965],[19.938501,49.901422],[19.938674,49.901908],[19.938832,49.902308],[19.938987,49.902672],[19.939128,49.902981],[19.939329,49.90339],[19.939458,49.903639],[19.939668,49.904022],[19.939912,49.904436],[19.940139,49.904799],[19.940408,49.905204],[19.940625,49.905515]]]}},{"type":"Feature","properties":{"variant":"B","kind":"bridge","name":"SOLID"},"geometry":{"type":"Polygon","coordinates":[[[19.943154,49.885877],[19.942231,49.88553],[19.942116,49.885661],[19.943038,49.886008],[19.943154,49.885877]]]}},{"type":"Feature","properties":{"variant":"B","kind":"bridge","name":"SOLID"},"geometry":{"type":"Polygon","coordinates":[[[19.943364,49.850694],[19.942911,49.851016],[19.943087,49.851115],[19.94354,49.850794],[19.943364,49.850694]]]}},{"type":"Feature","properties":{"variant":"B","kind":"bridge","name":"SOLID"},"geometry":{"type":"Polygon","coordinates":[[[19.927614,49.843652],[19.927247,49.843964],[19.927936,49.844243],[19.928345,49.843961],[19.927614,49.843652]]]}},{"type":"Feature","properties":{"variant":"B","kind":"bridge","name":"SOLID"},"geometry":{"type":"Polygon","coordinates":[[[19.914715,49.834829],[19.914204,49.834971],[19.913951,49.834589],[19.913757,49.834276],[19.91364,49.834079],[19.913284,49.833427],[19.912992,49.832821],[19.912828,49.832428],[19.912752,49.832237],[19.912615,49.831863],[19.912541,49.831646],[19.912403,49.831191],[19.912948,49.831122],[19.913086,49.831573],[19.913157,49.831783],[19.913292,49.832151],[19.913365,49.832336],[19.913526,49.83272],[19.913812,49.833313],[19.914162,49.833955],[19.914275,49.834145],[19.914465,49.834451],[19.914715,49.834829]]]}},{"type":"Feature","properties":{"variant":"B","kind":"bridge","name":"SOLID"},"geometry":{"type":"Polygon","coordinates":[[[19.871682,49.907958],[19.871749,49.907601],[19.873821,49.907763],[19.873754,49.908121],[19.871682,49.907958]]]}},{"type":"Feature","properties":{"variant":"B","kind":"bridge","name":"SOLID"},"geometry":{"type":"Polygon","coordinates":[[[19.877628,49.907946],[19.877483,49.908671],[19.877715,49.908688],[19.877859,49.907964],[19.877628,49.907946]]]}},{"type":"Feature","properties":{"variant":"B","kind":"bridge","name":"SOLID"},"geometry":{"type":"Polygon","coordinates":[[[19.907424,49.910356],[19.907409,49.909997],[19.909053,49.909968],[19.910023,49.909938],[19.910753,49.90991],[19.91115,49.909893],[19.911188,49.910251],[19.910789,49.910269],[19.910052,49.910298],[19.909074,49.910327],[19.907424,49.910356]]]}},{"type":"Feature","properties":{"variant":"B","kind":"bridge","name":"SOLID"},"geometry":{"type":"Polygon","coordinates":[[[19.879696,49.908585],[19.879762,49.908228],[19.885155,49.908649],[19.885088,49.909006],[19.879696,49.908585]]]}},{"type":"Feature","properties":{"variant":"B","kind":"bridge","name":"SOLID"},"geometry":{"type":"Polygon","coordinates":[[[19.912067,49.909832],[19.912105,49.910228],[19.912337,49.910218],[19.9123,49.909822],[19.912067,49.909832]]]}},{"type":"Feature","properties":{"variant":"B","kind":"bridge","name":"SOLID"},"geometry":{"type":"Polygon","coordinates":[[[19.987952,49.989064],[19.988488,49.989315],[19.98862,49.989191],[19.988083,49.988939],[19.987952,49.989064]]]}},{"type":"Feature","properties":{"variant":"B","kind":"bridge","name":"SOLID"},"geometry":{"type":"Polygon","coordinates":[[[19.987902,49.952325],[19.987344,49.952438],[19.987424,49.95258],[19.987981,49.952466],[19.987902,49.952325]]]}},{"type":"Feature","properties":{"variant":"B","kind":"bridge","name":"SOLID"},"geometry":{"type":"Polygon","coordinates":[[[19.928786,49.909235],[19.928736,49.908877],[19.935756,49.908468],[19.935806,49.908826],[19.928786,49.909235]]]}},{"type":"Feature","properties":{"variant":"B","kind":"bridge","name":"SOLID"},"geometry":{"type":"Polygon","coordinates":[[[19.93593,49.846956],[19.934791,49.847348],[19.934914,49.847476],[19.936052,49.847084],[19.93593,49.846956]]]}},{"type":"Feature","properties":{"variant":"B","kind":"bridge","name":"SOLID"},"geometry":{"type":"Polygon","coordinates":[[[19.941264,49.906212],[19.940566,49.906372],[19.940629,49.906517],[19.941327,49.906357],[19.941264,49.906212]]]}},{"type":"Feature","properties":{"variant":"B","kind":"bridge","name":"SOLID"},"geometry":{"type":"Polygon","coordinates":[[[19.98074,49.938657],[19.979934,49.938778],[19.979992,49.938923],[19.980798,49.938803],[19.98074,49.938657]]]}},{"type":"Feature","properties":{"variant":"B","kind":"bridge","name":"SOLID"},"geometry":{"type":"Polygon","coordinates":[[[19.97683,50.001184],[19.977124,50.001684],[19.97734,50.001627],[19.977047,50.001128],[19.97683,50.001184]]]}},{"type":"Feature","properties":{"variant":"B","kind":"bridge","name":"SOLID"},"geometry":{"type":"Polygon","coordinates":[[[19.973763,50.001285],[19.973512,50.001795],[19.973737,50.001837],[19.973987,50.001328],[19.973763,50.001285]]]}},{"type":"Feature","properties":{"variant":"B","kind":"bridge","name":"SOLID"},"geometry":{"type":"Polygon","coordinates":[[[19.943762,49.908652],[19.942541,49.908577],[19.942515,49.908726],[19.943735,49.908801],[19.943762,49.908652]]]}},{"type":"Feature","properties":{"variant":"B","kind":"bridge","name":"SOLID"},"geometry":{"type":"Polygon","coordinates":[[[19.941971,49.906954],[19.941189,49.907286],[19.941311,49.907414],[19.942093,49.907083],[19.941971,49.906954]]]}},{"type":"Feature","properties":{"variant":"B","kind":"bridge","name":"SOLID"},"geometry":{"type":"Polygon","coordinates":[[[19.950631,49.876764],[19.950145,49.876563],[19.950023,49.876691],[19.950509,49.876892],[19.950631,49.876764]]]}},{"type":"Feature","properties":{"variant":"B","kind":"interchange"},"geometry":{"type":"MultiPolygon","coordinates":[[[[19.97519,50.001519],[19.975188,50.001456],[19.975179,50.001394],[19.975164,50.001332],[19.975142,50.001271],[19.975113,50.001211],[19.975078,50.001152],[19.975036,50.001096],[19.974989,50.001041],[19.974935,50.000988],[19.974876,50.000938],[19.974812,50.000891],[19.974743,50.000847],[19.974669,50.000806],[19.974591,50.000768],[19.97451,50.000734],[19.974424,50.000704],[19.974336,50.000678],[19.974245,50.000656],[19.974152,50.000637],[19.974057,50.000624],[19.97396,50.000614],[19.973863,50.000609],[19.973766,50.000608],[19.973669,50.000611],[19.973572,50.000619],[19.973477,50.000631],[19.973383,50.000648],[19.973291,50.000669],[19.973201,50.000693],[19.973115,50.000722],[19.973032,50.000755],[19.972952,50.000791],[19.972877,50.00083],[19.972806,50.000873],[19.97274,50.000919],[19.972679,50.000968],[19.972623,50.00102],[19.972573,50.001074],[19.972529,50.00113],[19.972492,50.001188],[19.97246,50.001247],[19.972435,50.001308],[19.972417,50.001369],[19.972406,50.001432],[19.972401,50.001494],[19.972403,50.001557],[19.972412,50.00162],[19.972427,50.001682],[19.97245,50.001743],[19.972478,50.001803],[19.972514,50.001861],[19.972555,50.001918],[19.972603,50.001973],[19.972656,50.002025],[19.972715,50.002075],[19.972779,50.002122],[19.972848,50.002167],[19.972922,50.002207],[19.973,50.002245],[19.973082,50.002279],[19.973167,50.002309],[19.973255,50.002336],[19.973346,50.002358],[19.97344,50.002376],[19.973535,50.00239],[19.973631,50.002399],[19.973728,50.002405],[19.973825,50.002406],[19.973922,50.002402],[19.974019,50.002394],[19.974114,50.002382],[19.974208,50.002365],[19.9743,50.002345],[19.97439,50.00232],[19.974476,50.002291],[19.97456,50.002259],[19.974639,50.002223],[19.974715,50.002183],[19.974786,50.00214],[19.974852,50.002094],[19.974913,50.002045],[19.974968,50.001994],[19.975018,50.00194],[19.975062,50.001884],[19.9751,50.001826],[19.975131,50.001766],[19.975156,50.001706],[19.975174,50.001644],[19.975186,50.001582],[19.97519,50.001519]]]]}},{"type":"Feature","properties":{"variant":"B","kind":"interchange"},"geometry":{"type":"MultiPolygon","coordinates":[[[[19.981792,49.938923],[19.98179,49.93886],[19.981781,49.938798],[19.981765,49.938736],[19.981743,49.938675],[19.981714,49.938615],[19.981679,49.938557],[19.981638,49.9385],[19.98159,49.938445],[19.981537,49.938392],[19.981478,49.938343],[19.981414,49.938295],[19.981345,49.938251],[19.981271,49.93821],[19.981193,49.938173],[19.981112,49.938139],[19.981026,49.938108],[19.980938,49.938082],[19.980847,49.93806],[19.980754,49.938042],[19.980659,49.938028],[19.980563,49.938018],[19.980466,49.938013],[19.980369,49.938012],[19.980272,49.938016],[19.980176,49.938024],[19.98008,49.938036],[19.979986,49.938052],[19.979895,49.938073],[19.979805,49.938098],[19.979719,49.938126],[19.979636,49.938159],[19.979556,49.938195],[19.979481,49.938235],[19.97941,49.938278],[19.979344,49.938324],[19.979283,49.938373],[19.979228,49.938424],[19.979178,49.938478],[19.979134,49.938534],[19.979096,49.938592],[19.979065,49.938651],[19.97904,49.938712],[19.979022,49.938774],[19.979011,49.938836],[19.979006,49.938899],[19.979008,49.938961],[19.979017,49.939024],[19.979032,49.939086],[19.979055,49.939147],[19.979083,49.939207],[19.979119,49.939265],[19.97916,49.939322],[19.979207,49.939377],[19.979261,49.939429],[19.97932,49.939479],[19.979384,49.939527],[19.979453,49.939571],[19.979526,49.939612],[19.979604,49.939649],[19.979686,49.939683],[19.979771,49.939714],[19.979859,49.93974],[19.97995,49.939762],[19.980043,49.93978],[19.980138,49.939794],[19.980234,49.939804],[19.980331,49.939809],[19.980428,49.93981],[19.980526,49.939806],[19.980622,49.939798],[19.980717,49.939786],[19.980811,49.93977],[19.980903,49.939749],[19.980992,49.939724],[19.981079,49.939696],[19.981162,49.939663],[19.981241,49.939627],[19.981317,49.939587],[19.981388,49.939544],[19.981454,49.939498],[19.981515,49.939449],[19.98157,49.939398],[19.98162,49.939344],[19.981664,49.939288],[19.981701,49.93923],[19.981733,49.939171],[19.981757,49.93911],[19.981776,49.939048],[19.981787,49.938986],[19.981792,49.938923]]]]}},{"type":"Feature","properties":{"variant":"B","kind":"interchange"},"geometry":{"type":"MultiPolygon","coordinates":[[[[19.944646,49.908207],[19.944644,49.908144],[19.944635,49.908082],[19.94462,49.90802],[19.944598,49.907959],[19.944569,49.907899],[19.944534,49.90784],[19.944492,49.907784],[19.944445,49.907729],[19.944392,49.907676],[19.944333,49.907626],[19.944269,49.907579],[19.9442,49.907535],[19.944127,49.907494],[19.944049,49.907456],[19.943967,49.907422],[19.943882,49.907392],[19.943794,49.907366],[19.943703,49.907343],[19.94361,49.907325],[19.943515,49.907311],[19.943419,49.907302],[19.943322,49.907296],[19.943225,49.907296],[19.943128,49.907299],[19.943032,49.907307],[19.942936,49.907319],[19.942843,49.907336],[19.942751,49.907356],[19.942662,49.907381],[19.942575,49.90741],[19.942492,49.907442],[19.942413,49.907478],[19.942337,49.907518],[19.942266,49.907561],[19.9422,49.907607],[19.942139,49.907656],[19.942084,49.907707],[19.942034,49.907761],[19.94199,49.907817],[19.941953,49.907875],[19.941921,49.907934],[19.941897,49.907995],[19.941878,49.908057],[19.941867,49.908119],[19.941862,49.908182],[19.941864,49.908245],[19.941873,49.908307],[19.941888,49.908369],[19.941911,49.90843],[19.941939,49.90849],[19.941974,49.908549],[19.942016,49.908605],[19.942063,49.90866],[19.942116,49.908713],[19.942175,49.908763],[19.942239,49.90881],[19.942308,49.908854],[19.942382,49.908895],[19.942459,49.908933],[19.942541,49.908967],[19.942626,49.908997],[19.942714,49.909023],[19.942805,49.909046],[19.942898,49.909064],[19.942993,49.909078],[19.943089,49.909087],[19.943186,49.909092],[19.943283,49.909093],[19.94338,49.90909],[19.943476,49.909082],[19.943572,49.90907],[19.943666,49.909053],[19.943757,49.909033],[19.943847,49.909008],[19.943933,49.908979],[19.944016,49.908947],[19.944096,49.908911],[19.944171,49.908871],[19.944242,49.908828],[19.944308,49.908782],[19.944369,49.908733],[19.944424,49.908682],[19.944474,49.908628],[19.944518,49.908572],[19.944555,49.908514],[19.944587,49.908454],[19.944612,49.908394],[19.94463,49.908332],[19.944641,49.90827],[19.944646,49.908207]]]]}},{"type":"Feature","properties":{"variant":"B","kind":"interchange"},"geometry":{"type":"MultiPolygon","coordinates":[[[[19.951726,49.87674],[19.951724,49.876677],[19.951715,49.876614],[19.9517,49.876552],[19.951677,49.876491],[19.951649,49.876431],[19.951614,49.876373],[19.951572,49.876316],[19.951525,49.876261],[19.951472,49.876209],[19.951413,49.876159],[19.951349,49.876112],[19.95128,49.876067],[19.951207,49.876026],[19.951129,49.875989],[19.951047,49.875955],[19.950962,49.875925],[19.950874,49.875898],[19.950783,49.875876],[19.95069,49.875858],[19.950596,49.875844],[19.9505,49.875834],[19.950403,49.875829],[19.950306,49.875828],[19.950209,49.875832],[19.950112,49.87584],[19.950017,49.875852],[19.949924,49.875868],[19.949832,49.875889],[19.949743,49.875914],[19.949656,49.875942],[19.949573,49.875975],[19.949494,49.876011],[19.949419,49.876051],[19.949348,49.876093],[19.949282,49.87614],[19.949221,49.876188],[19.949165,49.87624],[19.949116,49.876294],[19.949072,49.87635],[19.949034,49.876408],[19.949003,49.876467],[19.948978,49.876528],[19.94896,49.876589],[19.948948,49.876652],[19.948944,49.876714],[19.948946,49.876777],[19.948955,49.87684],[19.94897,49.876902],[19.948992,49.876963],[19.949021,49.877023],[19.949056,49.877081],[19.949097,49.877138],[19.949145,49.877193],[19.949198,49.877245],[19.949257,49.877295],[19.949321,49.877342],[19.94939,49.877387],[19.949463,49.877428],[19.949541,49.877465],[19.949622,49.877499],[19.949707,49.87753],[19.949796,49.877556],[19.949886,49.877578],[19.949979,49.877596],[19.950074,49.87761],[19.95017,49.87762],[19.950267,49.877625],[19.950364,49.877626],[19.950461,49.877622],[19.950557,49.877615],[19.950652,49.877602],[19.950746,49.877586],[19.950838,49.877565],[19.950927,49.877541],[19.951014,49.877512],[19.951097,49.877479],[19.951176,49.877443],[19.951251,49.877404],[19.951322,49.877361],[19.951388,49.877315],[19.951449,49.877266],[19.951504,49.877214],[19.951554,49.87716],[19.951598,49.877104],[19.951635,49.877046],[19.951667,49.876987],[19.951692,49.876926],[19.95171,49.876865],[19.951721,49.876802],[19.951726,49.87674]]]]}},{"type":"Feature","properties":{"variant":"B","kind":"interchange"},"geometry":{"type":"MultiPolygon","coordinates":[[[[19.942256,49.849646],[19.942254,49.849583],[19.942245,49.84952],[19.94223,49.849458],[19.942208,49.849397],[19.942179,49.849337],[19.942144,49.849279],[19.942102,49.849222],[19.942055,49.849167],[19.942002,49.849115],[19.941943,49.849065],[19.941879,49.849017],[19.941811,49.848973],[19.941737,49.848932],[19.941659,49.848895],[19.941578,49.848861],[19.941493,49.84883],[19.941405,49.848804],[19.941314,49.848782],[19.941221,49.848764],[19.941126,49.84875],[19.941031,49.84874],[19.940934,49.848735],[19.940837,49.848734],[19.94074,49.848737],[19.940644,49.848745],[19.940548,49.848757],[19.940455,49.848774],[19.940363,49.848795],[19.940274,49.848819],[19.940188,49.848848],[19.940105,49.84888],[19.940025,49.848917],[19.93995,49.848956],[19.939879,49.848999],[19.939813,49.849045],[19.939752,49.849094],[19.939697,49.849146],[19.939647,49.8492],[19.939604,49.849256],[19.939566,49.849313],[19.939535,49.849373],[19.93951,49.849433],[19.939492,49.849495],[19.93948,49.849557],[19.939475,49.84962],[19.939477,49.849683],[19.939486,49.849745],[19.939502,49.849807],[19.939524,49.849868],[19.939552,49.849928],[19.939588,49.849987],[19.939629,49.850044],[19.939676,49.850098],[19.939729,49.850151],[19.939788,49.850201],[19.939852,49.850248],[19.939921,49.850292],[19.939994,49.850333],[19.940072,49.850371],[19.940154,49.850405],[19.940239,49.850435],[19.940327,49.850462],[19.940417,49.850484],[19.94051,49.850502],[19.940605,49.850516],[19.940701,49.850526],[19.940798,49.850531],[19.940895,49.850532],[19.940991,49.850528],[19.941088,49.85052],[19.941183,49.850508],[19.941277,49.850492],[19.941368,49.850471],[19.941458,49.850446],[19.941544,49.850418],[19.941627,49.850385],[19.941706,49.850349],[19.941781,49.850309],[19.941852,49.850266],[19.941918,49.85022],[19.941979,49.850172],[19.942034,49.85012],[19.942084,49.850066],[19.942128,49.85001],[19.942165,49.849952],[19.942197,49.849893],[19.942222,49.849832],[19.94224,49.849771],[19.942251,49.849708],[19.942256,49.849646]]]]}},{"type":"Feature","properties":{"variant":"B","kind":"interchangeName","name":"Węzeł Kraków Tuchowska"},"geometry":{"type":"Point","coordinates":[19.978738,50.003429]}},{"type":"Feature","properties":{"variant":"B","kind":"interchangeName","name":"Węzeł Rzeszotary"},"geometry":{"type":"Point","coordinates":[19.982864,49.937864]}},{"type":"Feature","properties":{"variant":"B","kind":"interchangeName","name":"Węzeł Siepraw"},"geometry":{"type":"Point","coordinates":[19.947768,49.907715]}},{"type":"Feature","properties":{"variant":"B","kind":"interchangeName","name":"Węzeł Zawada"},"geometry":{"type":"Point","coordinates":[19.953142,49.877731]}},{"type":"Feature","properties":{"variant":"B","kind":"interchangeName","name":"Węzeł Myślenice Północ"},"geometry":{"type":"Point","coordinates":[19.943968,49.849025]}},{"type":"Feature","properties":{"variant":"B","kind":"interchangeName","name":"Węzeł Głogoczów"},"geometry":{"type":"Point","coordinates":[19.871977,49.906495]}},{"type":"Feature","properties":{"variant":"B","kind":"extent"},"geometry":{"type":"MultiLineString","coordinates":[[[19.927155,49.844121],[19.927059,49.844083]],[[19.92715,49.844127],[19.927054,49.844089]],[[19.927137,49.84414],[19.927041,49.844102]],[[19.927124,49.844153],[19.927029,49.844116]],[[19.927119,49.844159],[19.927024,49.844122]],[[19.927059,49.844083],[19.926622,49.843923]],[[19.927054,49.844089],[19.926617,49.843929]],[[19.927041,49.844102],[19.926604,49.843942]],[[19.927029,49.844116],[19.926591,49.843956]],[[19.927024,49.844122],[19.926585,49.843961]],[[19.926622,49.843923],[19.92608,49.843679]],[[19.926617,49.843929],[19.926073,49.843684]],[[19.926604,49.843942],[19.926059,49.843697]],[[19.926591,49.843956],[19.926044,49.843709]],[[19.926585,49.843961],[19.926037,49.843715]],[[19.92608,49.843679],[19.924782,49.842976]],[[19.926073,49.843684],[19.924775,49.842981]],[[19.926059,49.843697],[19.92476,49.842993]],[[19.926044,49.843709],[19.924744,49.843006]],[[19.926037,49.843715],[19.924737,49.843011]],[[19.924782,49.842976],[19.923546,49.84233]],[[19.924775,49.842981],[19.923539,49.842335]],[[19.92476,49.842993],[19.923524,49.842348]],[[19.924744,49.843006],[19.923509,49.84236]],[[19.924737,49.843011],[19.923502,49.842365]],[[19.923546,49.84233],[19.921968,49.841522]],[[19.923539,49.842335],[19.921962,49.841527]],[[19.923524,49.842348],[19.921947,49.84154]],[[19.923509,49.84236],[19.921932,49.841552]],[[19.923502,49.842365],[19.921925,49.841557]],[[19.921968,49.841522],[19.920211,49.840625]],[[19.921962,49.841527],[19.920205,49.84063]],[[19.921947,49.84154],[19.920188,49.840641]],[[19.921932,49.841552],[19.920172,49.840653]],[[19.921925,49.841557],[19.920165,49.840658]],[[19.920211,49.840625],[19.919163,49.839939]],[[19.920205,49.84063],[19.919155,49.839943]],[[19.920188,49.840641],[19.919138,49.839954]],[[19.920172,49.840653],[19.91912,49.839965]],[[19.920165,49.840658],[19.919112,49.839969]],[[19.919163,49.839939],[19.917878,49.838981]],[[19.919155,49.839943],[19.91787,49.838986]],[[19.919138,49.839954],[19.917852,49.838996]],[[19.91912,49.839965],[19.917834,49.839007]],[[19.919112,49.839969],[19.917826,49.839011]],[[19.917878,49.838981],[19.916761,49.838208]],[[19.91787,49.838986],[19.916752,49.838213]],[[19.917852,49.838996],[19.916733,49.838222]],[[19.917834,49.839007],[19.916714,49.838232]],[[19.917826,49.839011],[19.916705,49.838236]],[[19.916761,49.838208],[19.916126,49.837546]],[[19.916752,49.838213],[19.916117,49.837549]],[[19.916733,49.838222],[19.916096,49.837557]],[[19.916714,49.838232],[19.916075,49.837565]],[[19.916705,49.838236],[19.916066,49.837568]],[[19.916126,49.837546],[19.915061,49.836236]],[[19.916117,49.837549],[19.915052,49.836239]],[[19.916096,49.837557],[19.915031,49.836247]],[[19.916075,49.837565],[19.91501,49.836255]],[[19.916066,49.837568],[19.915001,49.836258]],[[19.915061,49.836236],[19.914003,49.835171]],[[19.915052,49.836239],[19.913992,49.835173]],[[19.915031,49.836247],[19.913969,49.835179]],[[19.91501,49.836255],[19.913945,49.835184]],[[19.915001,49.836258],[19.913935,49.835186]],[[19.914003,49.835171],[19.913961,49.83482]],[[19.913992,49.835173],[19.913951,49.834821]],[[19.913969,49.835179],[19.913927,49.834825]],[[19.913945,49.835184],[19.913903,49.834828]],[[19.913935,49.835186],[19.913893,49.83483]],[[19.913961,49.83482],[19.913407,49.833896]],[[19.913951,49.834821],[19.913397,49.833899]],[[19.913927,49.834825],[19.913374,49.833904]],[[19.913903,49.834828],[19.913351,49.83391]],[[19.913893,49.83483],[19.913342,49.833912]],[[19.913407,49.833896],[19.913055,49.833241]],[[19.913397,49.833899],[19.913045,49.833243]],[[19.913374,49.833904],[19.913022,49.833248]],[[19.913351,49.83391],[19.912999,49.833252]],[[19.913342,49.833912],[19.912989,49.833255]],[[19.913055,49.833241],[19.912733,49.83256]],[[19.913045,49.833243],[19.912723,49.832562]],[[19.913022,49.833248],[19.912699,49.832566]],[[19.912999,49.833252],[19.912676,49.83257]],[[19.912989,49.833255],[19.912666,49.832572]],[[19.912733,49.83256],[19.912434,49.831751]],[[19.912723,49.832562],[19.912424,49.831752]],[[19.912699,49.832566],[19.9124,49.831756]],[[19.912676,49.83257],[19.912376,49.83176]],[[19.912666,49.832572],[19.912366,49.831761]]]}},{"type":"Feature","properties":{"variant":"B","kind":"extent"},"geometry":{"type":"MultiLineString","coordinates":[[[19.927905,49.8436],[19.927503,49.843413]],[[19.927898,49.843605],[19.927497,49.843418]],[[19.927884,49.843618],[19.927484,49.843431]],[[19.92787,49.843631],[19.92747,49.843444]],[[19.927864,49.843636],[19.927464,49.84345]],[[19.927503,49.843413],[19.926856,49.84315]],[[19.927497,49.843418],[19.926851,49.843156]],[[19.927484,49.843431],[19.926837,49.843169]],[[19.92747,49.843444],[19.926824,49.843182]],[[19.927464,49.84345],[19.926818,49.843188]],[[19.926856,49.84315],[19.925809,49.842686]],[[19.926851,49.843156],[19.925803,49.842691]],[[19.926837,49.843169],[19.925789,49.842704]],[[19.926824,49.843182],[19.925776,49.842717]],[[19.926818,49.843188],[19.92577,49.842723]],[[19.925809,49.842686],[19.924844,49.84228]],[[19.925803,49.842691],[19.924838,49.842286]],[[19.925789,49.842704],[19.924824,49.842298]],[[19.925776,49.842717],[19.92481,49.842311]],[[19.92577,49.842723],[19.924804,49.842317]],[[19.924844,49.84228],[19.923927,49.841824]],[[19.924838,49.842286],[19.923921,49.84183]],[[19.924824,49.842298],[19.923906,49.841842]],[[19.92481,49.842311],[19.92389,49.841854]],[[19.924804,49.842317],[19.923884,49.84186]],[[19.923927,49.841824],[19.923041,49.841363]],[[19.923921,49.84183],[19.923034,49.841368]],[[19.923906,49.841842],[19.923018,49.84138]],[[19.92389,49.841854],[19.923002,49.841392]],[[19.923884,49.84186],[19.922995,49.841397]],[[19.923041,49.841363],[19.921865,49.840649]],[[19.923034,49.841368],[19.921858,49.840654]],[[19.923018,49.84138],[19.921841,49.840665]],[[19.923002,49.841392],[19.921824,49.840677]],[[19.922995,49.841397],[19.921816,49.840681]],[[19.921865,49.840649],[19.920579,49.839789]],[[19.921858,49.840654],[19.920571,49.839794]],[[19.921841,49.840665],[19.920554,49.839805]],[[19.921824,49.840677],[19.920536,49.839816]],[[19.921816,49.840681],[19.920529,49.83982]],[[19.920579,49.839789],[19.918787,49.838623]],[[19.920571,49.839794],[19.918779,49.838628]],[[19.920554,49.839805],[19.91876,49.838638]],[[19.920536,49.839816],[19.918741,49.838648]],[[19.920529,49.83982],[19.918733,49.838652]],[[19.918787,49.838623],[19.917614,49.837524]],[[19.918779,49.838628],[19.917605,49.837528]],[[19.91876,49.838638],[19.917585,49.837538]],[[19.918741,49.838648],[19.917566,49.837547]],[[19.918733,49.838652],[19.917557,49.837551]],[[19.917614,49.837524],[19.915938,49.8361]],[[19.917605,49.837528],[19.915929,49.836103]],[[19.917585,49.837538],[19.915908,49.836111]],[[19.917566,49.837547],[19.915887,49.836119]],[[19.917557,49.837551],[19.915878,49.836122]],[[19.915938,49.8361],[19.915125,49.834852]],[[19.915929,49.836103],[19.915116,49.834855]],[[19.915908,49.836111],[19.915096,49.834864]],[[19.915887,49.836119],[19.915075,49.834873]],[[19.915878,49.836122],[19.915066,49.834876]],[[19.915125,49.834852],[19.914749,49.834583]],[[19.915116,49.834855],[19.91474,49.834587]],[[19.915096,49.834864],[19.914719,49.834595]],[[19.915075,49.834873],[19.914697,49.834604]],[[19.915066,49.834876],[19.914688,49.834607]],[[19.914749,49.834583],[19.914413,49.833987]],[[19.91474,49.834587],[19.914403,49.833989]],[[19.914719,49.834595],[19.91438,49.833995]],[[19.914697,49.834604],[19.914357,49.834]],[[19.914688,49.834607],[19.914348,49.834003]],[[19.914413,49.833987],[19.91405,49.833393]],[[19.914403,49.833989],[19.914041,49.833395]],[[19.91438,49.833995],[19.914018,49.8334]],[[19.914357,49.834],[19.913995,49.833405]],[[19.914348,49.834003],[19.913985,49.833408]],[[19.91405,49.833393],[19.913618,49.832508]],[[19.914041,49.833395],[19.913608,49.83251]],[[19.914018,49.8334],[19.913584,49.832514]],[[19.913995,49.833405],[19.913561,49.832518]],[[19.913985,49.833408],[19.913551,49.832519]],[[19.913618,49.832508],[19.913427,49.831906]],[[19.913608,49.83251],[19.913416,49.831907]],[[19.913584,49.832514],[19.913392,49.83191]],[[19.913561,49.832518],[19.913369,49.831913]],[[19.913551,49.832519],[19.913358,49.831915]]]}},{"type":"Feature","properties":{"variant":"B","kind":"extent"},"geometry":{"type":"MultiLineString","coordinates":[[[19.91337,49.831576],[19.913068,49.830491]],[[19.91336,49.831577],[19.913058,49.830492]],[[19.913336,49.83158],[19.913034,49.830495]],[[19.913312,49.831583],[19.91301,49.830498]],[[19.913302,49.831584],[19.913,49.830499]],[[19.913068,49.830491],[19.912864,49.829696]],[[19.913058,49.830492],[19.912854,49.829697]],[[19.913034,49.830495],[19.912829,49.829698]],[[19.91301,49.830498],[19.912805,49.8297]],[[19.913,49.830499],[19.912795,49.829701]],[[19.912864,49.829696],[19.912834,49.829233]],[[19.912854,49.829697],[19.912823,49.829233]],[[19.912829,49.829698],[19.912799,49.829234]],[[19.912805,49.8297],[19.912775,49.829234]],[[19.912795,49.829701],[19.912764,49.829235]]]}},{"type":"Feature","properties":{"variant":"B","kind":"extent"},"geometry":{"type":"MultiLineString","coordinates":[[[19.912014,49.831333],[19.912211,49.830688]],[[19.912004,49.831332],[19.912201,49.830688]],[[19.91198,49.831329],[19.912176,49.830688]],[[19.911956,49.831326],[19.912151,49.830689]],[[19.911946,49.831325],[19.91214,49.830689]],[[19.912211,49.830688],[19.911803,49.82971]],[[19.912201,49.830688],[19.911793,49.829711]],[[19.912176,49.830688],[19.911769,49.829713]],[[19.912151,49.830689],[19.911744,49.829715]],[[19.91214,49.830689],[19.911734,49.829716]],[[19.911803,49.82971],[19.911809,49.829436]],[[19.911793,49.829711],[19.911799,49.829436]],[[19.911769,49.829713],[19.911775,49.829435]],[[19.911744,49.829715],[19.91175,49.829435]],[[19.911734,49.829716],[19.91174,49.829435]]]}},{"type":"Feature","properties":{"variant":"B","kind":"extent"},"geometry":{"type":"MultiLineString","coordinates":[[[19.8778,49.9069],[19.877786,49.907493]],[[19.87781,49.9069],[19.877797,49.907494]],[[19.877849,49.9069],[19.877835,49.907495]],[[19.877887,49.9069],[19.877873,49.907497]],[[19.877897,49.9069],[19.877884,49.907498]],[[19.877786,49.907493],[19.877526,49.908796]],[[19.877797,49.907494],[19.877537,49.908794]],[[19.877835,49.907495],[19.877577,49.908787]],[[19.877873,49.907497],[19.877617,49.90878]],[[19.877884,49.907498],[19.877628,49.908778]],[[19.877526,49.908796],[19.878153,49.909297]],[[19.877537,49.908794],[19.878161,49.909292]],[[19.877577,49.908787],[19.87819,49.909277]],[[19.877617,49.90878],[19.87822,49.909261]],[[19.877628,49.908778],[19.878228,49.909257]]]}},{"type":"Feature","properties":{"variant":"B","kind":"extent"},"geometry":{"type":"MultiLineString","coordinates":[[[19.911652,49.910974],[19.912294,49.910475]],[[19.911644,49.91097],[19.912283,49.910473]],[[19.911614,49.910954],[19.912244,49.910464]],[[19.911585,49.910938],[19.912205,49.910456]],[[19.911577,49.910934],[19.912194,49.910454]],[[19.912294,49.910475],[19.912217,49.909668]],[[19.912283,49.910473],[19.912206,49.909663]],[[19.912244,49.910464],[19.912166,49.909644]],[[19.912205,49.910456],[19.912126,49.909626]],[[19.912194,49.910454],[19.912115,49.909621]],[[19.912217,49.909668],[19.913488,49.909435]],[[19.912206,49.909663],[19.913482,49.909429]],[[19.912166,49.909644],[19.91346,49.909408]],[[19.912126,49.909626],[19.913438,49.909386]],[[19.912115,49.909621],[19.913432,49.90938]],[[19.913488,49.909435],[19.913923,49.909093]],[[19.913482,49.909429],[19.913915,49.909088]],[[19.91346,49.909408],[19.913886,49.909073]],[[19.913438,49.909386],[19.913856,49.909057]],[[19.913432,49.90938],[19.913848,49.909053]]]}},{"type":"Feature","properties":{"variant":"B","kind":"extent"},"geometry":{"type":"MultiLineString","coordinates":[[[19.929222,49.907664],[19.929502,49.908265]],[[19.929232,49.907662],[19.929512,49.908263]],[[19.929268,49.907655],[19.92955,49.908258]],[[19.929305,49.907648],[19.929587,49.908253]],[[19.929315,49.907646],[19.929597,49.908252]],[[19.929502,49.908265],[19.929737,49.909453]],[[19.929512,49.908263],[19.929747,49.90945]],[[19.92955,49.908258],[19.929783,49.90944]],[[19.929587,49.908253],[19.92982,49.90943]],[[19.929597,49.908252],[19.92983,49.909428]],[[19.929737,49.909453],[19.930777,49.910304]],[[19.929747,49.90945],[19.930787,49.910301]],[[19.929783,49.90944],[19.930823,49.91029]],[[19.92982,49.90943],[19.930858,49.91028]],[[19.92983,49.909428],[19.930868,49.910277]],[[19.930777,49.910304],[19.930847,49.910546]],[[19.930787,49.910301],[19.930858,49.910545]],[[19.930823,49.91029],[19.930895,49.91054]],[[19.930858,49.91028],[19.930933,49.910536]],[[19.930868,49.910277],[19.930943,49.910534]]]}},{"type":"Feature","properties":{"variant":"B","kind":"extent"},"geometry":{"type":"MultiLineString","coordinates":[[[19.929836,49.909454],[19.927697,49.90951]],[[19.929836,49.909461],[19.927697,49.909517]],[[19.929838,49.909485],[19.927698,49.909542]],[[19.92984,49.90951],[19.927698,49.909566]],[[19.92984,49.909517],[19.927698,49.909573]],[[19.927697,49.90951],[19.925192,49.909487]],[[19.927697,49.909517],[19.925193,49.909494]],[[19.927698,49.909542],[19.925196,49.909519]],[[19.927698,49.909566],[19.9252,49.909543]],[[19.927698,49.909573],[19.9252,49.90955]],[[19.925192,49.909487],[19.922062,49.909856]],[[19.925193,49.909494],[19.922067,49.909862]],[[19.925196,49.909519],[19.922085,49.909885]],[[19.9252,49.909543],[19.922103,49.909908]],[[19.9252,49.90955],[19.922108,49.909914]],[[19.922062,49.909856],[19.921649,49.910105]],[[19.922067,49.909862],[19.921656,49.91011]],[[19.922085,49.909885],[19.921682,49.910128]],[[19.922103,49.909908],[19.921708,49.910146]],[[19.922108,49.909914],[19.921715,49.910151]]]}},{"type":"Feature","properties":{"variant":"B","kind":"extent"},"geometry":{"type":"MultiLineString","coordinates":[[[19.87005,49.907014],[19.869946,49.907357]],[[19.87006,49.907015],[19.869959,49.907351]],[[19.870084,49.907018],[19.869988,49.907335]],[[19.870108,49.907021],[19.870018,49.90732]],[[19.870118,49.907022],[19.870031,49.907313]],[[19.869946,49.907357],[19.871575,49.907373]],[[19.869959,49.907351],[19.871576,49.907366]],[[19.869988,49.907335],[19.871578,49.907351]],[[19.870018,49.90732],[19.87158,49.907335]],[[19.870031,49.907313],[19.87158,49.907328]],[[19.871575,49.907373],[19.874131,49.907598]],[[19.871576,49.907366],[19.874132,49.907591]],[[19.871578,49.907351],[19.874136,49.907576]],[[19.87158,49.907335],[19.874139,49.90756]],[[19.87158,49.907328],[19.874141,49.907554]],[[19.874131,49.907598],[19.875279,49.907712]],[[19.874132,49.907591],[19.87528,49.907705]],[[19.874136,49.907576],[19.875282,49.90769]],[[19.874139,49.90756],[19.875284,49.907674]],[[19.874141,49.907554],[19.875284,49.907667]],[[19.875279,49.907712],[19.87683,49.907701]],[[19.87528,49.907705],[19.876831,49.907694]],[[19.875282,49.90769],[19.876834,49.907678]],[[19.875284,49.907674],[19.876836,49.907663]],[[19.875284,49.907667],[19.876837,49.907656]],[[19.87683,49.907701],[19.877766,49.907827]],[[19.876831,49.907694],[19.877768,49.90782]],[[19.876834,49.907678],[19.877773,49.907805]],[[19.876836,49.907663],[19.877778,49.907789]],[[19.876837,49.907656],[19.877781,49.907783]]]}},{"type":"Feature","properties":{"variant":"B","kind":"extent"},"geometry":{"type":"MultiLineString","coordinates":[[[19.877513,49.908778],[19.877396,49.908852]],[[19.87752,49.908783],[19.877399,49.908859]],[[19.877537,49.908794],[19.877408,49.908876]],[[19.877554,49.908806],[19.877416,49.908892]],[[19.877562,49.90881],[19.877419,49.908899]],[[19.877396,49.908852],[19.876419,49.908758]],[[19.877399,49.908859],[19.876416,49.908765]],[[19.877408,49.908876],[19.87641,49.90878]],[[19.877416,49.908892],[19.876403,49.908795]],[[19.877419,49.908899],[19.8764,49.908802]],[[19.876419,49.908758],[19.874653,49.908267]],[[19.876416,49.908765],[19.87465,49.908274]],[[19.87641,49.90878],[19.874644,49.908289]],[[19.876403,49.908795],[19.874638,49.908305]],[[19.8764,49.908802],[19.874635,49.908311]],[[19.874653,49.908267],[19.87228,49.908139]],[[19.87465,49.908274],[19.872279,49.908146]],[[19.874644,49.908289],[19.872278,49.908161]],[[19.874638,49.908305],[19.872277,49.908177]],[[19.874635,49.908311],[19.872277,49.908184]],[[19.87228,49.908139],[19.871521,49.908142]],[[19.872279,49.908146],[19.871521,49.908148]],[[19.872278,49.908161],[19.871521,49.908164]],[[19.872277,49.908177],[19.871521,49.90818]],[[19.872277,49.908184],[19.871521,49.908186]],[[19.871521,49.908142],[19.870566,49.908129]],[[19.871521,49.908148],[19.870566,49.908136]],[[19.871521,49.908164],[19.870565,49.908152]],[[19.871521,49.90818],[19.870565,49.908168]],[[19.871521,49.908186],[19.870565,49.908174]]]}},{"type":"Feature","properties":{"variant":"B","kind":"extent"},"geometry":{"type":"MultiLineString","coordinates":[[[19.877762,49.907826],[19.878843,49.908059]],[[19.877766,49.90782],[19.878844,49.908052]],[[19.877773,49.907805],[19.878846,49.908036]],[[19.877781,49.90779],[19.878848,49.90802]],[[19.877784,49.907784],[19.878849,49.908013]],[[19.878843,49.908059],[19.879963,49.90796]],[[19.878844,49.908052],[19.879963,49.907953]],[[19.878846,49.908036],[19.879962,49.907938]],[[19.878848,49.90802],[19.879962,49.907922]],[[19.878849,49.908013],[19.879962,49.907915]],[[19.879963,49.90796],[19.885927,49.908363]],[[19.879963,49.907953],[19.885931,49.908356]],[[19.879962,49.907938],[19.885939,49.908341]],[[19.879962,49.907922],[19.885947,49.908325]],[[19.879962,49.907915],[19.88595,49.908319]],[[19.885927,49.908363],[19.886904,49.908751]],[[19.885931,49.908356],[19.886907,49.908744]],[[19.885939,49.908341],[19.886913,49.908728]],[[19.885947,49.908325],[19.886919,49.908712]],[[19.88595,49.908319],[19.886922,49.908705]],[[19.886904,49.908751],[19.88879,49.908683]],[[19.886907,49.908744],[19.888791,49.908676]],[[19.886913,49.908728],[19.888791,49.90866]],[[19.886919,49.908712],[19.888791,49.908645]],[[19.886922,49.908705],[19.888791,49.908638]],[[19.88879,49.908683],[19.894099,49.908961]],[[19.888791,49.908676],[19.894101,49.908954]],[[19.888791,49.90866],[19.894106,49.908938]],[[19.888791,49.908645],[19.894111,49.908923]],[[19.888791,49.908638],[19.894113,49.908916]],[[19.894099,49.908961],[19.896392,49.909438]],[[19.894101,49.908954],[19.896394,49.909432]],[[19.894106,49.908938],[19.896399,49.909416]],[[19.894111,49.908923],[19.896404,49.909401]],[[19.894113,49.908916],[19.896406,49.909394]],[[19.896392,49.909438],[19.898134,49.909557]],[[19.896394,49.909432],[19.898135,49.90955]],[[19.896399,49.909416],[19.898138,49.909535]],[[19.896404,49.909401],[19.89814,49.909519]],[[19.896406,49.909394],[19.898141,49.909512]],[[19.898134,49.909557],[19.902592,49.909814]],[[19.898135,49.90955],[19.902593,49.909807]],[[19.898138,49.909535],[19.902594,49.909792]],[[19.89814,49.909519],[19.902595,49.909776]],[[19.898141,49.909512],[19.902596,49.909769]],[[19.902592,49.909814],[19.905483,49.909829]],[[19.902593,49.909807],[19.905484,49.909823]],[[19.902594,49.909792],[19.905486,49.909807]],[[19.902595,49.909776],[19.905487,49.909791]],[[19.902596,49.909769],[19.905488,49.909784]],[[19.905483,49.909829],[19.906354,49.909892]],[[19.905484,49.909823],[19.906353,49.909885]],[[19.905486,49.909807],[19.906352,49.909869]],[[19.905487,49.909791],[19.90635,49.909853]],[[19.905488,49.909784],[19.90635,49.909847]],[[19.906354,49.909892],[19.907857,49.909664]],[[19.906353,49.909885],[19.907856,49.909658]],[[19.906352,49.909869],[19.907852,49.909642]],[[19.90635,49.909853],[19.907848,49.909627]],[[19.90635,49.909847],[19.907846,49.90962]],[[19.907857,49.909664],[19.91111,49.909493]],[[19.907856,49.909658],[19.911111,49.909486]],[[19.907852,49.909642],[19.911113,49.90947]],[[19.907848,49.909627],[19.911116,49.909454]],[[19.907846,49.90962],[19.911116,49.909448]],[[19.91111,49.909493],[19.912158,49.909666]],[[19.911111,49.909486],[19.91216,49.909659]],[[19.911113,49.90947],[19.912166,49.909644]],[[19.911116,49.909454],[19.912172,49.909629]],[[19.911116,49.909448],[19.912175,49.909622]]]}},{"type":"Feature","properties":{"variant":"B","kind":"extent"},"geometry":{"type":"MultiLineString","coordinates":[[[19.877806,49.908975],[19.878536,49.908707]],[[19.877801,49.908969],[19.878535,49.9087]],[[19.877789,49.908956],[19.87853,49.908683]],[[19.877777,49.908942],[19.878526,49.908667]],[[19.877771,49.908936],[19.878524,49.90866]],[[19.878536,49.908707],[19.88098,49.90899]],[[19.878535,49.9087],[19.880982,49.908983]],[[19.87853,49.908683],[19.880985,49.908967]],[[19.878526,49.908667],[19.880989,49.908952]],[[19.878524,49.90866],[19.88099,49.908945]],[[19.88098,49.90899],[19.885914,49.909332]],[[19.880982,49.908983],[19.885916,49.909326]],[[19.880985,49.908967],[19.885919,49.90931]],[[19.880989,49.908952],[19.885922,49.909294]],[[19.88099,49.908945],[19.885924,49.909288]],[[19.885914,49.909332],[19.88873,49.909619]],[[19.885916,49.909326],[19.888722,49.909611]],[[19.885919,49.90931],[19.888704,49.909594]],[[19.885922,49.909294],[19.888686,49.909576]],[[19.885924,49.909288],[19.888678,49.909568]],[[19.88873,49.909619],[19.889093,49.90868]],[[19.888722,49.909611],[19.889083,49.908678]],[[19.888704,49.909594],[19.88906,49.908675]],[[19.888686,49.909576],[19.889036,49.908671]],[[19.888678,49.909568],[19.889026,49.908669]]]}},{"type":"Feature","properties":{"variant":"B","kind":"extent"},"geometry":{"type":"MultiLineString","coordinates":[[[19.893545,49.90891],[19.893474,49.910034]],[[19.893556,49.90891],[19.893485,49.910027]],[[19.89358,49.908911],[19.893511,49.910011]],[[19.893604,49.908912],[19.893536,49.909995]],[[19.893615,49.908912],[19.893547,49.909988]],[[19.893474,49.910034],[19.896046,49.910024]],[[19.893485,49.910027],[19.896047,49.910017]],[[19.893511,49.910011],[19.89605,49.910001]],[[19.893536,49.909995],[19.896053,49.909985]],[[19.893547,49.909988],[19.896054,49.909979]],[[19.896046,49.910024],[19.89779,49.910275]],[[19.896047,49.910017],[19.897791,49.910268]],[[19.89605,49.910001],[19.897794,49.910253]],[[19.896053,49.909985],[19.897797,49.910237]],[[19.896054,49.909979],[19.897799,49.91023]],[[19.89779,49.910275],[19.899723,49.910317]],[[19.897791,49.910268],[19.899723,49.91031]],[[19.897794,49.910253],[19.899724,49.910295]],[[19.897797,49.910237],[19.899725,49.910279]],[[19.897799,49.91023],[19.899726,49.910272]],[[19.899723,49.910317],[19.904414,49.910467]],[[19.899723,49.91031],[19.904415,49.91046]],[[19.899724,49.910295],[19.904415,49.910444]],[[19.899725,49.910279],[19.904415,49.910428]],[[19.899726,49.910272],[19.904415,49.910422]],[[19.904414,49.910467],[19.905829,49.910448]],[[19.904415,49.91046],[19.905831,49.910441]],[[19.904415,49.910444],[19.905836,49.910425]],[[19.904415,49.910428],[19.90584,49.91041]],[[19.904415,49.910422],[19.905842,49.910403]],[[19.905829,49.910448],[19.906724,49.910702]],[[19.905831,49.910441],[19.906726,49.910696]],[[19.905836,49.910425],[19.906731,49.91068]],[[19.90584,49.91041],[19.906737,49.910664]],[[19.905842,49.910403],[19.906739,49.910657]],[[19.906724,49.910702],[19.907843,49.910713]],[[19.906726,49.910696],[19.907842,49.910706]],[[19.906731,49.91068],[19.907841,49.91069]],[[19.906737,49.910664],[19.907839,49.910675]],[[19.906739,49.910657],[19.907839,49.910668]],[[19.907843,49.910713],[19.91123,49.910434]],[[19.907842,49.910706],[19.911234,49.910426]],[[19.907841,49.91069],[19.911241,49.91041]],[[19.907839,49.910675],[19.911248,49.910394]],[[19.907839,49.910668],[19.911252,49.910386]],[[19.91123,49.910434],[19.911854,49.910768]],[[19.911234,49.910426],[19.91186,49.910763]],[[19.911241,49.91041],[19.911876,49.91075]],[[19.911248,49.910394],[19.911891,49.910738]],[[19.911252,49.910386],[19.911898,49.910733]]]}},{"type":"Feature","properties":{"variant":"B","kind":"extent"},"geometry":{"type":"MultiLineString","coordinates":[[[19.920946,49.910779],[19.918821,49.909974]],[[19.920941,49.910784],[19.918819,49.909981]],[[19.920928,49.910798],[19.918813,49.909997]],[[19.920916,49.910812],[19.918807,49.910013]],[[19.920911,49.910817],[19.918805,49.91002]],[[19.918821,49.909974],[19.91653,49.910085]],[[19.918819,49.909981],[19.916531,49.910092]],[[19.918813,49.909997],[19.916533,49.910107]],[[19.918807,49.910013],[19.916535,49.910123]],[[19.918805,49.91002],[19.916536,49.91013]],[[19.91653,49.910085],[19.913952,49.910269]],[[19.916531,49.910092],[19.913953,49.910276]],[[19.916533,49.910107],[19.913955,49.910291]],[[19.916535,49.910123],[19.913957,49.910307]],[[19.916536,49.91013],[19.913958,49.910314]],[[19.913952,49.910269],[19.912232,49.910337]],[[19.913953,49.910276],[19.912232,49.910343]],[[19.913955,49.910291],[19.912234,49.910359]],[[19.913957,49.910307],[19.912235,49.910375]],[[19.913958,49.910314],[19.912236,49.910382]]]}},{"type":"Feature","properties":{"variant":"B","kind":"extent"},"geometry":{"type":"MultiLineString","coordinates":[[[19.913597,49.909374],[19.914087,49.909524]],[[19.913602,49.909368],[19.91409,49.909518]],[[19.913612,49.909353],[19.914097,49.909503]],[[19.913623,49.909339],[19.914104,49.909487]],[[19.913627,49.909333],[19.914107,49.909481]],[[19.914087,49.909524],[19.914784,49.909591]],[[19.91409,49.909518],[19.914783,49.909584]],[[19.914097,49.909503],[19.914783,49.909568]],[[19.914104,49.909487],[19.914782,49.909552]],[[19.914107,49.909481],[19.914782,49.909545]],[[19.914784,49.909591],[19.917078,49.909283]],[[19.914783,49.909584],[19.917078,49.909276]],[[19.914783,49.909568],[19.917077,49.90926]],[[19.914782,49.909552],[19.917076,49.909244]],[[19.914782,49.909545],[19.917076,49.909238]],[[19.917078,49.909283],[19.918585,49.90942]],[[19.917078,49.909276],[19.918585,49.909413]],[[19.917077,49.90926],[19.918585,49.909397]],[[19.917076,49.909244],[19.918585,49.909381]],[[19.917076,49.909238],[19.918585,49.909374]],[[19.918585,49.90942],[19.921369,49.909139]],[[19.918585,49.909413],[19.921368,49.909133]],[[19.918585,49.909397],[19.921365,49.909117]],[[19.918585,49.909381],[19.921363,49.909101]],[[19.918585,49.909374],[19.921362,49.909094]],[[19.921369,49.909139],[19.923282,49.909097]],[[19.921368,49.909133],[19.923282,49.90909]],[[19.921365,49.909117],[19.923281,49.909074]],[[19.921363,49.909101],[19.92328,49.909059]],[[19.921362,49.909094],[19.92328,49.909052]]]}},{"type":"Feature","properties":{"variant":"B","kind":"extent"},"geometry":{"type":"MultiLineString","coordinates":[[[19.929682,49.908574],[19.931803,49.908497]],[[19.929681,49.908568],[19.931802,49.90849]],[[19.92968,49.908552],[19.931801,49.908474]],[[19.929679,49.908536],[19.931799,49.908459]],[[19.929678,49.90853],[19.931799,49.908452]]]}},{"type":"Feature","properties":{"variant":"B","kind":"extent"},"geometry":{"type":"MultiLineString","coordinates":[[[19.977409,49.99636],[19.977997,49.99674]],[[19.977416,49.996355],[19.978004,49.996734]],[[19.977441,49.99634],[19.978026,49.996717]],[[19.977466,49.996324],[19.978049,49.9967]],[[19.977473,49.996319],[19.978055,49.996694]],[[19.977997,49.99674],[19.979503,49.997408]],[[19.978004,49.996734],[19.979507,49.997402]],[[19.978026,49.996717],[19.97952,49.99738]],[[19.978049,49.9967],[19.979533,49.997359]],[[19.978055,49.996694],[19.979537,49.997352]],[[19.979503,49.997408],[19.980001,49.997454]],[[19.979507,49.997402],[19.980002,49.997447]],[[19.97952,49.99738],[19.980007,49.997425]],[[19.979533,49.997359],[19.980012,49.997403]],[[19.979537,49.997352],[19.980014,49.997396]]]}},{"type":"Feature","properties":{"variant":"B","kind":"extent"},"geometry":{"type":"MultiLineString","coordinates":[[[19.989102,49.98985],[19.988979,49.989404]],[[19.989092,49.989851],[19.98897,49.989408]],[[19.989058,49.989855],[19.988938,49.989421]],[[19.989023,49.989859],[19.988906,49.989434]],[[19.989013,49.98986],[19.988897,49.989438]],[[19.988979,49.989404],[19.987805,49.988876]],[[19.98897,49.989408],[19.98779,49.988877]],[[19.988938,49.989421],[19.987741,49.988883]],[[19.988906,49.989434],[19.987692,49.988888]],[[19.988897,49.989438],[19.987677,49.988889]],[[19.987805,49.988876],[19.988724,49.988067]],[[19.98779,49.988877],[19.988715,49.988064]],[[19.987741,49.988883],[19.988683,49.988054]],[[19.987692,49.988888],[19.988651,49.988044]],[[19.987677,49.988889],[19.988641,49.988041]],[[19.988724,49.988067],[19.988874,49.987721]],[[19.988715,49.988064],[19.988863,49.98772]],[[19.988683,49.988054],[19.98883,49.987714]],[[19.988651,49.988044],[19.988796,49.987708]],[[19.988641,49.988041],[19.988786,49.987706]]]}},{"type":"Feature","properties":{"variant":"B","kind":"extent"},"geometry":{"type":"MultiLineString","coordinates":[[[19.991687,49.982972],[19.993623,49.983292]],[[19.991691,49.982964],[19.993626,49.983283]],[[19.991701,49.982937],[19.993637,49.983257]],[[19.991712,49.982911],[19.993647,49.983231]],[[19.991715,49.982903],[19.993651,49.983222]]]}},{"type":"Feature","properties":{"variant":"B","kind":"extent"},"geometry":{"type":"MultiLineString","coordinates":[[[19.994084,49.973582],[19.995883,49.973742]],[[19.994085,49.973576],[19.995885,49.973735]],[[19.99409,49.973551],[19.995893,49.973711]],[[19.994095,49.973527],[19.995901,49.973686]],[[19.994097,49.97352],[19.995903,49.97368]],[[19.995883,49.973742],[19.996377,49.97383]],[[19.995885,49.973735],[19.996379,49.973823]],[[19.995893,49.973711],[19.996386,49.973799]],[[19.995901,49.973686],[19.996393,49.973775]],[[19.995903,49.97368],[19.996396,49.973768]],[[19.996377,49.97383],[19.996639,49.973849]],[[19.996379,49.973823],[19.996641,49.973843]],[[19.996386,49.973799],[19.996645,49.973818]],[[19.996393,49.973775],[19.996649,49.973794]],[[19.996396,49.973768],[19.996651,49.973787]]]}},{"type":"Feature","properties":{"variant":"B","kind":"extent"},"geometry":{"type":"MultiLineString","coordinates":[[[19.993339,49.967166],[19.993986,49.967108]],[[19.993338,49.967159],[19.99398,49.967102]],[[19.993333,49.967135],[19.99396,49.967079]],[[19.993327,49.96711],[19.993939,49.967056]],[[19.993326,49.967104],[19.993933,49.967049]],[[19.993986,49.967108],[19.994269,49.966872]],[[19.99398,49.967102],[19.994263,49.966866]],[[19.99396,49.967079],[19.994241,49.966843]],[[19.993939,49.967056],[19.99422,49.966821]],[[19.993933,49.967049],[19.994214,49.966815]],[[19.994269,49.966872],[19.995232,49.96675]],[[19.994263,49.966866],[19.995235,49.966743]],[[19.994241,49.966843],[19.995248,49.966716]],[[19.99422,49.966821],[19.995261,49.966689]],[[19.994214,49.966815],[19.995265,49.966682]],[[19.995232,49.96675],[19.996001,49.96726]],[[19.995235,49.966743],[19.996005,49.967253]],[[19.995248,49.966716],[19.99602,49.967227]],[[19.995261,49.966689],[19.996035,49.967202]],[[19.995265,49.966682],[19.996039,49.967195]],[[19.996001,49.96726],[19.996495,49.967235]],[[19.996005,49.967253],[19.996494,49.967229]],[[19.99602,49.967227],[19.996491,49.967204]],[[19.996035,49.967202],[19.996488,49.967179]],[[19.996039,49.967195],[19.996487,49.967173]]]}},{"type":"Feature","properties":{"variant":"B","kind":"extent"},"geometry":{"type":"MultiLineString","coordinates":[[[19.988707,49.956856],[19.988975,49.956177]],[[19.988697,49.956855],[19.988966,49.956172]],[[19.98866,49.956849],[19.988934,49.956154]],[[19.988623,49.956843],[19.988902,49.956136]],[[19.988613,49.956841],[19.988893,49.956131]],[[19.988975,49.956177],[19.990367,49.955807]],[[19.988966,49.956172],[19.990353,49.955803]],[[19.988934,49.956154],[19.990303,49.95579]],[[19.988902,49.956136],[19.990253,49.955776]],[[19.988893,49.956131],[19.990239,49.955773]],[[19.990367,49.955807],[19.989466,49.954429]],[[19.990353,49.955803],[19.989455,49.954429]],[[19.990303,49.95579],[19.989414,49.954431]],[[19.990253,49.955776],[19.989373,49.954432]],[[19.990239,49.955773],[19.989362,49.954433]],[[19.989466,49.954429],[19.989662,49.953996]],[[19.989455,49.954429],[19.989652,49.953994]],[[19.989414,49.954431],[19.989615,49.953987]],[[19.989373,49.954432],[19.989578,49.953981]],[[19.989362,49.954433],[19.989568,49.953979]]]}},{"type":"Feature","properties":{"variant":"B","kind":"extent"},"geometry":{"type":"MultiLineString","coordinates":[[[19.990285,49.952502],[19.989315,49.952639]],[[19.990288,49.952508],[19.989313,49.952646]],[[19.990296,49.952532],[19.989307,49.952672]],[[19.990304,49.952556],[19.989301,49.952698]],[[19.990306,49.952563],[19.9893,49.952705]],[[19.989315,49.952639],[19.988322,49.952285]],[[19.989313,49.952646],[19.988321,49.952292]],[[19.989307,49.952672],[19.988317,49.952319]],[[19.989301,49.952698],[19.988313,49.952346]],[[19.9893,49.952705],[19.988311,49.952353]],[[19.988322,49.952285],[19.986617,49.952632]],[[19.988321,49.952292],[19.986608,49.952641]],[[19.988317,49.952319],[19.986577,49.952674]],[[19.988313,49.952346],[19.986546,49.952706]],[[19.988311,49.952353],[19.986537,49.952715]],[[19.986617,49.952632],[19.986415,49.951763]],[[19.986608,49.952641],[19.986406,49.95177]],[[19.986577,49.952674],[19.986373,49.951794]],[[19.986546,49.952706],[19.98634,49.951819]],[[19.986537,49.952715],[19.986331,49.951825]],[[19.986415,49.951763],[19.985208,49.951753]],[[19.986406,49.95177],[19.985208,49.951759]],[[19.986373,49.951794],[19.985207,49.951784]],[[19.98634,49.951819],[19.985207,49.951809]],[[19.986331,49.951825],[19.985206,49.951816]]]}},{"type":"Feature","properties":{"variant":"B","kind":"extent"},"geometry":{"type":"MultiLineString","coordinates":[[[19.98225,49.945076],[19.983093,49.944945]],[[19.982248,49.945069],[19.98309,49.944938]],[[19.982239,49.945045],[19.983079,49.944914]],[[19.98223,49.945021],[19.983068,49.944891]],[[19.982228,49.945014],[19.983065,49.944884]],[[19.983093,49.944945],[19.984604,49.944601]],[[19.98309,49.944938],[19.984602,49.944594]],[[19.983079,49.944914],[19.984593,49.94457]],[[19.983068,49.944891],[19.984583,49.944546]],[[19.983065,49.944884],[19.984581,49.944539]],[[19.984604,49.944601],[19.985542,49.944512]],[[19.984602,49.944594],[19.985541,49.944506]],[[19.984593,49.94457],[19.985535,49.944481]],[[19.984583,49.944546],[19.98553,49.944457]],[[19.984581,49.944539],[19.985528,49.94445]]]}},{"type":"Feature","properties":{"variant":"B","kind":"extent"},"geometry":{"type":"MultiLineString","coordinates":[[[19.977187,49.938373],[19.979004,49.939026]],[[19.977192,49.938367],[19.979006,49.939019]],[[19.97721,49.938346],[19.979011,49.938992]],[[19.977229,49.938324],[19.979017,49.938966]],[[19.977234,49.938318],[19.979019,49.938959]],[[19.979004,49.939026],[19.981481,49.938656]],[[19.979006,49.939019],[19.981483,49.938649]],[[19.979011,49.938992],[19.98149,49.938623]],[[19.979017,49.938966],[19.981497,49.938596]],[[19.979019,49.938959],[19.981498,49.938589]],[[19.981481,49.938656],[19.98315,49.939326]],[[19.981483,49.938649],[19.983152,49.939319]],[[19.98149,49.938623],[19.98316,49.939293]],[[19.981497,49.938596],[19.983168,49.939267]],[[19.981498,49.938589],[19.98317,49.93926]],[[19.98315,49.939326],[19.984428,49.939196]],[[19.983152,49.939319],[19.984427,49.93919]],[[19.98316,49.939293],[19.984421,49.939165]],[[19.983168,49.939267],[19.984415,49.939141]],[[19.98317,49.93926],[19.984413,49.939134]]]}},{"type":"Feature","properties":{"variant":"B","kind":"extent"},"geometry":{"type":"MultiLineString","coordinates":[[[19.95892,49.921975],[19.958936,49.921007]],[[19.958906,49.921975],[19.958922,49.921004]],[[19.958864,49.921975],[19.958881,49.920993]],[[19.958822,49.921974],[19.958839,49.920982]],[[19.958808,49.921974],[19.958825,49.920978]],[[19.958936,49.921007],[19.96031,49.92008]],[[19.958922,49.921004],[19.960291,49.920079]],[[19.958881,49.920993],[19.960234,49.920079]],[[19.958839,49.920982],[19.960177,49.920079]],[[19.958825,49.920978],[19.960158,49.920078]],[[19.96031,49.92008],[19.958667,49.918913]],[[19.960291,49.920079],[19.958653,49.918916]],[[19.960234,49.920079],[19.95861,49.918926]],[[19.960177,49.920079],[19.958567,49.918936]],[[19.960158,49.920078],[19.958552,49.918939]],[[19.958667,49.918913],[19.958759,49.918102]],[[19.958653,49.918916],[19.958745,49.918102]],[[19.95861,49.918926],[19.958703,49.9181]],[[19.958567,49.918936],[19.958661,49.918098]],[[19.958552,49.918939],[19.958647,49.918097]]]}},{"type":"Feature","properties":{"variant":"B","kind":"extent"},"geometry":{"type":"MultiLineString","coordinates":[[[19.957851,49.921199],[19.95839,49.921099]],[[19.957848,49.921192],[19.958387,49.921092]],[[19.957838,49.921168],[19.958377,49.921068]],[[19.957827,49.921145],[19.958368,49.921044]],[[19.957824,49.921138],[19.958365,49.921038]],[[19.95839,49.921099],[19.958892,49.921023]],[[19.958387,49.921092],[19.95889,49.921017]],[[19.958377,49.921068],[19.958881,49.920993]],[[19.958368,49.921044],[19.958872,49.920969]],[[19.958365,49.921038],[19.95887,49.920962]]]}},{"type":"Feature","properties":{"variant":"B","kind":"extent"},"geometry":{"type":"MultiLineString","coordinates":[[[19.953407,49.917321],[19.95431,49.917331]],[[19.953408,49.917314],[19.954306,49.917324]],[[19.953408,49.91729],[19.954291,49.917299]],[[19.953409,49.917265],[19.954276,49.917274]],[[19.953409,49.917258],[19.954272,49.917267]],[[19.95431,49.917331],[19.955028,49.916895]],[[19.954306,49.917324],[19.955022,49.916889]],[[19.954291,49.917299],[19.955002,49.916867]],[[19.954276,49.917274],[19.954981,49.916846]],[[19.954272,49.917267],[19.954975,49.91684]],[[19.955028,49.916895],[19.955837,49.916699]],[[19.955022,49.916889],[19.955833,49.916693]],[[19.955002,49.916867],[19.95582,49.91667]],[[19.954981,49.916846],[19.955807,49.916647]],[[19.954975,49.91684],[19.955803,49.916641]]]}},{"type":"Feature","properties":{"variant":"B","kind":"extent"},"geometry":{"type":"MultiLineString","coordinates":[[[19.948136,49.914747],[19.948824,49.914293]],[[19.948126,49.914741],[19.948815,49.914286]],[[19.948096,49.914722],[19.948788,49.914266]],[[19.948066,49.914703],[19.94876,49.914245]],[[19.948056,49.914696],[19.948751,49.914238]],[[19.948824,49.914293],[19.949388,49.914019]],[[19.948815,49.914286],[19.949379,49.914012]],[[19.948788,49.914266],[19.949352,49.913992]],[[19.94876,49.914245],[19.949326,49.913971]],[[19.948751,49.914238],[19.949317,49.913964]],[[19.949388,49.914019],[19.950614,49.913299]],[[19.949379,49.914012],[19.950606,49.913291]],[[19.949352,49.913992],[19.950582,49.913269]],[[19.949326,49.913971],[19.950557,49.913247]],[[19.949317,49.913964],[19.950549,49.91324]],[[19.950614,49.913299],[19.952127,49.912761]],[[19.950606,49.913291],[19.95212,49.912753]],[[19.950582,49.913269],[19.9521,49.91273]],[[19.950557,49.913247],[19.95208,49.912706]],[[19.950549,49.91324],[19.952073,49.912698]]]}},{"type":"Feature","properties":{"variant":"B","kind":"extent"},"geometry":{"type":"MultiLineString","coordinates":[[[19.948947,49.914185],[19.948061,49.913552]],[[19.948939,49.914189],[19.948056,49.913558]],[[19.94891,49.914206],[19.948038,49.913583]],[[19.948882,49.914223],[19.948021,49.913607]],[[19.948874,49.914227],[19.948016,49.913614]],[[19.948061,49.913552],[19.94698,49.913525]],[[19.948056,49.913558],[19.946979,49.913531]],[[19.948038,49.913583],[19.946978,49.913556]],[[19.948021,49.913607],[19.946976,49.913581]],[[19.948016,49.913614],[19.946976,49.913588]]]}},{"type":"Feature","properties":{"variant":"B","kind":"extent"},"geometry":{"type":"MultiLineString","coordinates":[[[19.938903,49.907231],[19.939671,49.907113]],[[19.9389,49.907225],[19.939665,49.907107]],[[19.938891,49.907201],[19.939644,49.907085]],[[19.938882,49.907177],[19.939622,49.907063]],[[19.93888,49.90717],[19.939617,49.907057]],[[19.939671,49.907113],[19.940405,49.90653]],[[19.939665,49.907107],[19.940399,49.906524]],[[19.939644,49.907085],[19.940376,49.906503]],[[19.939622,49.907063],[19.940354,49.906482]],[[19.939617,49.907057],[19.940347,49.906476]],[[19.940405,49.90653],[19.941934,49.906195]],[[19.940399,49.906524],[19.941933,49.906189]],[[19.940376,49.906503],[19.941929,49.906163]],[[19.940354,49.906482],[19.941925,49.906138]],[[19.940347,49.906476],[19.941924,49.906131]],[[19.941934,49.906195],[19.94391,49.906357]],[[19.941933,49.906189],[19.943917,49.906351]],[[19.941929,49.906163],[19.943942,49.906328]],[[19.941925,49.906138],[19.943966,49.906305]],[[19.941924,49.906131],[19.943973,49.906299]],[[19.94391,49.906357],[19.944624,49.907249]],[[19.943917,49.906351],[19.94463,49.907242]],[[19.943942,49.906328],[19.944654,49.907218]],[[19.943966,49.906305],[19.944677,49.907193]],[[19.943973,49.906299],[19.944683,49.907186]],[[19.944624,49.907249],[19.945655,49.907259]],[[19.94463,49.907242],[19.945655,49.907253]],[[19.944654,49.907218],[19.945656,49.907228]],[[19.944677,49.907193],[19.945656,49.907203]],[[19.944683,49.907186],[19.945656,49.907196]]]}},{"type":"Feature","properties":{"variant":"B","kind":"extent"},"geometry":{"type":"MultiLineString","coordinates":[[[19.941656,49.885141],[19.941982,49.885347]],[[19.941663,49.885136],[19.941991,49.885343]],[[19.941687,49.88512],[19.94202,49.88533]],[[19.941712,49.885104],[19.94205,49.885317]],[[19.941719,49.885099],[19.942058,49.885313]],[[19.941982,49.885347],[19.942172,49.885629]],[[19.941991,49.885343],[19.94218,49.885624]],[[19.94202,49.88533],[19.942207,49.885608]],[[19.94205,49.885317],[19.942234,49.885592]],[[19.942058,49.885313],[19.942242,49.885587]],[[19.942172,49.885629],[19.943226,49.886014]],[[19.94218,49.885624],[19.943235,49.88601]],[[19.942207,49.885608],[19.943266,49.885996]],[[19.942234,49.885592],[19.943297,49.885981]],[[19.942242,49.885587],[19.943306,49.885977]],[[19.943226,49.886014],[19.943285,49.88621]],[[19.943235,49.88601],[19.943294,49.886206]],[[19.943266,49.885996],[19.943326,49.886193]],[[19.943297,49.885981],[19.943357,49.88618]],[[19.943306,49.885977],[19.943367,49.886176]],[[19.943285,49.88621],[19.943304,49.886219]],[[19.943294,49.886206],[19.943311,49.886214]],[[19.943326,49.886193],[19.943334,49.886197]],[[19.943357,49.88618],[19.943358,49.88618]],[[19.943367,49.886176],[19.943365,49.886175]],[[19.943304,49.886219],[19.943539,49.88639]],[[19.943311,49.886214],[19.943547,49.886386]],[[19.943334,49.886197],[19.943573,49.886371]],[[19.943358,49.88618],[19.943599,49.886356]],[[19.943365,49.886175],[19.943607,49.886351]]]}},{"type":"Feature","properties":{"variant":"B","kind":"extent"},"geometry":{"type":"MultiLineString","coordinates":[[[19.948431,49.874997],[19.948521,49.87602]],[[19.948442,49.874997],[19.948531,49.876016]],[[19.94848,49.874995],[19.948568,49.876002]],[[19.948518,49.874994],[19.948605,49.875988]],[[19.948529,49.874993],[19.948615,49.875984]],[[19.948521,49.87602],[19.951779,49.877364]],[[19.948531,49.876016],[19.951794,49.877362]],[[19.948568,49.876002],[19.951851,49.877356]],[[19.948605,49.875988],[19.951908,49.87735]],[[19.948615,49.875984],[19.951923,49.877348]],[[19.951779,49.877364],[19.948885,49.879669]],[[19.951794,49.877362],[19.948896,49.879671]],[[19.951851,49.877356],[19.948939,49.879676]],[[19.951908,49.87735],[19.948981,49.879682]],[[19.951923,49.877348],[19.948993,49.879683]],[[19.948885,49.879669],[19.949223,49.880395]],[[19.948896,49.879671],[19.949232,49.880393]],[[19.948939,49.879676],[19.949268,49.880382]],[[19.948981,49.879682],[19.949303,49.880372]],[[19.948993,49.879683],[19.949313,49.880369]],[[19.949223,49.880395],[19.949798,49.881005]],[[19.949232,49.880393],[19.949807,49.881002]],[[19.949268,49.880382],[19.949839,49.880989]],[[19.949303,49.880372],[19.949872,49.880976]],[[19.949313,49.880369],[19.949881,49.880973]]]}},{"type":"Feature","properties":{"variant":"B","kind":"extent"},"geometry":{"type":"MultiLineString","coordinates":[[[19.953254,49.874348],[19.952755,49.874231]],[[19.95325,49.874355],[19.952762,49.87424]],[[19.953238,49.874376],[19.952785,49.874269]],[[19.953226,49.874397],[19.952808,49.874299]],[[19.953223,49.874403],[19.952815,49.874307]],[[19.952755,49.874231],[19.951954,49.876003]],[[19.952762,49.87424],[19.951965,49.876005]],[[19.952785,49.874269],[19.951999,49.876008]],[[19.952808,49.874299],[19.952034,49.876012]],[[19.952815,49.874307],[19.952044,49.876013]],[[19.951954,49.876003],[19.951835,49.877366]],[[19.951965,49.876005],[19.951846,49.877367]],[[19.951999,49.876008],[19.95188,49.877368]],[[19.952034,49.876012],[19.951915,49.877369]],[[19.952044,49.876013],[19.951925,49.87737]]]}},{"type":"Feature","properties":{"variant":"B","kind":"extent"},"geometry":{"type":"MultiLineString","coordinates":[[[19.942672,49.852107],[19.942805,49.851705]],[[19.942658,49.852105],[19.942792,49.851704]],[[19.942617,49.852099],[19.94275,49.851701]],[[19.942576,49.852094],[19.942708,49.851698]],[[19.942563,49.852092],[19.942694,49.851697]],[[19.942805,49.851705],[19.942812,49.851259]],[[19.942792,49.851704],[19.942798,49.851255]],[[19.94275,49.851701],[19.942756,49.851245]],[[19.942708,49.851698],[19.942715,49.851234]],[[19.942694,49.851697],[19.942701,49.851231]],[[19.942812,49.851259],[19.943948,49.850437]],[[19.942798,49.851255],[19.943934,49.850434]],[[19.942756,49.851245],[19.943892,49.850423]],[[19.942715,49.851234],[19.94385,49.850413]],[[19.942701,49.851231],[19.943836,49.85041]],[[19.943948,49.850437],[19.943932,49.849642]],[[19.943934,49.850434],[19.943918,49.849643]],[[19.943892,49.850423],[19.943876,49.849643]],[[19.94385,49.850413],[19.943834,49.849643]],[[19.943836,49.85041],[19.943821,49.849643]]]}},{"type":"Feature","properties":{"variant":"B","kind":"extent"},"geometry":{"type":"MultiLineString","coordinates":[[[19.969311,50.00143],[19.972158,50.001266]],[[19.96931,50.001424],[19.972156,50.00126]],[[19.969308,50.001408],[19.972152,50.001244]],[[19.969306,50.001392],[19.972149,50.001229]],[[19.969305,50.001385],[19.972147,50.001222]],[[19.972158,50.001266],[19.973632,50.001049]],[[19.972156,50.00126],[19.973626,50.001043]],[[19.972152,50.001244],[19.973612,50.001029]],[[19.972149,50.001229],[19.973598,50.001015]],[[19.972147,50.001222],[19.973592,50.001008]],[[19.973632,50.001049],[19.974318,50.000467]],[[19.973626,50.001043],[19.974309,50.000463]],[[19.973612,50.001029],[19.97429,50.000454]],[[19.973598,50.001015],[19.974271,50.000444]],[[19.973592,50.001008],[19.974263,50.00044]],[[19.974318,50.000467],[19.976326,49.998814]],[[19.974309,50.000463],[19.976318,49.99881]],[[19.97429,50.000454],[19.9763,49.9988]],[[19.974271,50.000444],[19.976281,49.998789]],[[19.974263,50.00044],[19.976273,49.998785]],[[19.976326,49.998814],[19.97715,49.998252]],[[19.976318,49.99881],[19.977141,49.998249]],[[19.9763,49.9988],[19.97712,49.99824]],[[19.976281,49.998789],[19.977099,49.998232]],[[19.976273,49.998785],[19.97709,49.998228]],[[19.97715,49.998252],[19.977954,49.996902]],[[19.977141,49.998249],[19.977945,49.996899]],[[19.97712,49.99824],[19.977923,49.996892]],[[19.977099,49.998232],[19.977902,49.996884]],[[19.97709,49.998228],[19.977892,49.996881]],[[19.977954,49.996902],[19.978112,49.996755]],[[19.977945,49.996899],[19.978103,49.996751]],[[19.977923,49.996892],[19.978083,49.996742]],[[19.977902,49.996884],[19.978063,49.996733]],[[19.977892,49.996881],[19.978054,49.996729]]]}},{"type":"Feature","properties":{"variant":"B","kind":"extent"},"geometry":{"type":"MultiLineString","coordinates":[[[19.978191,50.000979],[19.977096,50.00051]],[[19.978185,50.000985],[19.977088,50.000515]],[[19.978172,50.000998],[19.977067,50.000525]],[[19.978158,50.001011],[19.977047,50.000535]],[[19.978152,50.001017],[19.977038,50.000539]],[[19.977096,50.00051],[19.976748,49.999849]],[[19.977088,50.000515],[19.976737,49.99985]],[[19.977067,50.000525],[19.976712,49.99985]],[[19.977047,50.000535],[19.976686,49.999851]],[[19.977038,50.000539],[19.976675,49.999851]],[[19.976748,49.999849],[19.976925,49.999436]],[[19.976737,49.99985],[19.976915,49.999433]],[[19.976712,49.99985],[19.976893,49.999426]],[[19.976686,49.999851],[19.97687,49.99942]],[[19.976675,49.999851],[19.976861,49.999417]],[[19.976925,49.999436],[19.977597,49.998764]],[[19.976915,49.999433],[19.977589,49.99876]],[[19.976893,49.999426],[19.977569,49.998751]],[[19.97687,49.99942],[19.977549,49.998742]],[[19.976861,49.999417],[19.977541,49.998738]],[[19.977597,49.998764],[19.978398,49.998119]],[[19.977589,49.99876],[19.97839,49.998114]],[[19.977569,49.998751],[19.978372,49.998103]],[[19.977549,49.998742],[19.978354,49.998093]],[[19.977541,49.998738],[19.978346,49.998088]],[[19.978398,49.998119],[19.979427,49.997473]],[[19.97839,49.998114],[19.979419,49.997468]],[[19.978372,49.998103],[19.9794,49.997458]],[[19.978354,49.998093],[19.979382,49.997448]],[[19.978346,49.998088],[19.979373,49.997444]],[[19.979427,49.997473],[19.979524,49.997382]],[[19.979419,49.997468],[19.979516,49.997378]],[[19.9794,49.997458],[19.979495,49.997369]],[[19.979382,49.997448],[19.979475,49.99736]],[[19.979373,49.997444],[19.979467,49.997356]]]}},{"type":"Feature","properties":{"variant":"B","kind":"extent"},"geometry":{"type":"MultiLineString","coordinates":[[[19.978108,49.996758],[19.979532,49.995795]],[[19.9781,49.996753],[19.979525,49.99579]],[[19.978083,49.996742],[19.979508,49.995779]],[[19.978065,49.996731],[19.979491,49.995768]],[[19.978058,49.996727],[19.979484,49.995763]],[[19.979532,49.995795],[19.980547,49.995226]],[[19.979525,49.99579],[19.980538,49.995222]],[[19.979508,49.995779],[19.980517,49.995213]],[[19.979491,49.995768],[19.980496,49.995204]],[[19.979484,49.995763],[19.980487,49.9952]],[[19.980547,49.995226],[19.980806,49.994714]],[[19.980538,49.995222],[19.980796,49.994712]],[[19.980517,49.995213],[19.980773,49.994707]],[[19.980496,49.995204],[19.98075,49.994702]],[[19.980487,49.9952],[19.98074,49.9947]]]}},{"type":"Feature","properties":{"variant":"B","kind":"extent"},"geometry":{"type":"MultiLineString","coordinates":[[[19.979549,49.997393],[19.980275,49.996722]],[[19.97954,49.997389],[19.980266,49.996718]],[[19.97952,49.99738],[19.980246,49.996709]],[[19.9795,49.997371],[19.980226,49.9967]],[[19.979492,49.997367],[19.980217,49.996697]],[[19.980275,49.996722],[19.98105,49.995946]],[[19.980266,49.996718],[19.981041,49.995943]],[[19.980246,49.996709],[19.981019,49.995936]],[[19.980226,49.9967],[19.980997,49.995928]],[[19.980217,49.996697],[19.980988,49.995925]],[[19.98105,49.995946],[19.981225,49.995679]],[[19.981041,49.995943],[19.981217,49.995674]],[[19.981019,49.995936],[19.981197,49.995663]],[[19.980997,49.995928],[19.981178,49.995651]],[[19.980988,49.995925],[19.98117,49.995647]],[[19.981225,49.995679],[19.982127,49.995377]],[[19.981217,49.995674],[19.982121,49.995372]],[[19.981197,49.995663],[19.982107,49.995359]],[[19.981178,49.995651],[19.982092,49.995346]],[[19.98117,49.995647],[19.982086,49.99534]],[[19.982127,49.995377],[19.982296,49.995271]],[[19.982121,49.995372],[19.982289,49.995266]],[[19.982107,49.995359],[19.982272,49.995255]],[[19.982092,49.995346],[19.982255,49.995244]],[[19.982086,49.99534],[19.982248,49.995239]]]}},{"type":"Feature","properties":{"variant":"B","kind":"extent"},"geometry":{"type":"MultiLineString","coordinates":[[[19.984012,49.991775],[19.985565,49.990801]],[[19.984005,49.99177],[19.985558,49.990796]],[[19.983988,49.991759],[19.985543,49.990783]],[[19.983971,49.991748],[19.985528,49.990771]],[[19.983963,49.991743],[19.985521,49.990766]],[[19.985565,49.990801],[19.986355,49.990461]],[[19.985558,49.990796],[19.986348,49.990456]],[[19.985543,49.990783],[19.98633,49.990445]],[[19.985528,49.990771],[19.986313,49.990433]],[[19.985521,49.990766],[19.986305,49.990428]],[[19.986355,49.990461],[19.986986,49.989872]],[[19.986348,49.990456],[19.986977,49.989868]],[[19.98633,49.990445],[19.986957,49.989859]],[[19.986313,49.990433],[19.986937,49.98985]],[[19.986305,49.990428],[19.986928,49.989847]],[[19.986986,49.989872],[19.987909,49.988957]],[[19.986977,49.989868],[19.9879,49.988953]],[[19.986957,49.989859],[19.987879,49.988945]],[[19.986937,49.98985],[19.987859,49.988936]],[[19.986928,49.989847],[19.98785,49.988932]]]}},{"type":"Feature","properties":{"variant":"B","kind":"extent"},"geometry":{"type":"MultiLineString","coordinates":[[[19.985562,49.992431],[19.986134,49.991897]],[[19.985554,49.992427],[19.986124,49.991894]],[[19.985534,49.992418],[19.986103,49.991886]],[[19.985514,49.992409],[19.986081,49.991879]],[[19.985505,49.992405],[19.986072,49.991876]],[[19.986134,49.991897],[19.986379,49.991474]],[[19.986124,49.991894],[19.98637,49.991471]],[[19.986103,49.991886],[19.986349,49.991463]],[[19.986081,49.991879],[19.986327,49.991455]],[[19.986072,49.991876],[19.986318,49.991451]],[[19.986379,49.991474],[19.986674,49.991243]],[[19.98637,49.991471],[19.986665,49.991239]],[[19.986349,49.991463],[19.986644,49.991231]],[[19.986327,49.991455],[19.986623,49.991223]],[[19.986318,49.991451],[19.986614,49.99122]],[[19.986674,49.991243],[19.987034,49.990668]],[[19.986665,49.991239],[19.987025,49.990665]],[[19.986644,49.991231],[19.987003,49.990658]],[[19.986623,49.991223],[19.986981,49.990651]],[[19.986614,49.99122],[19.986971,49.990648]],[[19.987034,49.990668],[19.987436,49.990238]],[[19.987025,49.990665],[19.987428,49.990234]],[[19.987003,49.990658],[19.987408,49.990224]],[[19.986981,49.990651],[19.987389,49.990215]],[[19.986971,49.990648],[19.98738,49.990211]],[[19.987436,49.990238],[19.987741,49.990026]],[[19.987428,49.990234],[19.987735,49.99002]],[[19.987408,49.990224],[19.987722,49.990006]],[[19.987389,49.990215],[19.987709,49.989992]],[[19.98738,49.990211],[19.987703,49.989986]],[[19.987741,49.990026],[19.987947,49.98999]],[[19.987735,49.99002],[19.987939,49.989984]],[[19.987722,49.990006],[19.987922,49.989971]],[[19.987709,49.989992],[19.987904,49.989958]],[[19.987703,49.989986],[19.987896,49.989952]],[[19.987947,49.98999],[19.9881,49.989764]],[[19.987939,49.989984],[19.988092,49.989759]],[[19.987922,49.989971],[19.988073,49.989747]],[[19.987904,49.989958],[19.988055,49.989735]],[[19.987896,49.989952],[19.988047,49.98973]],[[19.9881,49.989764],[19.988975,49.989512]],[[19.988092,49.989759],[19.988971,49.989506]],[[19.988073,49.989747],[19.988961,49.989492]],[[19.988055,49.989735],[19.988951,49.989477]],[[19.988047,49.98973],[19.988946,49.989471]]]}},{"type":"Feature","properties":{"variant":"B","kind":"extent"},"geometry":{"type":"MultiLineString","coordinates":[[[19.988821,49.987735],[19.989216,49.987806]],[[19.988823,49.987729],[19.989212,49.987799]],[[19.98883,49.987714],[19.989203,49.987781]],[[19.988836,49.987699],[19.989194,49.987763]],[[19.988839,49.987692],[19.98919,49.987755]],[[19.989216,49.987806],[19.989885,49.987256]],[[19.989212,49.987799],[19.989875,49.987253]],[[19.989203,49.987781],[19.989854,49.987245]],[[19.989194,49.987763],[19.989832,49.987237]],[[19.98919,49.987755],[19.989823,49.987234]],[[19.989885,49.987256],[19.990209,49.986699]],[[19.989875,49.987253],[19.990199,49.986696]],[[19.989854,49.987245],[19.990176,49.98669]],[[19.989832,49.987237],[19.990154,49.986684]],[[19.989823,49.987234],[19.990144,49.986682]],[[19.990209,49.986699],[19.990575,49.98616]],[[19.990199,49.986696],[19.990565,49.986158]],[[19.990176,49.98669],[19.990543,49.986151]],[[19.990154,49.986684],[19.99052,49.986145]],[[19.990144,49.986682],[19.99051,49.986143]],[[19.990575,49.98616],[19.991051,49.985421]],[[19.990565,49.986158],[19.991042,49.985418]],[[19.990543,49.986151],[19.99102,49.985411]],[[19.99052,49.986145],[19.990998,49.985404]],[[19.99051,49.986143],[19.990989,49.985401]],[[19.991051,49.985421],[19.991689,49.984754]],[[19.991042,49.985418],[19.991679,49.984752]],[[19.99102,49.985411],[19.991655,49.984747]],[[19.990998,49.985404],[19.991631,49.984742]],[[19.990989,49.985401],[19.991621,49.984739]],[[19.991689,49.984754],[19.991962,49.983178]],[[19.991679,49.984752],[19.991952,49.983177]],[[19.991655,49.984747],[19.991928,49.983175]],[[19.991631,49.984742],[19.991903,49.983173]],[[19.991621,49.984739],[19.991893,49.983172]],[[19.991962,49.983178],[19.992012,49.982987]],[[19.991952,49.983177],[19.992002,49.982986]],[[19.991928,49.983175],[19.991978,49.982983]],[[19.991903,49.983173],[19.991954,49.98298]],[[19.991893,49.983172],[19.991943,49.982979]]]}},{"type":"Feature","properties":{"variant":"B","kind":"extent"},"geometry":{"type":"MultiLineString","coordinates":[[[19.988745,49.989332],[19.989005,49.989054]],[[19.988736,49.989329],[19.988995,49.989051]],[[19.988715,49.989321],[19.988974,49.989044]],[[19.988694,49.989312],[19.988952,49.989036]],[[19.988685,49.989309],[19.988943,49.989033]],[[19.989005,49.989054],[19.989482,49.988413]],[[19.988995,49.989051],[19.989473,49.988409]],[[19.988974,49.989044],[19.989453,49.988401]],[[19.988952,49.989036],[19.989432,49.988392]],[[19.988943,49.989033],[19.989423,49.988389]],[[19.989482,49.988413],[19.990086,49.987916]],[[19.989473,49.988409],[19.990077,49.987913]],[[19.989453,49.988401],[19.990057,49.987904]],[[19.989432,49.988392],[19.990036,49.987896]],[[19.989423,49.988389],[19.990027,49.987892]],[[19.990086,49.987916],[19.990345,49.987572]],[[19.990077,49.987913],[19.990336,49.987569]],[[19.990057,49.987904],[19.990315,49.98756]],[[19.990036,49.987896],[19.990294,49.987552]],[[19.990027,49.987892],[19.990285,49.987549]],[[19.990345,49.987572],[19.991493,49.986555]],[[19.990336,49.987569],[19.991483,49.986552]],[[19.990315,49.98756],[19.991461,49.986545]],[[19.990294,49.987552],[19.991439,49.986538]],[[19.990285,49.987549],[19.991429,49.986535]],[[19.991493,49.986555],[19.99186,49.985726]],[[19.991483,49.986552],[19.99185,49.985724]],[[19.991461,49.986545],[19.991827,49.98572]],[[19.991439,49.986538],[19.991804,49.985715]],[[19.991429,49.986535],[19.991794,49.985713]],[[19.99186,49.985726],[19.992223,49.984998]],[[19.99185,49.985724],[19.992213,49.984995]],[[19.991827,49.98572],[19.992191,49.984989]],[[19.991804,49.985715],[19.992168,49.984983]],[[19.991794,49.985713],[19.992158,49.98498]],[[19.992223,49.984998],[19.992691,49.98444]],[[19.992213,49.984995],[19.992681,49.984437]],[[19.992191,49.984989],[19.992659,49.98443]],[[19.992168,49.984983],[19.992637,49.984424]],[[19.992158,49.98498],[19.992627,49.984421]],[[19.992691,49.98444],[19.993135,49.983633]],[[19.992681,49.984437],[19.993125,49.983631]],[[19.992659,49.98443],[19.993102,49.983626]],[[19.992637,49.984424],[19.993078,49.983622]],[[19.992627,49.984421],[19.993068,49.98362]],[[19.993135,49.983633],[19.993306,49.983202]],[[19.993125,49.983631],[19.993296,49.983201]],[[19.993102,49.983626],[19.993272,49.983197]],[[19.993078,49.983622],[19.993248,49.983193]],[[19.993068,49.98362],[19.993238,49.983191]]]}},{"type":"Feature","properties":{"variant":"B","kind":"extent"},"geometry":{"type":"MultiLineString","coordinates":[[[19.992012,49.982989],[19.992233,49.982416]],[[19.992002,49.982987],[19.992223,49.982414]],[[19.991978,49.982983],[19.9922,49.982409]],[[19.991954,49.982979],[19.992177,49.982404]],[[19.991944,49.982978],[19.992167,49.982402]],[[19.992233,49.982416],[19.992791,49.981525]],[[19.992223,49.982414],[19.992781,49.981523]],[[19.9922,49.982409],[19.992757,49.98152]],[[19.992177,49.982404],[19.992733,49.981516]],[[19.992167,49.982402],[19.992722,49.981515]],[[19.992791,49.981525],[19.99283,49.98111]],[[19.992781,49.981523],[19.992819,49.98111]],[[19.992757,49.98152],[19.992795,49.981108]],[[19.992733,49.981516],[19.992771,49.981106]],[[19.992722,49.981515],[19.99276,49.981106]],[[19.99283,49.98111],[19.993021,49.98023]],[[19.992819,49.98111],[19.99301,49.980229]],[[19.992795,49.981108],[19.992986,49.980229]],[[19.992771,49.981106],[19.992961,49.980228]],[[19.99276,49.981106],[19.992951,49.980228]],[[19.993021,49.98023],[19.992979,49.979671]],[[19.99301,49.980229],[19.992969,49.97967]],[[19.992986,49.980229],[19.992944,49.979668]],[[19.992961,49.980228],[19.99292,49.979665]],[[19.992951,49.980228],[19.992909,49.979664]],[[19.992979,49.979671],[19.99332,49.979061]],[[19.992969,49.97967],[19.993309,49.979059]],[[19.992944,49.979668],[19.993285,49.979056]],[[19.99292,49.979665],[19.993261,49.979052]],[[19.992909,49.979664],[19.993251,49.979051]],[[19.99332,49.979061],[19.993486,49.977711]],[[19.993309,49.979059],[19.993475,49.97771]],[[19.993285,49.979056],[19.993451,49.977709]],[[19.993261,49.979052],[19.993427,49.977707]],[[19.993251,49.979051],[19.993416,49.977707]],[[19.993486,49.977711],[19.993571,49.977196]],[[19.993475,49.97771],[19.993561,49.977195]],[[19.993451,49.977709],[19.993537,49.977192]],[[19.993427,49.977707],[19.993513,49.97719]],[[19.993416,49.977707],[19.993502,49.977189]],[[19.993571,49.977196],[19.993837,49.976367]],[[19.993561,49.977195],[19.993827,49.976366]],[[19.993537,49.977192],[19.993803,49.976363]],[[19.993513,49.97719],[19.993779,49.97636]],[[19.993502,49.977189],[19.993769,49.976358]],[[19.993837,49.976367],[19.994154,49.975309]],[[19.993827,49.976366],[19.994144,49.975307]],[[19.993803,49.976363],[19.99412,49.975304]],[[19.993779,49.97636],[19.994096,49.975301]],[[19.993769,49.976358],[19.994086,49.975299]],[[19.994154,49.975309],[19.994315,49.974867]],[[19.994144,49.975307],[19.994305,49.974866]],[[19.99412,49.975304],[19.994281,49.974863]],[[19.994096,49.975301],[19.994257,49.974861]],[[19.994086,49.975299],[19.994246,49.97486]],[[19.994315,49.974867],[19.994431,49.973698]],[[19.994305,49.974866],[19.99442,49.973698]],[[19.994281,49.974863],[19.994396,49.973696]],[[19.994257,49.974861],[19.994372,49.973695]],[[19.994246,49.97486],[19.994361,49.973694]],[[19.994431,49.973698],[19.994455,49.973584]],[[19.99442,49.973698],[19.994445,49.973583]],[[19.994396,49.973696],[19.99442,49.97358]],[[19.994372,49.973695],[19.994396,49.973578]],[[19.994361,49.973694],[19.994386,49.973577]]]}},{"type":"Feature","properties":{"variant":"B","kind":"extent"},"geometry":{"type":"MultiLineString","coordinates":[[[19.993306,49.983203],[19.99356,49.982641]],[[19.993296,49.983201],[19.993549,49.98264]],[[19.993272,49.983197],[19.993525,49.982638]],[[19.993249,49.983192],[19.993501,49.982635]],[[19.993239,49.98319],[19.993491,49.982634]],[[19.99356,49.982641],[19.993608,49.98202]],[[19.993549,49.98264],[19.993597,49.982019]],[[19.993525,49.982638],[19.993573,49.982019]],[[19.993501,49.982635],[19.993549,49.982018]],[[19.993491,49.982634],[19.993538,49.982018]],[[19.993608,49.98202],[19.993632,49.981512]],[[19.993597,49.982019],[19.993621,49.981506]],[[19.993573,49.982019],[19.993598,49.981491]],[[19.993549,49.982018],[19.993574,49.981476]],[[19.993538,49.982018],[19.993564,49.98147]],[[19.993632,49.981512],[19.99856,49.981341]],[[19.993621,49.981506],[19.998559,49.981334]],[[19.993598,49.981491],[19.998558,49.981318]],[[19.993574,49.981476],[19.998556,49.981303]],[[19.993564,49.98147],[19.998556,49.981296]],[[19.99856,49.981341],[19.99856,49.981341]],[[19.998559,49.981334],[19.998559,49.981334]],[[19.998558,49.981318],[19.998558,49.981318]],[[19.998556,49.981303],[19.998556,49.981303]],[[19.998556,49.981296],[19.998556,49.981296]],[[19.99856,49.981341],[19.99856,49.981341]],[[19.998559,49.981334],[19.998559,49.981334]],[[19.998558,49.981318],[19.998558,49.981318]],[[19.998556,49.981303],[19.998556,49.981303]],[[19.998556,49.981296],[19.998556,49.981296]],[[19.99856,49.981341],[19.99856,49.981341]],[[19.998559,49.981334],[19.998559,49.981334]],[[19.998558,49.981318],[19.998558,49.981318]],[[19.998556,49.981303],[19.998556,49.981303]],[[19.998556,49.981296],[19.998556,49.981296]],[[19.99856,49.981341],[19.99856,49.981341]],[[19.998559,49.981334],[19.998559,49.981334]],[[19.998558,49.981318],[19.998558,49.981318]],[[19.998556,49.981303],[19.998556,49.981303]],[[19.998556,49.981296],[19.998556,49.981296]],[[19.99856,49.981341],[19.998588,49.98134]],[[19.998559,49.981334],[19.998579,49.981333]],[[19.998558,49.981318],[19.998558,49.981318]],[[19.998556,49.981303],[19.998537,49.981303]],[[19.998556,49.981296],[19.998528,49.981297]],[[19.998588,49.98134],[19.999712,49.976707]],[[19.998579,49.981333],[19.999702,49.976706]],[[19.998558,49.981318],[19.999678,49.976704]],[[19.998537,49.981303],[19.999654,49.976701]],[[19.998528,49.981297],[19.999643,49.9767]],[[19.999712,49.976707],[19.999712,49.976707]],[[19.999702,49.976706],[19.999702,49.976706]],[[19.999678,49.976704],[19.999678,49.976704]],[[19.999654,49.976701],[19.999654,49.976701]],[[19.999643,49.9767],[19.999643,49.9767]],[[19.999712,49.976707],[19.999712,49.976707]],[[19.999702,49.976706],[19.999702,49.976706]],[[19.999678,49.976704],[19.999678,49.976704]],[[19.999654,49.976701],[19.999654,49.976701]],[[19.999643,49.9767],[19.999643,49.9767]],[[19.999712,49.976707],[19.999716,49.976691]],[[19.999702,49.976706],[19.999705,49.976695]],[[19.999678,49.976704],[19.999678,49.976704]],[[19.999654,49.976701],[19.999651,49.976713]],[[19.999643,49.9767],[19.999639,49.976717]],[[19.999716,49.976691],[19.995279,49.97533]],[[19.999705,49.976695],[19.995266,49.975334]],[[19.999678,49.976704],[19.995236,49.975342]],[[19.999651,49.976713],[19.995207,49.97535]],[[19.999639,49.976717],[19.995194,49.975354]],[[19.995279,49.97533],[19.995547,49.974765]],[[19.995266,49.975334],[19.995537,49.974764]],[[19.995236,49.975342],[19.995513,49.97476]],[[19.995207,49.97535],[19.995489,49.974757]],[[19.995194,49.975354],[19.995479,49.974756]],[[19.995547,49.974765],[19.995677,49.974056]],[[19.995537,49.974764],[19.995667,49.974055]],[[19.995513,49.97476],[19.995643,49.974053]],[[19.995489,49.974757],[19.995618,49.974051]],[[19.995479,49.974756],[19.995608,49.97405]],[[19.995677,49.974056],[19.995753,49.973698]],[[19.995667,49.974055],[19.995743,49.973697]],[[19.995643,49.974053],[19.995719,49.973695]],[[19.995618,49.974051],[19.995695,49.973693]],[[19.995608,49.97405],[19.995684,49.973692]]]}},{"type":"Feature","properties":{"variant":"B","kind":"extent"},"geometry":{"type":"MultiLineString","coordinates":[[[19.996094,49.971295],[19.995671,49.972099]],[[19.996104,49.971297],[19.995682,49.972099]],[[19.996127,49.971302],[19.995707,49.972101]],[[19.99615,49.971307],[19.995732,49.972102]],[[19.99616,49.971309],[19.995743,49.972103]],[[19.995671,49.972099],[19.995754,49.972475]],[[19.995682,49.972099],[19.995765,49.972475]],[[19.995707,49.972101],[19.99579,49.972475]],[[19.995732,49.972102],[19.995814,49.972475]],[[19.995743,49.972103],[19.995825,49.972475]],[[19.995754,49.972475],[19.995632,49.972995]],[[19.995765,49.972475],[19.995643,49.972995]],[[19.99579,49.972475],[19.995668,49.972994]],[[19.995814,49.972475],[19.995692,49.972993]],[[19.995825,49.972475],[19.995703,49.972993]],[[19.995632,49.972995],[19.995776,49.973403]],[[19.995643,49.972995],[19.995787,49.973403]],[[19.995668,49.972994],[19.995812,49.973403]],[[19.995692,49.972993],[19.995837,49.973403]],[[19.995703,49.972993],[19.995848,49.973403]],[[19.995776,49.973403],[19.995685,49.973691]],[[19.995787,49.973403],[19.995695,49.973692]],[[19.995812,49.973403],[19.995719,49.973695]],[[19.995837,49.973403],[19.995743,49.973698]],[[19.995848,49.973403],[19.995753,49.9737]]]}},{"type":"Feature","properties":{"variant":"B","kind":"extent"},"geometry":{"type":"MultiLineString","coordinates":[[[19.990285,49.972979],[19.990283,49.972961]],[[19.990274,49.97298],[19.990272,49.972962]],[[19.99025,49.972981],[19.990248,49.972964]],[[19.990226,49.972982],[19.990224,49.972966]],[[19.990215,49.972982],[19.990214,49.972967]],[[19.990283,49.972961],[19.990198,49.97268]],[[19.990272,49.972962],[19.990188,49.97268]],[[19.990248,49.972964],[19.990163,49.972682]],[[19.990224,49.972966],[19.990139,49.972684]],[[19.990214,49.972967],[19.990128,49.972684]],[[19.990198,49.97268],[19.990147,49.971185]],[[19.990188,49.97268],[19.990137,49.971186]],[[19.990163,49.972682],[19.990113,49.971186]],[[19.990139,49.972684],[19.990088,49.971186]],[[19.990128,49.972684],[19.990078,49.971186]],[[19.990147,49.971185],[19.990148,49.969841]],[[19.990137,49.971186],[19.990138,49.969841]],[[19.990113,49.971186],[19.990114,49.969841]],[[19.990088,49.971186],[19.990089,49.969841]],[[19.990078,49.971186],[19.990079,49.969841]],[[19.990148,49.969841],[19.990165,49.96881]],[[19.990138,49.969841],[19.990154,49.96881]],[[19.990114,49.969841],[19.99013,49.96881]],[[19.990089,49.969841],[19.990106,49.96881]],[[19.990079,49.969841],[19.990095,49.96881]],[[19.990165,49.96881],[19.990144,49.968013]],[[19.990154,49.96881],[19.990133,49.968007]],[[19.99013,49.96881],[19.990108,49.967995]],[[19.990106,49.96881],[19.990084,49.967983]],[[19.990095,49.96881],[19.990073,49.967977]],[[19.990144,49.968013],[19.994013,49.967435]],[[19.990133,49.968007],[19.994001,49.96743]],[[19.990108,49.967995],[19.993971,49.967418]],[[19.990084,49.967983],[19.993941,49.967406]],[[19.990073,49.967977],[19.993928,49.967401]],[[19.994013,49.967435],[19.993939,49.967246]],[[19.994001,49.96743],[19.993928,49.967247]],[[19.993971,49.967418],[19.993905,49.96725]],[[19.993941,49.967406],[19.993881,49.967253]],[[19.993928,49.967401],[19.99387,49.967254]],[[19.993939,49.967246],[19.993904,49.967084]],[[19.993928,49.967247],[19.993894,49.967085]],[[19.993905,49.96725],[19.993869,49.967087]],[[19.993881,49.967253],[19.993845,49.967089]],[[19.99387,49.967254],[19.993835,49.96709]]]}},{"type":"Feature","properties":{"variant":"B","kind":"extent"},"geometry":{"type":"MultiLineString","coordinates":[[[19.993904,49.967084],[19.993819,49.966723]],[[19.993894,49.967085],[19.993808,49.966722]],[[19.993869,49.967087],[19.993783,49.966719]],[[19.993845,49.967089],[19.993758,49.966716]],[[19.993835,49.96709],[19.993747,49.966714]],[[19.993819,49.966723],[19.994244,49.966265]],[[19.993808,49.966722],[19.994232,49.966264]],[[19.993783,49.966719],[19.994206,49.966262]],[[19.993758,49.966716],[19.994179,49.96626]],[[19.993747,49.966714],[19.994168,49.966259]],[[19.994244,49.966265],[19.99364,49.964985]],[[19.994232,49.966264],[19.993631,49.964988]],[[19.994206,49.966262],[19.993609,49.964997]],[[19.994179,49.96626],[19.993588,49.965005]],[[19.994168,49.966259],[19.993579,49.965009]],[[19.99364,49.964985],[19.993137,49.964673]],[[19.993631,49.964988],[19.993126,49.964676]],[[19.993609,49.964997],[19.993101,49.964682]],[[19.993588,49.965005],[19.993076,49.964689]],[[19.993579,49.965009],[19.993065,49.964691]],[[19.993137,49.964673],[19.993227,49.963779]],[[19.993126,49.964676],[19.993216,49.963781]],[[19.993101,49.964682],[19.993191,49.963784]],[[19.993076,49.964689],[19.993167,49.963787]],[[19.993065,49.964691],[19.993156,49.963788]],[[19.993227,49.963779],[19.991493,49.961421]],[[19.993216,49.963781],[19.991483,49.961424]],[[19.993191,49.963784],[19.991461,49.961431]],[[19.993167,49.963787],[19.991439,49.961438]],[[19.993156,49.963788],[19.99143,49.961441]]]}},{"type":"Feature","properties":{"variant":"B","kind":"extent"},"geometry":{"type":"MultiLineString","coordinates":[[[19.995283,49.966711],[19.994877,49.965492]],[[19.995272,49.966713],[19.994867,49.965494]],[[19.995248,49.966716],[19.994843,49.965497]],[[19.995225,49.966719],[19.994819,49.965501]],[[19.995214,49.966721],[19.994809,49.965502]],[[19.994877,49.965492],[19.994695,49.964947]],[[19.994867,49.965494],[19.994685,49.964947]],[[19.994843,49.965497],[19.99466,49.964948]],[[19.994819,49.965501],[19.994635,49.964948]],[[19.994809,49.965502],[19.994625,49.964948]],[[19.994695,49.964947],[19.994782,49.964511]],[[19.994685,49.964947],[19.994771,49.964512]],[[19.99466,49.964948],[19.994746,49.964515]],[[19.994635,49.964948],[19.99472,49.964518]],[[19.994625,49.964948],[19.99471,49.96452]],[[19.994782,49.964511],[19.994004,49.963568]],[[19.994771,49.964512],[19.993995,49.96357]],[[19.994746,49.964515],[19.993973,49.963577]],[[19.99472,49.964518],[19.993951,49.963584]],[[19.99471,49.96452],[19.993941,49.963587]],[[19.994004,49.963568],[19.993575,49.962922]],[[19.993995,49.96357],[19.993565,49.962924]],[[19.993973,49.963577],[19.993541,49.962929]],[[19.993951,49.963584],[19.993518,49.962933]],[[19.993941,49.963587],[19.993508,49.962936]],[[19.993575,49.962922],[19.993275,49.962001]],[[19.993565,49.962924],[19.993264,49.962001]],[[19.993541,49.962929],[19.99324,49.962003]],[[19.993518,49.962933],[19.993216,49.962004]],[[19.993508,49.962936],[19.993205,49.962005]],[[19.993275,49.962001],[19.993296,49.960971]],[[19.993264,49.962001],[19.993286,49.960971]],[[19.99324,49.962003],[19.993262,49.960971]],[[19.993216,49.962004],[19.993237,49.96097]],[[19.993205,49.962005],[19.993227,49.96097]]]}},{"type":"Feature","properties":{"variant":"B","kind":"extent"},"geometry":{"type":"MultiLineString","coordinates":[[[19.987211,49.95254],[19.987327,49.953237]],[[19.987222,49.952539],[19.987337,49.953235]],[[19.987246,49.952537],[19.987361,49.953231]],[[19.98727,49.952535],[19.987385,49.953226]],[[19.987281,49.952535],[19.987395,49.953224]],[[19.987327,49.953237],[19.988085,49.95415]],[[19.987337,49.953235],[19.988095,49.954148]],[[19.987361,49.953231],[19.988119,49.954144]],[[19.987385,49.953226],[19.988143,49.954139]],[[19.987395,49.953224],[19.988153,49.954137]],[[19.988085,49.95415],[19.988324,49.95599]],[[19.988095,49.954148],[19.988334,49.955985]],[[19.988119,49.954144],[19.988357,49.955975]],[[19.988143,49.954139],[19.988381,49.955965]],[[19.988153,49.954137],[19.98839,49.95596]],[[19.988324,49.95599],[19.988932,49.956171]],[[19.988334,49.955985],[19.988937,49.956165]],[[19.988357,49.955975],[19.988947,49.956151]],[[19.988381,49.955965],[19.988957,49.956137]],[[19.98839,49.95596],[19.988962,49.95613]]]}},{"type":"Feature","properties":{"variant":"B","kind":"extent"},"geometry":{"type":"MultiLineString","coordinates":[[[19.988774,49.952515],[19.988576,49.952936]],[[19.988784,49.952517],[19.988587,49.952936]],[[19.988807,49.952522],[19.988612,49.952936]],[[19.98883,49.952526],[19.988637,49.952937]],[[19.98884,49.952528],[19.988648,49.952937]],[[19.988576,49.952936],[19.988994,49.954048]],[[19.988587,49.952936],[19.989003,49.954043]],[[19.988612,49.952936],[19.989024,49.954033]],[[19.988637,49.952937],[19.989045,49.954023]],[[19.988648,49.952937],[19.989054,49.954019]],[[19.988994,49.954048],[19.989458,49.954226]],[[19.989003,49.954043],[19.989463,49.95422]],[[19.989024,49.954033],[19.989476,49.954206]],[[19.989045,49.954023],[19.989488,49.954193]],[[19.989054,49.954019],[19.989493,49.954187]]]}},{"type":"Feature","properties":{"variant":"B","kind":"extent"},"geometry":{"type":"MultiLineString","coordinates":[[[19.988347,49.952308],[19.987797,49.951668]],[[19.988338,49.952311],[19.987787,49.951671]],[[19.988317,49.952319],[19.987765,49.951677]],[[19.988295,49.952326],[19.987742,49.951683]],[[19.988286,49.95233],[19.987733,49.951686]],[[19.987797,49.951668],[19.987174,49.950466]],[[19.987787,49.951671],[19.987165,49.950468]],[[19.987765,49.951677],[19.987142,49.950474]],[[19.987742,49.951683],[19.987119,49.95048]],[[19.987733,49.951686],[19.987109,49.950482]],[[19.987174,49.950466],[19.986763,49.949846]],[[19.987165,49.950468],[19.986753,49.949847]],[[19.987142,49.950474],[19.986728,49.94985]],[[19.987119,49.95048],[19.986704,49.949853]],[[19.987109,49.950482],[19.986693,49.949854]],[[19.986763,49.949846],[19.986777,49.949202]],[[19.986753,49.949847],[19.986766,49.949203]],[[19.986728,49.94985],[19.986742,49.949206]],[[19.986704,49.949853],[19.986717,49.949208]],[[19.986693,49.949854],[19.986707,49.94921]],[[19.986777,49.949202],[19.986411,49.94857]],[[19.986766,49.949203],[19.986402,49.948573]],[[19.986742,49.949206],[19.98638,49.948581]],[[19.986717,49.949208],[19.986359,49.948588]],[[19.986707,49.94921],[19.986349,49.948592]],[[19.986411,49.94857],[19.985683,49.947954]],[[19.986402,49.948573],[19.985673,49.947957]],[[19.98638,49.948581],[19.985651,49.947964]],[[19.986359,49.948588],[19.985628,49.947971]],[[19.986349,49.948592],[19.985619,49.947974]],[[19.985683,49.947954],[19.985417,49.947246]],[[19.985673,49.947957],[19.985407,49.947248]],[[19.985651,49.947964],[19.985383,49.947252]],[[19.985628,49.947971],[19.98536,49.947257]],[[19.985619,49.947974],[19.98535,49.947259]],[[19.985417,49.947246],[19.984774,49.946046]],[[19.985407,49.947248],[19.984764,49.946048]],[[19.985383,49.947252],[19.98474,49.946052]],[[19.98536,49.947257],[19.984717,49.946057]],[[19.98535,49.947259],[19.984707,49.946059]],[[19.984774,49.946046],[19.984341,49.945003]],[[19.984764,49.946048],[19.984331,49.945004]],[[19.98474,49.946052],[19.984307,49.945008]],[[19.984717,49.946057],[19.984284,49.945012]],[[19.984707,49.946059],[19.984273,49.945013]],[[19.984341,49.945003],[19.98422,49.944657]],[[19.984331,49.945004],[19.98421,49.944659]],[[19.984307,49.945008],[19.984186,49.944662]],[[19.984284,49.945012],[19.984162,49.944666]],[[19.984273,49.945013],[19.984152,49.944667]]]}},{"type":"Feature","properties":{"variant":"B","kind":"extent"},"geometry":{"type":"MultiLineString","coordinates":[[[19.986408,49.951792],[19.986371,49.951592]],[[19.986397,49.951793],[19.98636,49.95159]],[[19.986373,49.951794],[19.986335,49.951587]],[[19.986349,49.951796],[19.98631,49.951584]],[[19.986339,49.951797],[19.986299,49.951582]],[[19.986371,49.951592],[19.986697,49.951226]],[[19.98636,49.95159],[19.986686,49.951225]],[[19.986335,49.951587],[19.986659,49.951223]],[[19.98631,49.951584],[19.986632,49.951222]],[[19.986299,49.951582],[19.986621,49.951221]],[[19.986697,49.951226],[19.986053,49.950107]],[[19.986686,49.951225],[19.986043,49.95011]],[[19.986659,49.951223],[19.986021,49.950117]],[[19.986632,49.951222],[19.985999,49.950123]],[[19.986621,49.951221],[19.985989,49.950126]],[[19.986053,49.950107],[19.985349,49.949267]],[[19.986043,49.95011],[19.985339,49.94927]],[[19.986021,49.950117],[19.985318,49.949277]],[[19.985999,49.950123],[19.985296,49.949284]],[[19.985989,49.950126],[19.985286,49.949287]],[[19.985349,49.949267],[19.984979,49.94873]],[[19.985339,49.94927],[19.984969,49.948731]],[[19.985318,49.949277],[19.984943,49.948733]],[[19.985296,49.949284],[19.984918,49.948736]],[[19.985286,49.949287],[19.984907,49.948736]],[[19.984979,49.94873],[19.985091,49.948251]],[[19.984969,49.948731],[19.98508,49.948253]],[[19.984943,49.948733],[19.985054,49.948255]],[[19.984918,49.948736],[19.985029,49.948258]],[[19.984907,49.948736],[19.985018,49.948259]],[[19.985091,49.948251],[19.984519,49.947519]],[[19.98508,49.948253],[19.984509,49.947521]],[[19.985054,49.948255],[19.984485,49.947527]],[[19.985029,49.948258],[19.984462,49.947532]],[[19.985018,49.948259],[19.984452,49.947534]],[[19.984519,49.947519],[19.984316,49.946912]],[[19.984509,49.947521],[19.984306,49.946914]],[[19.984485,49.947527],[19.984283,49.946919]],[[19.984462,49.947532],[19.98426,49.946924]],[[19.984452,49.947534],[19.98425,49.946926]],[[19.984316,49.946912],[19.983895,49.946301]],[[19.984306,49.946914],[19.983886,49.946303]],[[19.984283,49.946919],[19.983863,49.94631]],[[19.98426,49.946924],[19.983841,49.946316]],[[19.98425,49.946926],[19.983831,49.946319]],[[19.983895,49.946301],[19.983078,49.94508]],[[19.983886,49.946303],[19.983068,49.945082]],[[19.983863,49.94631],[19.983045,49.945087]],[[19.983841,49.946316],[19.983022,49.945092]],[[19.983831,49.946319],[19.983012,49.945094]],[[19.983078,49.94508],[19.98302,49.944923]],[[19.983068,49.945082],[19.98301,49.944925]],[[19.983045,49.945087],[19.982986,49.944929]],[[19.983022,49.945092],[19.982962,49.944932]],[[19.983012,49.945094],[19.982952,49.944934]]]}},{"type":"Feature","properties":{"variant":"B","kind":"extent"},"geometry":{"type":"MultiLineString","coordinates":[[[19.984218,49.944654],[19.983906,49.944168]],[[19.984209,49.944656],[19.983896,49.944171]],[[19.984186,49.944662],[19.983874,49.944178]],[[19.984163,49.944668],[19.983852,49.944184]],[[19.984154,49.944671],[19.983842,49.944187]],[[19.983906,49.944168],[19.983355,49.943442]],[[19.983896,49.944171],[19.983345,49.943444]],[[19.983874,49.944178],[19.983322,49.943449]],[[19.983852,49.944184],[19.983298,49.943454]],[[19.983842,49.944187],[19.983288,49.943456]],[[19.983355,49.943442],[19.983244,49.94302]],[[19.983345,49.943444],[19.983234,49.943022]],[[19.983322,49.943449],[19.98321,49.943026]],[[19.983298,49.943454],[19.983186,49.943029]],[[19.983288,49.943456],[19.983176,49.943031]],[[19.983244,49.94302],[19.982692,49.941876]],[[19.983234,49.943022],[19.982682,49.941878]],[[19.98321,49.943026],[19.982658,49.941882]],[[19.983186,49.943029],[19.982634,49.941886]],[[19.983176,49.943031],[19.982624,49.941888]],[[19.982692,49.941876],[19.98216,49.94025]],[[19.982682,49.941878],[19.98215,49.940252]],[[19.982658,49.941882],[19.982126,49.940257]],[[19.982634,49.941886],[19.982103,49.940262]],[[19.982624,49.941888],[19.982093,49.940263]],[[19.98216,49.94025],[19.981704,49.939517]],[[19.98215,49.940252],[19.981692,49.939517]],[[19.982126,49.940257],[19.981666,49.939516]],[[19.982103,49.940262],[19.981639,49.939515]],[[19.982093,49.940263],[19.981627,49.939515]],[[19.981704,49.939517],[19.982178,49.938896]],[[19.981692,49.939517],[19.982168,49.938893]],[[19.981666,49.939516],[19.982147,49.938886]],[[19.981639,49.939515],[19.982125,49.938879]],[[19.981627,49.939515],[19.982115,49.938876]]]}},{"type":"Feature","properties":{"variant":"B","kind":"extent"},"geometry":{"type":"MultiLineString","coordinates":[[[19.983019,49.944922],[19.982873,49.944625]],[[19.983009,49.944924],[19.982863,49.944627]],[[19.982986,49.944929],[19.982839,49.944631]],[[19.982963,49.944934],[19.982815,49.944635]],[[19.982953,49.944936],[19.982805,49.944637]],[[19.982873,49.944625],[19.982606,49.943816]],[[19.982863,49.944627],[19.982596,49.943818]],[[19.982839,49.944631],[19.982572,49.943822]],[[19.982815,49.944635],[19.982549,49.943826]],[[19.982805,49.944637],[19.982539,49.943828]],[[19.982606,49.943816],[19.981938,49.942495]],[[19.982596,49.943818],[19.981928,49.942498]],[[19.982572,49.943822],[19.981906,49.942504]],[[19.982549,49.943826],[19.981883,49.942509]],[[19.982539,49.943828],[19.981873,49.942512]],[[19.981938,49.942495],[19.981282,49.941575]],[[19.981928,49.942498],[19.981272,49.941578]],[[19.981906,49.942504],[19.981251,49.941585]],[[19.981883,49.942509],[19.981229,49.941592]],[[19.981873,49.942512],[19.981219,49.941595]],[[19.981282,49.941575],[19.979489,49.939343]],[[19.981272,49.941578],[19.979481,49.939348]],[[19.981251,49.941585],[19.979463,49.93936]],[[19.981229,49.941592],[19.979445,49.939371]],[[19.981219,49.941595],[19.979437,49.939376]],[[19.979489,49.939343],[19.978505,49.938977]],[[19.979481,49.939348],[19.978491,49.93898]],[[19.979463,49.93936],[19.978459,49.938986]],[[19.979445,49.939371],[19.978427,49.938992]],[[19.979437,49.939376],[19.978413,49.938995]],[[19.978505,49.938977],[19.978608,49.938846]],[[19.978491,49.93898],[19.978598,49.938843]],[[19.978459,49.938986],[19.978577,49.938836]],[[19.978427,49.938992],[19.978555,49.938829]],[[19.978413,49.938995],[19.978546,49.938826]]]}},{"type":"Feature","properties":{"variant":"B","kind":"extent"},"geometry":{"type":"MultiLineString","coordinates":[[[19.978608,49.938846],[19.979007,49.938325]],[[19.978598,49.938843],[19.978995,49.938325]],[[19.978577,49.938836],[19.978969,49.938323]],[[19.978555,49.938829],[19.978943,49.938322]],[[19.978545,49.938826],[19.978931,49.938322]],[[19.979007,49.938325],[19.977986,49.936389]],[[19.978995,49.938325],[19.977976,49.936391]],[[19.978969,49.938323],[19.977953,49.936396]],[[19.978943,49.938322],[19.97793,49.936402]],[[19.978931,49.938322],[19.97792,49.936404]],[[19.977986,49.936389],[19.977432,49.935336]],[[19.977976,49.936391],[19.977422,49.935339]],[[19.977953,49.936396],[19.977401,49.935347]],[[19.97793,49.936402],[19.977379,49.935355]],[[19.97792,49.936404],[19.97737,49.935358]],[[19.977432,49.935336],[19.97639,49.934531]],[[19.977422,49.935339],[19.976382,49.934536]],[[19.977401,49.935347],[19.976363,49.934546]],[[19.977379,49.935355],[19.976344,49.934556]],[[19.97737,49.935358],[19.976336,49.93456]]]}},{"type":"Feature","properties":{"variant":"B","kind":"extent"},"geometry":{"type":"MultiLineString","coordinates":[[[19.982179,49.938895],[19.982409,49.938553]],[[19.982169,49.938892],[19.982396,49.938556]],[[19.982147,49.938886],[19.982366,49.938561]],[[19.982124,49.93888],[19.982336,49.938566]],[[19.982115,49.938877],[19.982323,49.938569]],[[19.982409,49.938553],[19.980695,49.937755]],[[19.982396,49.938556],[19.980687,49.937759]],[[19.982366,49.938561],[19.980668,49.93777]],[[19.982336,49.938566],[19.980649,49.937781]],[[19.982323,49.938569],[19.980641,49.937785]],[[19.980695,49.937755],[19.97959,49.936421]],[[19.980687,49.937759],[19.979581,49.936424]],[[19.980668,49.93777],[19.97956,49.936432]],[[19.980649,49.937781],[19.979539,49.93644]],[[19.980641,49.937785],[19.97953,49.936444]],[[19.97959,49.936421],[19.97848,49.935359]],[[19.979581,49.936424],[19.97847,49.935362]],[[19.97956,49.936432],[19.978447,49.935368]],[[19.979539,49.93644],[19.978424,49.935374]],[[19.97953,49.936444],[19.978414,49.935377]],[[19.97848,49.935359],[19.978045,49.933957]],[[19.97847,49.935362],[19.978035,49.933958]],[[19.978447,49.935368],[19.978011,49.933961]],[[19.978424,49.935374],[19.977987,49.933964]],[[19.978414,49.935377],[19.977977,49.933965]]]}},{"type":"Feature","properties":{"variant":"B","kind":"extent"},"geometry":{"type":"MultiLineString","coordinates":[[[19.960209,49.920095],[19.961246,49.920798]],[[19.960217,49.92009],[19.961253,49.920792]],[[19.960235,49.920079],[19.961268,49.92078]],[[19.960252,49.920069],[19.961283,49.920767]],[[19.96026,49.920064],[19.961289,49.920762]],[[19.961246,49.920798],[19.963377,49.921542]],[[19.961253,49.920792],[19.963385,49.921538]],[[19.961268,49.92078],[19.963405,49.921527]],[[19.961283,49.920767],[19.963424,49.921515]],[[19.961289,49.920762],[19.963432,49.921511]],[[19.963377,49.921542],[19.964316,49.923064]],[[19.963385,49.921538],[19.964324,49.923058]],[[19.963405,49.921527],[19.964342,49.923045]],[[19.963424,49.921515],[19.964361,49.923033]],[[19.963432,49.921511],[19.964369,49.923027]],[[19.964316,49.923064],[19.965253,49.923258]],[[19.964324,49.923058],[19.965256,49.923251]],[[19.964342,49.923045],[19.965264,49.923236]],[[19.964361,49.923033],[19.965271,49.923221]],[[19.964369,49.923027],[19.965274,49.923215]]]}},{"type":"Feature","properties":{"variant":"B","kind":"extent"},"geometry":{"type":"MultiLineString","coordinates":[[[19.959195,49.920784],[19.960188,49.921278]],[[19.959202,49.920779],[19.960195,49.921273]],[[19.959216,49.920766],[19.960212,49.921262]],[[19.959231,49.920754],[19.960228,49.92125]],[[19.959238,49.920748],[19.960235,49.921245]],[[19.960188,49.921278],[19.961285,49.922021]],[[19.960195,49.921273],[19.961294,49.922017]],[[19.960212,49.921262],[19.961313,49.922007]],[[19.960228,49.92125],[19.961332,49.921997]],[[19.960235,49.921245],[19.96134,49.921993]],[[19.961285,49.922021],[19.961991,49.92269]],[[19.961294,49.922017],[19.961999,49.922686]],[[19.961313,49.922007],[19.962019,49.922677]],[[19.961332,49.921997],[19.962038,49.922667]],[[19.96134,49.921993],[19.962046,49.922663]],[[19.961991,49.92269],[19.963868,49.924073]],[[19.961999,49.922686],[19.963876,49.924069]],[[19.962019,49.922677],[19.963894,49.924059]],[[19.962038,49.922667],[19.963913,49.924048]],[[19.962046,49.922663],[19.963921,49.924044]]]}},{"type":"Feature","properties":{"variant":"B","kind":"extent"},"geometry":{"type":"MultiLineString","coordinates":[[[19.954004,49.917313],[19.955132,49.917965]],[[19.954011,49.917308],[19.955139,49.91796]],[[19.954027,49.917296],[19.955157,49.917949]],[[19.954044,49.917285],[19.955174,49.917938]],[[19.954051,49.91728],[19.955181,49.917933]],[[19.955132,49.917965],[19.956484,49.918947]],[[19.955139,49.91796],[19.956491,49.918942]],[[19.955157,49.917949],[19.956509,49.918931]],[[19.955174,49.917938],[19.956526,49.91892]],[[19.955181,49.917933],[19.956534,49.918915]],[[19.956484,49.918947],[19.957841,49.919752]],[[19.956491,49.918942],[19.957849,49.919748]],[[19.956509,49.918931],[19.957867,49.919737]],[[19.956526,49.91892],[19.957884,49.919726]],[[19.956534,49.918915],[19.957892,49.919721]],[[19.957841,49.919752],[19.958738,49.920467]],[[19.957849,49.919748],[19.958748,49.920465]],[[19.957867,49.919737],[19.958771,49.920458]],[[19.957884,49.919726],[19.958795,49.920452]],[[19.957892,49.919721],[19.958804,49.920449]],[[19.958738,49.920467],[19.958846,49.920996]],[[19.958748,49.920465],[19.958857,49.920995]],[[19.958771,49.920458],[19.958881,49.920993]],[[19.958795,49.920452],[19.958905,49.920991]],[[19.958804,49.920449],[19.958915,49.92099]]]}},{"type":"Feature","properties":{"variant":"B","kind":"extent"},"geometry":{"type":"MultiLineString","coordinates":[[[19.958614,49.918904],[19.958251,49.918873]],[[19.958613,49.91891],[19.958247,49.91888]],[[19.95861,49.918926],[19.958236,49.918895]],[[19.958607,49.918942],[19.958225,49.91891]],[[19.958605,49.918948],[19.958221,49.918916]],[[19.958251,49.918873],[19.957806,49.918614]],[[19.958247,49.91888],[19.957799,49.918619]],[[19.958236,49.918895],[19.957783,49.918631]],[[19.958225,49.91891],[19.957767,49.918643]],[[19.958221,49.918916],[19.95776,49.918648]],[[19.957806,49.918614],[19.957807,49.918615]],[[19.957799,49.918619],[19.9578,49.91862]],[[19.957783,49.918631],[19.957783,49.918631]],[[19.957767,49.918643],[19.957766,49.918642]],[[19.95776,49.918648],[19.957759,49.918647]],[[19.957807,49.918615],[19.95739,49.918329]],[[19.9578,49.91862],[19.957382,49.918333]],[[19.957783,49.918631],[19.957363,49.918343]],[[19.957766,49.918642],[19.957345,49.918354]],[[19.957759,49.918647],[19.957337,49.918358]],[[19.95739,49.918329],[19.956849,49.91787]],[[19.957382,49.918333],[19.956841,49.917874]],[[19.957363,49.918343],[19.956823,49.917885]],[[19.957345,49.918354],[19.956805,49.917895]],[[19.957337,49.918358],[19.956797,49.9179]],[[19.956849,49.91787],[19.956362,49.917562]],[[19.956841,49.917874],[19.956355,49.917567]],[[19.956823,49.917885],[19.956338,49.917579]],[[19.956805,49.917895],[19.956322,49.917591]],[[19.956797,49.9179],[19.956315,49.917596]],[[19.956362,49.917562],[19.955024,49.91685]],[[19.956355,49.917567],[19.955017,49.916855]],[[19.956338,49.917579],[19.955002,49.916867]],[[19.956322,49.917591],[19.954986,49.91688]],[[19.956315,49.917596],[19.95498,49.916885]]]}},{"type":"Feature","properties":{"variant":"B","kind":"extent"},"geometry":{"type":"MultiLineString","coordinates":[[[19.954055,49.917282],[19.953507,49.916842]],[[19.954046,49.917287],[19.9535,49.916846]],[[19.954027,49.917296],[19.953482,49.916857]],[[19.954008,49.917306],[19.953464,49.916868]],[[19.954,49.91731],[19.953457,49.916873]],[[19.953507,49.916842],[19.950494,49.915117]],[[19.9535,49.916846],[19.950487,49.915122]],[[19.953482,49.916857],[19.950468,49.915132]],[[19.953464,49.916868],[19.95045,49.915143]],[[19.953457,49.916873],[19.950443,49.915147]],[[19.950494,49.915117],[19.949274,49.91403]],[[19.950487,49.915122],[19.949266,49.914034]],[[19.950468,49.915132],[19.949246,49.914043]],[[19.95045,49.915143],[19.949226,49.914053]],[[19.950443,49.915147],[19.949218,49.914057]]]}},{"type":"Feature","properties":{"variant":"B","kind":"extent"},"geometry":{"type":"MultiLineString","coordinates":[[[19.955024,49.91685],[19.954532,49.916579]],[[19.955018,49.916855],[19.954524,49.916583]],[[19.955002,49.916867],[19.954505,49.916594]],[[19.954986,49.916879],[19.954486,49.916604]],[[19.954979,49.916884],[19.954478,49.916608]],[[19.954532,49.916579],[19.954264,49.916283]],[[19.954524,49.916583],[19.954255,49.916286]],[[19.954505,49.916594],[19.954234,49.916294]],[[19.954486,49.916604],[19.954213,49.916302]],[[19.954478,49.916608],[19.954204,49.916306]],[[19.954264,49.916283],[19.953454,49.915452]],[[19.954255,49.916286],[19.953446,49.915456]],[[19.954234,49.916294],[19.953426,49.915465]],[[19.954213,49.916302],[19.953406,49.915475]],[[19.954204,49.916306],[19.953397,49.915479]],[[19.953454,49.915452],[19.95254,49.914714]],[[19.953446,49.915456],[19.952533,49.914719]],[[19.953426,49.915465],[19.952516,49.91473]],[[19.953406,49.915475],[19.952499,49.914742]],[[19.953397,49.915479],[19.952492,49.914747]],[[19.95254,49.914714],[19.950806,49.913905]],[[19.952533,49.914719],[19.950799,49.91391]],[[19.952516,49.91473],[19.950783,49.913922]],[[19.952499,49.914742],[19.950766,49.913933]],[[19.952492,49.914747],[19.950759,49.913938]],[[19.950806,49.913905],[19.950213,49.913486]],[[19.950799,49.91391],[19.950205,49.91349]],[[19.950783,49.913922],[19.950187,49.913501]],[[19.950766,49.913933],[19.950169,49.913512]],[[19.950759,49.913938],[19.950162,49.913516]]]}},{"type":"Feature","properties":{"variant":"B","kind":"extent"},"geometry":{"type":"MultiLineString","coordinates":[[[19.943286,49.909954],[19.942689,49.909113]],[[19.943276,49.909957],[19.942681,49.909118]],[[19.943254,49.909964],[19.942663,49.909129]],[[19.943232,49.90997],[19.942644,49.90914]],[[19.943223,49.909973],[19.942636,49.909145]],[[19.942689,49.909113],[19.941527,49.908695]],[[19.942681,49.909118],[19.941525,49.908702]],[[19.942663,49.909129],[19.941519,49.908718]],[[19.942644,49.90914],[19.941514,49.908734]],[[19.942636,49.909145],[19.941511,49.908741]],[[19.941527,49.908695],[19.940242,49.90875]],[[19.941525,49.908702],[19.940243,49.908757]],[[19.941519,49.908718],[19.940247,49.908772]],[[19.941514,49.908734],[19.94025,49.908788]],[[19.941511,49.908741],[19.940251,49.908794]],[[19.940242,49.90875],[19.937892,49.909072]],[[19.940243,49.908757],[19.937894,49.909078]],[[19.940247,49.908772],[19.937899,49.909094]],[[19.94025,49.908788],[19.937904,49.909109]],[[19.940251,49.908794],[19.937907,49.909116]]]}},{"type":"Feature","properties":{"variant":"B","kind":"extent"},"geometry":{"type":"MultiLineString","coordinates":[[[19.941651,49.906221],[19.941101,49.90553]],[[19.941642,49.906224],[19.941091,49.905533]],[[19.94162,49.906231],[19.94107,49.905541]],[[19.941598,49.906238],[19.941048,49.905548]],[[19.941589,49.906241],[19.941039,49.905551]],[[19.941101,49.90553],[19.941101,49.905531]],[[19.941091,49.905533],[19.941092,49.905534]],[[19.94107,49.905541],[19.94107,49.905541]],[[19.941048,49.905548],[19.941048,49.905547]],[[19.941039,49.905551],[19.941038,49.90555]],[[19.941101,49.905531],[19.939522,49.903223]],[[19.941092,49.905534],[19.939512,49.903225]],[[19.94107,49.905541],[19.939489,49.90323]],[[19.941048,49.905547],[19.939466,49.903235]],[[19.941038,49.90555],[19.939456,49.903238]],[[19.939522,49.903223],[19.938797,49.901314]],[[19.939512,49.903225],[19.938787,49.901315]],[[19.939489,49.90323],[19.938763,49.901319]],[[19.939466,49.903235],[19.938739,49.901322]],[[19.939456,49.903238],[19.938729,49.901324]],[[19.938797,49.901314],[19.938436,49.90018]],[[19.938787,49.901315],[19.938425,49.900181]],[[19.938763,49.901319],[19.938401,49.900182]],[[19.938739,49.901322],[19.938376,49.900183]],[[19.938729,49.901324],[19.938366,49.900184]],[[19.938436,49.90018],[19.938491,49.899249]],[[19.938425,49.900181],[19.938481,49.899249]],[[19.938401,49.900182],[19.938456,49.89925]],[[19.938376,49.900183],[19.938432,49.89925]],[[19.938366,49.900184],[19.938422,49.89925]],[[19.938491,49.899249],[19.938317,49.897545]],[[19.938481,49.899249],[19.938307,49.897545]],[[19.938456,49.89925],[19.938282,49.897546]],[[19.938432,49.89925],[19.938258,49.897547]],[[19.938422,49.89925],[19.938248,49.897548]]]}},{"type":"Feature","properties":{"variant":"B","kind":"extent"},"geometry":{"type":"MultiLineString","coordinates":[[[19.940384,49.906514],[19.939831,49.905642]],[[19.940374,49.906517],[19.939821,49.905644]],[[19.940351,49.906523],[19.939799,49.90565]],[[19.940329,49.906529],[19.939776,49.905656]],[[19.940319,49.906531],[19.939766,49.905658]],[[19.939831,49.905642],[19.938726,49.903855]],[[19.939821,49.905644],[19.938716,49.903857]],[[19.939799,49.90565],[19.938693,49.903863]],[[19.939776,49.905656],[19.93867,49.903868]],[[19.939766,49.905658],[19.93866,49.90387]],[[19.938726,49.903855],[19.938111,49.902571]],[[19.938716,49.903857],[19.938101,49.902573]],[[19.938693,49.903863],[19.938077,49.902577]],[[19.93867,49.903868],[19.938054,49.902581]],[[19.93866,49.90387],[19.938044,49.902582]],[[19.938111,49.902571],[19.937498,49.900791]],[[19.938101,49.902573],[19.937488,49.900792]],[[19.938077,49.902577],[19.937464,49.900795]],[[19.938054,49.902581],[19.93744,49.900798]],[[19.938044,49.902582],[19.93743,49.900799]],[[19.937498,49.900791],[19.937252,49.899824]],[[19.937488,49.900792],[19.937241,49.899825]],[[19.937464,49.900795],[19.937217,49.899827]],[[19.93744,49.900798],[19.937193,49.899829]],[[19.93743,49.900799],[19.937183,49.89983]],[[19.937252,49.899824],[19.937107,49.898746]],[[19.937241,49.899825],[19.937096,49.898748]],[[19.937217,49.899827],[19.937072,49.898751]],[[19.937193,49.899829],[19.937049,49.898755]],[[19.937183,49.89983],[19.937038,49.898756]],[[19.937107,49.898746],[19.936754,49.898111]],[[19.937096,49.898748],[19.936744,49.898113]],[[19.937072,49.898751],[19.936721,49.898119]],[[19.937049,49.898755],[19.936698,49.898124]],[[19.937038,49.898756],[19.936688,49.898126]]]}},{"type":"Feature","properties":{"variant":"B","kind":"extent"},"geometry":{"type":"MultiLineString","coordinates":[[[19.94199,49.885323],[19.941657,49.885815]],[[19.942,49.885326],[19.941667,49.885817]],[[19.942022,49.885332],[19.941691,49.885821]],[[19.942044,49.885338],[19.941714,49.885825]],[[19.942054,49.885341],[19.941725,49.885827]],[[19.941657,49.885815],[19.941536,49.886547]],[[19.941667,49.885817],[19.941546,49.886549]],[[19.941691,49.885821],[19.94157,49.886554]],[[19.941714,49.885825],[19.941594,49.886558]],[[19.941725,49.885827],[19.941604,49.88656]],[[19.941536,49.886547],[19.940456,49.887901]],[[19.941546,49.886549],[19.940466,49.887904]],[[19.94157,49.886554],[19.940488,49.887911]],[[19.941594,49.886558],[19.94051,49.887918]],[[19.941604,49.88656],[19.940519,49.887921]],[[19.940456,49.887901],[19.93992,49.888688]],[[19.940466,49.887904],[19.93993,49.888691]],[[19.940488,49.887911],[19.939952,49.888698]],[[19.94051,49.887918],[19.939974,49.888704]],[[19.940519,49.887921],[19.939983,49.888707]],[[19.93992,49.888688],[19.939284,49.889495]],[[19.93993,49.888691],[19.939293,49.889498]],[[19.939952,49.888698],[19.939315,49.889505]],[[19.939974,49.888704],[19.939337,49.889512]],[[19.939983,49.888707],[19.939346,49.889515]]]}},{"type":"Feature","properties":{"variant":"B","kind":"extent"},"geometry":{"type":"MultiLineString","coordinates":[[[19.943388,49.886214],[19.942648,49.886503]],[[19.943394,49.88622],[19.942656,49.886508]],[[19.943406,49.886233],[19.942672,49.88652]],[[19.943419,49.886247],[19.942689,49.886532]],[[19.943424,49.886253],[19.942696,49.886537]],[[19.942648,49.886503],[19.94178,49.887276]],[[19.942656,49.886508],[19.94179,49.887279]],[[19.942672,49.88652],[19.941813,49.887285]],[[19.942689,49.886532],[19.941836,49.887291]],[[19.942696,49.886537],[19.941846,49.887294]],[[19.94178,49.887276],[19.941568,49.888]],[[19.94179,49.887279],[19.941578,49.888002]],[[19.941813,49.887285],[19.941601,49.888008]],[[19.941836,49.887291],[19.941625,49.888013]],[[19.941846,49.887294],[19.941634,49.888015]],[[19.941568,49.888],[19.941236,49.888382]],[[19.941578,49.888002],[19.941246,49.888385]],[[19.941601,49.888008],[19.941268,49.888392]],[[19.941625,49.888013],[19.94129,49.888398]],[[19.941634,49.888015],[19.941299,49.888401]],[[19.941236,49.888382],[19.940423,49.889702]],[[19.941246,49.888385],[19.94043,49.889711]],[[19.941268,49.888392],[19.940444,49.88973]],[[19.94129,49.888398],[19.940458,49.889749]],[[19.941299,49.888401],[19.940464,49.889758]],[[19.940423,49.889702],[19.939325,49.889483]],[[19.94043,49.889711],[19.939322,49.88949]],[[19.940444,49.88973],[19.939315,49.889505]],[[19.940458,49.889749],[19.939308,49.88952]],[[19.940464,49.889758],[19.939305,49.889526]]]}},{"type":"Feature","properties":{"variant":"B","kind":"extent"},"geometry":{"type":"MultiLineString","coordinates":[[[19.942047,49.885344],[19.942202,49.885223]],[[19.942039,49.88534],[19.942196,49.885217]],[[19.94202,49.88533],[19.942183,49.885202]],[[19.942002,49.88532],[19.942169,49.885188]],[[19.941994,49.885316],[19.942163,49.885182]],[[19.942202,49.885223],[19.942857,49.885128]],[[19.942196,49.885217],[19.94285,49.885122]],[[19.942183,49.885202],[19.942834,49.885108]],[[19.942169,49.885188],[19.942817,49.885095]],[[19.942163,49.885182],[19.94281,49.885089]],[[19.942857,49.885128],[19.944219,49.883392]],[[19.94285,49.885122],[19.94421,49.883389]],[[19.942834,49.885108],[19.944188,49.883382]],[[19.942817,49.885095],[19.944166,49.883376]],[[19.94281,49.885089],[19.944156,49.883373]],[[19.944219,49.883392],[19.945349,49.881842]],[[19.94421,49.883389],[19.94534,49.881839]],[[19.944188,49.883382],[19.945319,49.88183]],[[19.944166,49.883376],[19.945298,49.881821]],[[19.944156,49.883373],[19.94529,49.881818]],[[19.945349,49.881842],[19.946387,49.881068]],[[19.94534,49.881839],[19.946378,49.881065]],[[19.945319,49.88183],[19.946358,49.881056]],[[19.945298,49.881821],[19.946338,49.881047]],[[19.94529,49.881818],[19.946329,49.881043]],[[19.946387,49.881068],[19.947273,49.88002]],[[19.946378,49.881065],[19.947263,49.880017]],[[19.946358,49.881056],[19.947241,49.880011]],[[19.946338,49.881047],[19.947218,49.880005]],[[19.946329,49.881043],[19.947209,49.880002]],[[19.947273,49.88002],[19.947478,49.879598]],[[19.947263,49.880017],[19.947468,49.879596]],[[19.947241,49.880011],[19.947445,49.87959]],[[19.947218,49.880005],[19.947422,49.879585]],[[19.947209,49.880002],[19.947412,49.879583]],[[19.947478,49.879598],[19.948015,49.878758]],[[19.947468,49.879596],[19.948005,49.878756]],[[19.947445,49.87959],[19.947983,49.87875]],[[19.947422,49.879585],[19.94796,49.878745]],[[19.947412,49.879583],[19.94795,49.878742]],[[19.948015,49.878758],[19.948854,49.87722]],[[19.948005,49.878756],[19.948844,49.87722]],[[19.947983,49.87875],[19.948819,49.877218]],[[19.94796,49.878745],[19.948794,49.877216]],[[19.94795,49.878742],[19.948784,49.877215]],[[19.948854,49.87722],[19.948733,49.87646]],[[19.948844,49.87722],[19.948722,49.876459]],[[19.948819,49.877218],[19.948697,49.876456]],[[19.948794,49.877216],[19.948672,49.876453]],[[19.948784,49.877215],[19.948662,49.876452]],[[19.948733,49.87646],[19.948966,49.876164]],[[19.948722,49.876459],[19.948957,49.876161]],[[19.948697,49.876456],[19.948935,49.876154]],[[19.948672,49.876453],[19.948914,49.876147]],[[19.948662,49.876452],[19.948904,49.876143]]]}},{"type":"Feature","properties":{"variant":"B","kind":"extent"},"geometry":{"type":"MultiLineString","coordinates":[[[19.943426,49.886254],[19.943728,49.885955]],[[19.943417,49.886251],[19.943716,49.885954]],[[19.943396,49.886242],[19.943688,49.885954]],[[19.943376,49.886234],[19.94366,49.885953]],[[19.943367,49.88623],[19.943648,49.885952]],[[19.943728,49.885955],[19.943382,49.885525]],[[19.943716,49.885954],[19.94337,49.885525]],[[19.943688,49.885954],[19.943342,49.885525]],[[19.94366,49.885953],[19.943315,49.885524]],[[19.943648,49.885952],[19.943303,49.885524]],[[19.943382,49.885525],[19.944502,49.884253]],[[19.94337,49.885525],[19.944493,49.884249]],[[19.943342,49.885525],[19.944472,49.884241]],[[19.943315,49.885524],[19.944452,49.884232]],[[19.943303,49.885524],[19.944443,49.884229]],[[19.944502,49.884253],[19.946073,49.882762]],[[19.944493,49.884249],[19.946064,49.882759]],[[19.944472,49.884241],[19.946043,49.882751]],[[19.944452,49.884232],[19.946021,49.882744]],[[19.944443,49.884229],[19.946012,49.88274]],[[19.946073,49.882762],[19.946497,49.882148]],[[19.946064,49.882759],[19.946488,49.882145]],[[19.946043,49.882751],[19.946465,49.88214]],[[19.946021,49.882744],[19.946442,49.882134]],[[19.946012,49.88274],[19.946432,49.882132]],[[19.946497,49.882148],[19.946848,49.881412]],[[19.946488,49.882145],[19.946839,49.881409]],[[19.946465,49.88214],[19.946816,49.881402]],[[19.946442,49.882134],[19.946794,49.881395]],[[19.946432,49.882132],[19.946785,49.881392]],[[19.946848,49.881412],[19.947521,49.880796]],[[19.946839,49.881409],[19.947513,49.880792]],[[19.946816,49.881402],[19.947493,49.880783]],[[19.946794,49.881395],[19.947473,49.880774]],[[19.946785,49.881392],[19.947464,49.88077]],[[19.947521,49.880796],[19.948224,49.880148]],[[19.947513,49.880792],[19.948216,49.880145]],[[19.947493,49.880783],[19.948196,49.880135]],[[19.947473,49.880774],[19.948176,49.880126]],[[19.947464,49.88077],[19.948167,49.880123]],[[19.948224,49.880148],[19.948224,49.880148]],[[19.948216,49.880145],[19.948216,49.880145]],[[19.948196,49.880135],[19.948196,49.880135]],[[19.948176,49.880126],[19.948176,49.880126]],[[19.948167,49.880123],[19.948167,49.880123]],[[19.948224,49.880148],[19.948224,49.880148]],[[19.948216,49.880145],[19.948216,49.880145]],[[19.948196,49.880135],[19.948196,49.880135]],[[19.948176,49.880126],[19.948176,49.880126]],[[19.948167,49.880123],[19.948167,49.880123]],[[19.948224,49.880148],[19.948538,49.879858]],[[19.948216,49.880145],[19.94853,49.879854]],[[19.948196,49.880135],[19.948509,49.879846]],[[19.948176,49.880126],[19.948489,49.879837]],[[19.948167,49.880123],[19.94848,49.879833]],[[19.948538,49.879858],[19.948622,49.879771]],[[19.94853,49.879854],[19.948616,49.879764]],[[19.948509,49.879846],[19.948603,49.879749]],[[19.948489,49.879837],[19.948589,49.879733]],[[19.94848,49.879833],[19.948583,49.879726]],[[19.948622,49.879771],[19.948972,49.879768]],[[19.948616,49.879764],[19.948972,49.879761]],[[19.948603,49.879749],[19.948971,49.879746]],[[19.948589,49.879733],[19.948971,49.87973]],[[19.948583,49.879726],[19.948971,49.879723]]]}},{"type":"Feature","properties":{"variant":"B","kind":"extent"},"geometry":{"type":"MultiLineString","coordinates":[[[19.948967,49.876163],[19.949083,49.875997]],[[19.948957,49.87616],[19.949075,49.875992]],[[19.948935,49.876154],[19.949056,49.875982]],[[19.948913,49.876147],[19.949036,49.875971]],[[19.948904,49.876144],[19.949028,49.875967]],[[19.949083,49.875997],[19.950237,49.875493]],[[19.949075,49.875992],[19.95023,49.875488]],[[19.949056,49.875982],[19.950213,49.875477]],[[19.949036,49.875971],[19.950196,49.875465]],[[19.949028,49.875967],[19.950189,49.87546]],[[19.950237,49.875493],[19.951609,49.874389]],[[19.95023,49.875488],[19.9516,49.874386]],[[19.950213,49.875477],[19.951577,49.874379]],[[19.950196,49.875465],[19.951555,49.874371]],[[19.950189,49.87546],[19.951546,49.874368]],[[19.951609,49.874389],[19.952079,49.873233]],[[19.9516,49.874386],[19.952069,49.873231]],[[19.951577,49.874379],[19.952046,49.873227]],[[19.951555,49.874371],[19.952023,49.873222]],[[19.951546,49.874368],[19.952013,49.87322]],[[19.952079,49.873233],[19.952486,49.872496]],[[19.952069,49.873231],[19.952476,49.872494]],[[19.952046,49.873227],[19.952453,49.872489]],[[19.952023,49.873222],[19.95243,49.872484]],[[19.952013,49.87322],[19.95242,49.872482]],[[19.952486,49.872496],[19.953243,49.870945]],[[19.952476,49.872494],[19.953233,49.870943]],[[19.952453,49.872489],[19.953209,49.87094]],[[19.95243,49.872484],[19.953185,49.870936]],[[19.95242,49.872482],[19.953175,49.870934]],[[19.953243,49.870945],[19.954013,49.868178]],[[19.953233,49.870943],[19.954002,49.868178]],[[19.953209,49.87094],[19.953977,49.868178]],[[19.953185,49.870936],[19.953953,49.868177]],[[19.953175,49.870934],[19.953942,49.868177]],[[19.954013,49.868178],[19.953407,49.864575]],[[19.954002,49.868178],[19.953397,49.864579]],[[19.953977,49.868178],[19.953374,49.864589]],[[19.953953,49.868177],[19.953351,49.864598]],[[19.953942,49.868177],[19.953342,49.864602]],[[19.953407,49.864575],[19.951815,49.863977]],[[19.953397,49.864579],[19.951805,49.863981]],[[19.953374,49.864589],[19.951782,49.863991]],[[19.953351,49.864598],[19.951758,49.864]],[[19.953342,49.864602],[19.951748,49.864004]],[[19.951815,49.863977],[19.951562,49.86209]],[[19.951805,49.863981],[19.951551,49.862087]],[[19.951782,49.863991],[19.951526,49.862081]],[[19.951758,49.864],[19.951501,49.862075]],[[19.951748,49.864004],[19.95149,49.862073]],[[19.951562,49.86209],[19.952939,49.861176]],[[19.951551,49.862087],[19.952927,49.861174]],[[19.951526,49.862081],[19.952899,49.86117]],[[19.951501,49.862075],[19.952871,49.861166]],[[19.95149,49.862073],[19.95286,49.861164]],[[19.952939,49.861176],[19.951948,49.85921]],[[19.952927,49.861174],[19.951939,49.859213]],[[19.952899,49.86117],[19.951916,49.859219]],[[19.952871,49.861166],[19.951893,49.859225]],[[19.95286,49.861164],[19.951884,49.859227]],[[19.951948,49.85921],[19.949814,49.856381]],[[19.951939,49.859213],[19.949805,49.856385]],[[19.951916,49.859219],[19.949784,49.856393]],[[19.951893,49.859225],[19.949763,49.856401]],[[19.951884,49.859227],[19.949754,49.856405]],[[19.949814,49.856381],[19.946732,49.853698]],[[19.949805,49.856385],[19.946723,49.853702]],[[19.949784,49.856393],[19.946704,49.853712]],[[19.949763,49.856401],[19.946685,49.853721]],[[19.949754,49.856405],[19.946677,49.853726]],[[19.946732,49.853698],[19.944421,49.851868]],[[19.946723,49.853702],[19.944414,49.851873]],[[19.946704,49.853712],[19.944397,49.851885]],[[19.946685,49.853721],[19.944381,49.851897]],[[19.946677,49.853726],[19.944374,49.851902]],[[19.944421,49.851868],[19.943359,49.851441]],[[19.944414,49.851873],[19.943353,49.851447]],[[19.944397,49.851885],[19.943341,49.851461]],[[19.944381,49.851897],[19.943328,49.851474]],[[19.944374,49.851902],[19.943323,49.85148]],[[19.943359,49.851441],[19.942774,49.851225]],[[19.943353,49.851447],[19.942768,49.851231]],[[19.943341,49.851461],[19.942756,49.851245]],[[19.943328,49.851474],[19.942744,49.851258]],[[19.943323,49.85148],[19.942739,49.851264]]]}},{"type":"Feature","properties":{"variant":"B","kind":"extent"},"geometry":{"type":"MultiLineString","coordinates":[[[19.952826,49.874268],[19.952967,49.874024]],[[19.952816,49.874265],[19.952957,49.874023]],[[19.952793,49.87426],[19.952932,49.87402]],[[19.95277,49.874254],[19.952908,49.874018]],[[19.952761,49.874252],[19.952897,49.874017]],[[19.952967,49.874024],[19.952937,49.873528]],[[19.952957,49.874023],[19.952927,49.873526]],[[19.952932,49.87402],[19.952902,49.873522]],[[19.952908,49.874018],[19.952877,49.873518]],[[19.952897,49.874017],[19.952867,49.873516]],[[19.952937,49.873528],[19.953651,49.872771]],[[19.952927,49.873526],[19.953641,49.872769]],[[19.952902,49.873522],[19.953617,49.872764]],[[19.952877,49.873518],[19.953593,49.872759]],[[19.952867,49.873516],[19.953583,49.872757]],[[19.953651,49.872771],[19.953779,49.871725]],[[19.953641,49.872769],[19.953768,49.871724]],[[19.953617,49.872764],[19.953744,49.871721]],[[19.953593,49.872759],[19.95372,49.871719]],[[19.953583,49.872757],[19.95371,49.871717]],[[19.953779,49.871725],[19.954519,49.870057]],[[19.953768,49.871724],[19.954509,49.870056]],[[19.953744,49.871721],[19.954485,49.870053]],[[19.95372,49.871719],[19.954461,49.87005]],[[19.95371,49.871717],[19.954451,49.870049]],[[19.954519,49.870057],[19.95476,49.867997]],[[19.954509,49.870056],[19.95475,49.867996]],[[19.954485,49.870053],[19.954726,49.867992]],[[19.954461,49.87005],[19.954702,49.867989]],[[19.954451,49.870049],[19.954691,49.867987]],[[19.95476,49.867997],[19.955715,49.866428]],[[19.95475,49.867996],[19.955705,49.866427]],[[19.954726,49.867992],[19.955679,49.866425]],[[19.954702,49.867989],[19.955654,49.866424]],[[19.954691,49.867987],[19.955644,49.866423]],[[19.955715,49.866428],[19.955249,49.864755]],[[19.955705,49.866427],[19.955238,49.864753]],[[19.955679,49.866425],[19.955212,49.864748]],[[19.955654,49.866424],[19.955185,49.864743]],[[19.955644,49.866423],[19.955174,49.86474]],[[19.955249,49.864755],[19.956453,49.863948]],[[19.955238,49.864753],[19.956443,49.863945]],[[19.955212,49.864748],[19.956419,49.863939]],[[19.955185,49.864743],[19.956394,49.863932]],[[19.955174,49.86474],[19.956384,49.86393]],[[19.956453,49.863948],[19.956449,49.862078]],[[19.956443,49.863945],[19.956438,49.862082]],[[19.956419,49.863939],[19.956414,49.862089]],[[19.956394,49.863932],[19.95639,49.862097]],[[19.956384,49.86393],[19.956379,49.8621]],[[19.956449,49.862078],[19.954097,49.860871]],[[19.956438,49.862082],[19.954088,49.860875]],[[19.956414,49.862089],[19.954067,49.860884]],[[19.95639,49.862097],[19.954046,49.860893]],[[19.956379,49.8621],[19.954037,49.860897]],[[19.954097,49.860871],[19.952978,49.858459]],[[19.954088,49.860875],[19.952969,49.858462]],[[19.954067,49.860884],[19.952946,49.858468]],[[19.954046,49.860893],[19.952924,49.858474]],[[19.954037,49.860897],[19.952914,49.858477]],[[19.952978,49.858459],[19.950193,49.85521]],[[19.952969,49.858462],[19.950184,49.855213]],[[19.952946,49.858468],[19.950164,49.855222]],[[19.952924,49.858474],[19.950143,49.855231]],[[19.952914,49.858477],[19.950134,49.855234]],[[19.950193,49.85521],[19.947845,49.853226]],[[19.950184,49.855213],[19.947837,49.85323]],[[19.950164,49.855222],[19.947819,49.853241]],[[19.950143,49.855231],[19.947802,49.853252]],[[19.950134,49.855234],[19.947794,49.853257]],[[19.947845,49.853226],[19.946534,49.852494]],[[19.947837,49.85323],[19.946527,49.852499]],[[19.947819,49.853241],[19.946511,49.85251]],[[19.947802,49.853252],[19.946494,49.852522]],[[19.947794,49.853257],[19.946487,49.852527]],[[19.946534,49.852494],[19.945017,49.851541]],[[19.946527,49.852499],[19.945009,49.851546]],[[19.946511,49.85251],[19.944993,49.851557]],[[19.946494,49.852522],[19.944976,49.851568]],[[19.946487,49.852527],[19.944969,49.851573]],[[19.945017,49.851541],[19.944295,49.85111]],[[19.945009,49.851546],[19.944285,49.851113]],[[19.944993,49.851557],[19.94426,49.85112]],[[19.944976,49.851568],[19.944236,49.851127]],[[19.944969,49.851573],[19.944225,49.85113]],[[19.944295,49.85111],[19.944344,49.849872]],[[19.944285,49.851113],[19.944334,49.849872]],[[19.94426,49.85112],[19.944309,49.849872]],[[19.944236,49.851127],[19.944285,49.849871]],[[19.944225,49.85113],[19.944275,49.849871]]]}},{"type":"Feature","properties":{"variant":"B","kind":"extent"},"geometry":{"type":"MultiLineString","coordinates":[[[19.942772,49.851225],[19.942469,49.851126]],[[19.942767,49.851231],[19.942459,49.85113]],[[19.942756,49.851245],[19.942436,49.851141]],[[19.942745,49.851259],[19.942414,49.851151]],[[19.942741,49.851265],[19.942404,49.851155]],[[19.942469,49.851126],[19.942396,49.850716]],[[19.942459,49.85113],[19.942386,49.850719]],[[19.942436,49.851141],[19.942363,49.850728]],[[19.942414,49.851151],[19.94234,49.850737]],[[19.942404,49.851155],[19.942331,49.850741]],[[19.942396,49.850716],[19.941893,49.850483]],[[19.942386,49.850719],[19.941892,49.850491]],[[19.942363,49.850728],[19.941888,49.850508]],[[19.94234,49.850737],[19.941885,49.850526]],[[19.942331,49.850741],[19.941883,49.850534]],[[19.941893,49.850483],[19.941202,49.850659]],[[19.941892,49.850491],[19.941203,49.850666]],[[19.941888,49.850508],[19.941206,49.850682]],[[19.941885,49.850526],[19.941208,49.850699]],[[19.941883,49.850534],[19.941209,49.850706]],[[19.941202,49.850659],[19.940029,49.850503]],[[19.941203,49.850666],[19.940024,49.850509]],[[19.941206,49.850682],[19.940011,49.850524]],[[19.941208,49.850699],[19.939999,49.850538]],[[19.941209,49.850706],[19.939993,49.850544]],[[19.940029,49.850503],[19.939592,49.850196]],[[19.940024,49.850509],[19.939583,49.8502]],[[19.940011,49.850524],[19.939563,49.850209]],[[19.939999,49.850538],[19.939543,49.850218]],[[19.939993,49.850544],[19.939534,49.850222]],[[19.939592,49.850196],[19.939358,49.849903]],[[19.939583,49.8502],[19.939349,49.849906]],[[19.939563,49.850209],[19.939327,49.849913]],[[19.939543,49.850218],[19.939305,49.84992]],[[19.939534,49.850222],[19.939296,49.849923]]]}},{"type":"Feature","properties":{"variant":"B","kind":"extent"},"geometry":{"type":"MultiLineString","coordinates":[[[19.928473,49.843788],[19.929652,49.844229]],[[19.928478,49.843783],[19.929658,49.844223]],[[19.92849,49.843769],[19.929672,49.84421]],[[19.928503,49.843755],[19.929687,49.844198]],[[19.928508,49.843749],[19.929693,49.844192]],[[19.929652,49.844229],[19.9305,49.844732]],[[19.929658,49.844223],[19.930507,49.844727]],[[19.929672,49.84421],[19.930521,49.844715]],[[19.929687,49.844198],[19.930536,49.844702]],[[19.929693,49.844192],[19.930543,49.844697]],[[19.9305,49.844732],[19.931788,49.845252]],[[19.930507,49.844727],[19.931793,49.845247]],[[19.930521,49.844715],[19.931807,49.845234]],[[19.930536,49.844702],[19.931821,49.845221]],[[19.930543,49.844697],[19.931827,49.845215]],[[19.931788,49.845252],[19.933102,49.845906]],[[19.931793,49.845247],[19.933108,49.845901]],[[19.931807,49.845234],[19.933122,49.845888]],[[19.931821,49.845221],[19.933137,49.845876]],[[19.931827,49.845215],[19.933143,49.84587]],[[19.933102,49.845906],[19.934433,49.84652]],[[19.933108,49.845901],[19.934439,49.846515]],[[19.933122,49.845888],[19.934452,49.846502]],[[19.933137,49.845876],[19.934465,49.846488]],[[19.933143,49.84587],[19.934471,49.846483]],[[19.934433,49.84652],[19.936136,49.847181]],[[19.934439,49.846515],[19.936141,49.847175]],[[19.934452,49.846502],[19.936155,49.847162]],[[19.934465,49.846488],[19.936168,49.847149]],[[19.934471,49.846483],[19.936174,49.847143]],[[19.936136,49.847181],[19.937296,49.847714]],[[19.936141,49.847175],[19.937302,49.847708]],[[19.936155,49.847162],[19.937316,49.847695]],[[19.936168,49.847149],[19.937329,49.847682]],[[19.936174,49.847143],[19.937335,49.847676]],[[19.937296,49.847714],[19.939105,49.848477]],[[19.937302,49.847708],[19.939109,49.848471]],[[19.937316,49.847695],[19.939119,49.848456]],[[19.937329,49.847682],[19.939128,49.848442]],[[19.937335,49.847676],[19.939132,49.848435]],[[19.939105,49.848477],[19.940405,49.848656]],[[19.939109,49.848471],[19.940406,49.848649]],[[19.939119,49.848456],[19.940408,49.848633]],[[19.939128,49.848442],[19.94041,49.848618]],[[19.939132,49.848435],[19.94041,49.848611]],[[19.940405,49.848656],[19.942792,49.848575]],[[19.940406,49.848649],[19.942792,49.848568]],[[19.940408,49.848633],[19.94279,49.848553]],[[19.94041,49.848618],[19.942789,49.848537]],[[19.94041,49.848611],[19.942789,49.84853]]]}},{"type":"Feature","properties":{"variant":"B","kind":"extent"},"geometry":{"type":"MultiLineString","coordinates":[[[19.938777,49.849633],[19.938964,49.849596]],[[19.938774,49.849627],[19.938961,49.84959]],[[19.938767,49.849611],[19.938955,49.849574]],[[19.93876,49.849596],[19.938949,49.849559]],[[19.938757,49.84959],[19.938946,49.849553]],[[19.938964,49.849596],[19.939377,49.849534]],[[19.938961,49.84959],[19.939365,49.849529]],[[19.938955,49.849574],[19.939337,49.849517]],[[19.938949,49.849559],[19.939309,49.849505]],[[19.938946,49.849553],[19.939297,49.8495]],[[19.939377,49.849534],[19.939288,49.849212]],[[19.939365,49.849529],[19.939279,49.849216]],[[19.939337,49.849517],[19.939256,49.849225]],[[19.939309,49.849505],[19.939234,49.849234]],[[19.939297,49.8495],[19.939224,49.849238]],[[19.939288,49.849212],[19.938799,49.848977]],[[19.939279,49.849216],[19.938793,49.848982]],[[19.939256,49.849225],[19.938779,49.848995]],[[19.939234,49.849234],[19.938765,49.849008]],[[19.939224,49.849238],[19.938759,49.849013]],[[19.938799,49.848977],[19.937266,49.848295]],[[19.938793,49.848982],[19.93726,49.848301]],[[19.938779,49.848995],[19.937246,49.848314]],[[19.938765,49.849008],[19.937233,49.848327]],[[19.938759,49.849013],[19.937227,49.848333]],[[19.937266,49.848295],[19.935341,49.847495]],[[19.93726,49.848301],[19.935335,49.8475]],[[19.937246,49.848314],[19.935321,49.847513]],[[19.937233,49.848327],[19.935307,49.847526]],[[19.937227,49.848333],[19.935302,49.847531]],[[19.935341,49.847495],[19.933882,49.846785]],[[19.935335,49.8475],[19.933876,49.846791]],[[19.935321,49.847513],[19.933861,49.846803]],[[19.935307,49.847526],[19.933847,49.846816]],[[19.935302,49.847531],[19.933841,49.846821]],[[19.933882,49.846785],[19.932711,49.846244]],[[19.933876,49.846791],[19.932706,49.84625]],[[19.933861,49.846803],[19.932692,49.846263]],[[19.933847,49.846816],[19.932679,49.846277]],[[19.933841,49.846821],[19.932674,49.846282]],[[19.932711,49.846244],[19.930897,49.845571]],[[19.932706,49.84625],[19.930892,49.845577]],[[19.932692,49.846263],[19.930879,49.84559]],[[19.932679,49.846277],[19.930866,49.845604]],[[19.932674,49.846282],[19.93086,49.845609]],[[19.930897,49.845571],[19.929389,49.844906]],[[19.930892,49.845577],[19.929384,49.844912]],[[19.930879,49.84559],[19.929373,49.844927]],[[19.930866,49.845604],[19.929362,49.844941]],[[19.93086,49.845609],[19.929358,49.844947]],[[19.929389,49.844906],[19.928551,49.844723]],[[19.929384,49.844912],[19.928547,49.844729]],[[19.929373,49.844927],[19.928537,49.844743]],[[19.929362,49.844941],[19.928527,49.844758]],[[19.929358,49.844947],[19.928523,49.844764]],[[19.928551,49.844723],[19.927682,49.844409]],[[19.928547,49.844729],[19.927677,49.844415]],[[19.928537,49.844743],[19.927665,49.844428]],[[19.928527,49.844758],[19.927653,49.844442]],[[19.928523,49.844764],[19.927648,49.844448]]]}},{"type":"Feature","properties":{"variant":"B","kind":"extent"},"geometry":{"type":"MultiLineString","coordinates":[[[19.944681,49.90917],[19.945013,49.909901]],[[19.944691,49.909168],[19.945023,49.909898]],[[19.944715,49.909164],[19.945045,49.90989]],[[19.944738,49.90916],[19.945066,49.909883]],[[19.944748,49.909158],[19.945076,49.909879]],[[19.945013,49.909901],[19.947914,49.912118]],[[19.945023,49.909898],[19.947921,49.912113]],[[19.945045,49.90989],[19.947938,49.912102]],[[19.945066,49.909883],[19.947955,49.91209]],[[19.945076,49.909879],[19.947962,49.912085]],[[19.947914,49.912118],[19.948847,49.91257]],[[19.947921,49.912113],[19.948854,49.912565]],[[19.947938,49.912102],[19.948871,49.912554]],[[19.947955,49.91209],[19.948888,49.912542]],[[19.947962,49.912085],[19.948895,49.912537]],[[19.948847,49.91257],[19.950161,49.913516]],[[19.948854,49.912565],[19.950169,49.913511]],[[19.948871,49.912554],[19.950187,49.913501]],[[19.948888,49.912542],[19.950205,49.91349]],[[19.948895,49.912537],[19.950213,49.913486]]]}},{"type":"Feature","properties":{"variant":"B","kind":"extent"},"geometry":{"type":"MultiLineString","coordinates":[[[19.943633,49.910425],[19.944264,49.910229]],[[19.943628,49.910419],[19.944267,49.910221]],[[19.943618,49.910405],[19.944274,49.910201]],[[19.943607,49.910391],[19.94428,49.910182]],[[19.943603,49.910385],[19.944283,49.910174]],[[19.944264,49.910229],[19.946718,49.912135]],[[19.944267,49.910221],[19.946726,49.912131]],[[19.944274,49.910201],[19.946745,49.912122]],[[19.94428,49.910182],[19.946764,49.912112]],[[19.944283,49.910174],[19.946773,49.912108]],[[19.946718,49.912135],[19.947718,49.913017]],[[19.946726,49.912131],[19.947726,49.913012]],[[19.946745,49.912122],[19.947745,49.913002]],[[19.946764,49.912112],[19.947763,49.912992]],[[19.946773,49.912108],[19.947771,49.912987]],[[19.947718,49.913017],[19.948153,49.913299]],[[19.947726,49.913012],[19.948165,49.913297]],[[19.947745,49.913002],[19.948193,49.913293]],[[19.947763,49.912992],[19.948221,49.913289]],[[19.947771,49.912987],[19.948233,49.913287]],[[19.948153,49.913299],[19.948005,49.913575]],[[19.948165,49.913297],[19.948015,49.913578]],[[19.948193,49.913293],[19.948038,49.913583]],[[19.948221,49.913289],[19.948061,49.913588]],[[19.948233,49.913287],[19.948071,49.91359]]]}},{"type":"Feature","properties":{"variant":"B","kind":"extent"},"geometry":{"type":"MultiLineString","coordinates":[[[19.944038,49.910831],[19.943303,49.909971]],[[19.944029,49.910834],[19.943289,49.90997]],[[19.943995,49.910846],[19.943241,49.909964]],[[19.943962,49.910858],[19.943192,49.909958]],[[19.943953,49.910861],[19.943179,49.909956]],[[19.943303,49.909971],[19.944746,49.909188]],[[19.943289,49.90997],[19.944739,49.909183]],[[19.943241,49.909964],[19.944715,49.909164]],[[19.943192,49.909958],[19.94469,49.909145]],[[19.943179,49.909956],[19.944683,49.90914]],[[19.944746,49.909188],[19.945373,49.908858]],[[19.944739,49.909183],[19.945366,49.908852]],[[19.944715,49.909164],[19.945342,49.908833]],[[19.94469,49.909145],[19.945318,49.908814]],[[19.944683,49.90914],[19.945311,49.908809]]]}},{"type":"Feature","properties":{"variant":"B","kind":"km","name":"1+000"},"geometry":{"type":"Point","coordinates":[19.982327,49.994224]}},{"type":"Feature","properties":{"variant":"B","kind":"km","name":"2+000"},"geometry":{"type":"Point","coordinates":[19.990485,49.986941]}},{"type":"Feature","properties":{"variant":"B","kind":"km","name":"3+000"},"geometry":{"type":"Point","coordinates":[19.993941,49.978286]}},{"type":"Feature","properties":{"variant":"B","kind":"km","name":"4+000"},"geometry":{"type":"Point","coordinates":[19.995354,49.969362]}},{"type":"Feature","properties":{"variant":"B","kind":"km","name":"5+000"},"geometry":{"type":"Point","coordinates":[19.991986,49.960672]}},{"type":"Feature","properties":{"variant":"B","kind":"km","name":"6+000"},"geometry":{"type":"Point","coordinates":[19.987498,49.95216]}},{"type":"Feature","properties":{"variant":"B","kind":"km","name":"7+000"},"geometry":{"type":"Point","coordinates":[19.983012,49.943648]}},{"type":"Feature","properties":{"variant":"B","kind":"km","name":"0+000"},"geometry":{"type":"Point","coordinates":[19.867638,49.907462]}},{"type":"Feature","properties":{"variant":"B","kind":"km","name":"1+000"},"geometry":{"type":"Point","coordinates":[19.881458,49.908542]}},{"type":"Feature","properties":{"variant":"B","kind":"km","name":"2+000"},"geometry":{"type":"Point","coordinates":[19.895279,49.90962]}},{"type":"Feature","properties":{"variant":"B","kind":"km","name":"3+000"},"geometry":{"type":"Point","coordinates":[19.909158,49.910145]}},{"type":"Feature","properties":{"variant":"B","kind":"km","name":"4+000"},"geometry":{"type":"Point","coordinates":[19.923029,49.909389]}},{"type":"Feature","properties":{"variant":"B","kind":"km","name":"5+000"},"geometry":{"type":"Point","coordinates":[19.936894,49.908582]}},{"type":"Feature","properties":{"variant":"B","kind":"km","name":"8+000"},"geometry":{"type":"Point","coordinates":[19.977897,49.935297]}},{"type":"Feature","properties":{"variant":"B","kind":"km","name":"9+000"},"geometry":{"type":"Point","coordinates":[19.970322,49.927772]}},{"type":"Feature","properties":{"variant":"B","kind":"km","name":"10+000"},"geometry":{"type":"Point","coordinates":[19.960815,49.921207]}},{"type":"Feature","properties":{"variant":"B","kind":"km","name":"11+000"},"geometry":{"type":"Point","coordinates":[19.951118,49.914755]}},{"type":"Feature","properties":{"variant":"B","kind":"km","name":"12+000"},"geometry":{"type":"Point","coordinates":[19.942261,49.90784]}},{"type":"Feature","properties":{"variant":"B","kind":"km","name":"13+000"},"geometry":{"type":"Point","coordinates":[19.937717,49.899423]}},{"type":"Feature","properties":{"variant":"B","kind":"km","name":"14+000"},"geometry":{"type":"Point","coordinates":[19.939336,49.890569]}},{"type":"Feature","properties":{"variant":"B","kind":"km","name":"15+000"},"geometry":{"type":"Point","coordinates":[19.945456,49.88251]}},{"type":"Feature","properties":{"variant":"B","kind":"km","name":"16+000"},"geometry":{"type":"Point","coordinates":[19.951855,49.874535]}},{"type":"Feature","properties":{"variant":"B","kind":"km","name":"17+000"},"geometry":{"type":"Point","coordinates":[19.954495,49.865775]}},{"type":"Feature","properties":{"variant":"B","kind":"km","name":"18+000"},"geometry":{"type":"Point","coordinates":[19.951022,49.857149]}},{"type":"Feature","properties":{"variant":"B","kind":"km","name":"19+000"},"geometry":{"type":"Point","coordinates":[19.942145,49.85031]}},{"type":"Feature","properties":{"variant":"B","kind":"km","name":"20+000"},"geometry":{"type":"Point","coordinates":[19.930724,49.845192]}},{"type":"Feature","properties":{"variant":"B","kind":"km","name":"21+000"},"geometry":{"type":"Point","coordinates":[19.919621,49.839816]}},{"type":"Feature","properties":{"variant":"B","kind":"km","name":"22+000"},"geometry":{"type":"Point","coordinates":[19.912965,49.832046]}},{"type":"Feature","properties":{"variant":"B","kind":"km","name":"23+000"},"geometry":{"type":"Point","coordinates":[19.913414,49.823165]}},{"type":"Feature","properties":{"variant":"B","kind":"km","name":"24+000"},"geometry":{"type":"Point","coordinates":[19.918797,49.814887]}}],"attribution":"© GDDKiA — STEŚ S7 Kraków–Myślenice (2025), warianty A–F"}