{"type":"FeatureCollection","features":[{"type":"Feature","properties":{"variant":"C","kind":"axis"},"geometry":{"type":"LineString","coordinates":[[19.99634,49.999474],[19.993342,49.990787],[19.993316,49.990713],[19.99329,49.990638],[19.993264,49.990563],[19.993239,49.990488],[19.993213,49.990414],[19.993187,49.990339],[19.993162,49.990264],[19.993137,49.990189],[19.993112,49.990114],[19.993087,49.990039],[19.993062,49.989965],[19.993038,49.98989],[19.993013,49.989815],[19.992989,49.98974],[19.992966,49.989665],[19.992942,49.98959],[19.992919,49.989514],[19.992897,49.989439],[19.992874,49.989364],[19.992852,49.989289],[19.992831,49.989213],[19.992809,49.989138],[19.992789,49.989063],[19.992768,49.988987],[19.992749,49.988912],[19.992729,49.988836],[19.992711,49.988761],[19.992692,49.988685],[19.992675,49.988609],[19.992658,49.988533],[19.992641,49.988457],[19.992641,49.988457],[19.992515,49.987725],[19.992447,49.986989],[19.992437,49.986252],[19.99244,49.986175],[19.992443,49.986098],[19.992446,49.986022],[19.99245,49.985945],[19.992455,49.985869],[19.99246,49.985792],[19.992466,49.985716],[19.992472,49.985639],[19.992479,49.985563],[19.992486,49.985487],[19.992494,49.98541],[19.992502,49.985334],[19.99251,49.985257],[19.992519,49.985181],[19.992528,49.985105],[19.992537,49.985028],[19.992547,49.984952],[19.992557,49.984876],[19.992567,49.984799],[19.992578,49.984723],[19.992588,49.984647],[19.992599,49.98457],[19.99261,49.984494],[19.992622,49.984418],[19.992633,49.984342],[19.992645,49.984266],[19.992656,49.984189],[19.992668,49.984113],[19.99268,49.984037],[19.992691,49.983961],[19.992703,49.983884],[19.993448,49.979091],[19.99346,49.979015],[19.993472,49.978938],[19.993484,49.978862],[19.993495,49.978786],[19.993507,49.97871],[19.993518,49.978633],[19.99353,49.978557],[19.993541,49.978481],[19.993552,49.978405],[19.993563,49.978328],[19.993574,49.978252],[19.993584,49.978176],[19.993595,49.9781],[19.993605,49.978023],[19.993614,49.977947],[19.993624,49.977871],[19.993633,49.977794],[19.993641,49.977718],[19.99365,49.977642],[19.993658,49.977565],[19.993665,49.977489],[19.993673,49.977412],[19.993679,49.977336],[19.993685,49.977259],[19.993691,49.977183],[19.993696,49.977106],[19.993701,49.97703],[19.993705,49.976953],[19.993709,49.976877],[19.993712,49.9768],[19.993714,49.976724]]}},{"type":"Feature","properties":{"variant":"C","kind":"axis"},"geometry":{"type":"LineString","coordinates":[[19.993461,49.974298],[19.993616,49.975103],[19.9937,49.975912],[19.993714,49.976724]]}},{"type":"Feature","properties":{"variant":"C","kind":"axis"},"geometry":{"type":"LineString","coordinates":[[19.993461,49.974298],[19.993442,49.974222],[19.993424,49.974146],[19.993404,49.974071],[19.993384,49.973995],[19.993363,49.97392],[19.993342,49.973844],[19.993321,49.973769],[19.993299,49.973694],[19.993276,49.973619],[19.993253,49.973544],[19.99323,49.973469],[19.993206,49.973393],[19.993182,49.973319],[19.993157,49.973244],[19.993132,49.973169],[19.993107,49.973094],[19.993082,49.973019],[19.993056,49.972944],[19.99303,49.97287],[19.993004,49.972795],[19.992977,49.97272],[19.99295,49.972646],[19.992924,49.972571],[19.992897,49.972496],[19.992869,49.972422],[19.992842,49.972347],[19.992815,49.972273],[19.992787,49.972198],[19.99276,49.972124],[19.992732,49.972049],[19.992705,49.971975],[19.990712,49.966592]]}},{"type":"Feature","properties":{"variant":"C","kind":"axis"},"geometry":{"type":"LineString","coordinates":[[19.947482,49.91255],[19.948627,49.913208],[19.949709,49.913908],[19.950726,49.914649],[19.951672,49.915427],[19.952545,49.916241],[19.953341,49.917086]]}},{"type":"Feature","properties":{"variant":"C","kind":"axis"},"geometry":{"type":"LineString","coordinates":[[19.947482,49.91255],[19.94733,49.912469],[19.947178,49.912389],[19.947025,49.912309],[19.946871,49.91223],[19.946717,49.912152],[19.946561,49.912074],[19.946405,49.911997],[19.946248,49.91192],[19.94609,49.911844],[19.945932,49.911769],[19.945773,49.911694],[19.945614,49.91162],[19.945454,49.911546],[19.945294,49.911472],[19.945133,49.911399],[19.944971,49.911327],[19.94481,49.911255],[19.944647,49.911183],[19.944485,49.911111],[19.944322,49.91104],[19.944159,49.910969],[19.943996,49.910899],[19.943832,49.910828],[19.943668,49.910758],[19.943504,49.910688],[19.94334,49.910618],[19.943175,49.910548],[19.943011,49.910479],[19.942846,49.910409],[19.942682,49.91034],[19.942517,49.91027],[19.942482,49.910255],[19.942198,49.910135],[19.941913,49.910015],[19.941629,49.909895],[19.941346,49.909775],[19.941062,49.909654],[19.940779,49.909532],[19.940497,49.90941],[19.940215,49.909288],[19.939934,49.909165],[19.939654,49.909041],[19.939375,49.908916],[19.939097,49.90879],[19.93882,49.908663],[19.938544,49.908535],[19.93827,49.908405],[19.937997,49.908275],[19.937726,49.908143],[19.937457,49.908009],[19.937189,49.907874],[19.936923,49.907738],[19.93666,49.907599],[19.936398,49.907459],[19.936139,49.907318],[19.935883,49.907174],[19.935629,49.907028],[19.935378,49.90688],[19.93513,49.906731],[19.934885,49.906579],[19.934643,49.906425],[19.934405,49.906268],[19.93417,49.90611],[19.93417,49.90611],[19.933247,49.905436],[19.932391,49.904726],[19.931605,49.903983],[19.930893,49.90321],[19.930257,49.902409],[19.9297,49.901585],[19.929224,49.900739],[19.928831,49.899876],[19.928522,49.898999],[19.928459,49.898783],[19.928412,49.898607]]}},{"type":"Feature","properties":{"variant":"C","kind":"axis"},"geometry":{"type":"LineString","coordinates":[[19.927491,49.88591],[19.927805,49.886661],[19.928043,49.887422],[19.928205,49.888193],[19.92829,49.888968]]}},{"type":"Feature","properties":{"variant":"C","kind":"axis"},"geometry":{"type":"LineString","coordinates":[[19.927491,49.88591],[19.927462,49.885848],[19.927432,49.885786],[19.927401,49.885724],[19.92737,49.885662],[19.927339,49.8856],[19.927307,49.885539],[19.927275,49.885477],[19.927242,49.885416],[19.927209,49.885354],[19.927176,49.885293],[19.927142,49.885232],[19.927108,49.885171],[19.927074,49.88511],[19.927039,49.885049],[19.927004,49.884988],[19.926969,49.884927],[19.926933,49.884866],[19.926898,49.884805],[19.926862,49.884744],[19.926826,49.884684],[19.92679,49.884623],[19.926753,49.884563],[19.926717,49.884502],[19.92668,49.884442],[19.926643,49.884381],[19.926606,49.884321],[19.926569,49.88426],[19.926532,49.8842],[19.926495,49.884139],[19.926458,49.884079],[19.926421,49.884019],[19.925087,49.88185],[19.924979,49.881674],[19.92487,49.881498],[19.924762,49.881321],[19.924654,49.881145],[19.924546,49.880968],[19.924439,49.880791],[19.924333,49.880614],[19.924226,49.880437],[19.924121,49.88026],[19.924016,49.880083],[19.923913,49.879905],[19.92381,49.879727],[19.923708,49.879549],[19.923607,49.879371],[19.923508,49.879192],[19.923409,49.879014],[19.923312,49.878834],[19.923217,49.878655],[19.923123,49.878475],[19.923031,49.878295],[19.92294,49.878114],[19.922852,49.877933],[19.922765,49.877752],[19.92268,49.87757],[19.922597,49.877388],[19.922517,49.877205],[19.922439,49.877022],[19.922363,49.876839],[19.922289,49.876655],[19.922219,49.876471],[19.92215,49.876286],[19.92215,49.876286],[19.921764,49.875035],[19.921503,49.873771],[19.921368,49.872499],[19.921361,49.871223],[19.92148,49.86995],[19.921509,49.869761],[19.921541,49.869572],[19.921575,49.869384],[19.921611,49.869195],[19.92165,49.869007],[19.921691,49.868819],[19.921735,49.868632],[19.921781,49.868444],[19.921828,49.868257],[19.921878,49.86807],[19.92193,49.867883],[19.921983,49.867696],[19.922038,49.86751],[19.922095,49.867323],[19.922153,49.867137],[19.922213,49.866952],[19.922274,49.866766],[19.922336,49.86658],[19.922399,49.866395],[19.922464,49.86621],[19.922529,49.866025],[19.922596,49.86584],[19.922663,49.865655],[19.922731,49.86547],[19.922799,49.865286],[19.922868,49.865101],[19.922937,49.864917],[19.923007,49.864732],[19.923077,49.864548],[19.923147,49.864364],[19.923218,49.864179],[19.925334,49.85863],[19.925399,49.858459],[19.925465,49.858287],[19.92553,49.858115],[19.925594,49.857943],[19.925658,49.857772],[19.925721,49.857599],[19.925783,49.857427],[19.925844,49.857255],[19.925904,49.857082],[19.925962,49.85691],[19.926018,49.856737],[19.926073,49.856564],[19.926126,49.85639],[19.926177,49.856216],[19.926225,49.856042],[19.926271,49.855868],[19.926315,49.855694],[19.926355,49.855519],[19.926393,49.855344],[19.926428,49.855168],[19.926459,49.854993],[19.926487,49.854817],[19.926511,49.854641],[19.926531,49.854465],[19.926548,49.854288],[19.92656,49.854112],[19.926568,49.853935],[19.926572,49.853758],[19.926571,49.853581],[19.926565,49.853405],[19.926554,49.853228]]}},{"type":"Feature","properties":{"variant":"C","kind":"axis"},"geometry":{"type":"LineString","coordinates":[[19.926096,49.851296],[19.926318,49.851932],[19.926471,49.852578],[19.926554,49.853228]]}},{"type":"Feature","properties":{"variant":"C","kind":"axis"},"geometry":{"type":"LineString","coordinates":[[19.926096,49.851296],[19.926024,49.851125],[19.925948,49.850955],[19.925867,49.850787],[19.925781,49.850619],[19.925692,49.850452],[19.925598,49.850286],[19.9255,49.850121],[19.925399,49.849956],[19.925294,49.849793],[19.925186,49.849631],[19.925075,49.849469],[19.924961,49.849309],[19.924843,49.849149],[19.924724,49.84899],[19.924601,49.848832],[19.924477,49.848675],[19.92435,49.848518],[19.924221,49.848362],[19.92409,49.848207],[19.923957,49.848052],[19.923823,49.847898],[19.923688,49.847745],[19.923551,49.847592],[19.923413,49.847439],[19.923274,49.847287],[19.923134,49.847135],[19.922993,49.846983],[19.922852,49.846832],[19.922711,49.846681],[19.922569,49.84653],[19.922427,49.846379],[19.918021,49.841691],[19.917808,49.841465],[19.917596,49.841239],[19.917384,49.841012],[19.917172,49.840785],[19.916961,49.840558],[19.916751,49.840331],[19.916542,49.840103],[19.916334,49.839874],[19.916128,49.839645],[19.915924,49.839416],[19.915721,49.839186],[19.91552,49.838955],[19.915322,49.838723],[19.915125,49.83849],[19.914932,49.838257],[19.914741,49.838022],[19.914553,49.837787],[19.914369,49.83755],[19.914188,49.837313],[19.91401,49.837074],[19.913836,49.836834],[19.913667,49.836593],[19.913501,49.836351],[19.91334,49.836107],[19.913184,49.835862],[19.913032,49.835616],[19.912886,49.835369],[19.912744,49.83512],[19.912609,49.83487],[19.912479,49.834619],[19.912355,49.834366],[19.912355,49.834366],[19.91189,49.833256],[19.911545,49.832129],[19.911321,49.830988],[19.91122,49.82984]]}},{"type":"Feature","properties":{"variant":"C","kind":"axis"},"geometry":{"type":"LineString","coordinates":[[19.988796,49.962385],[19.989838,49.964473],[19.990712,49.966592]]}},{"type":"Feature","properties":{"variant":"C","kind":"axis"},"geometry":{"type":"LineString","coordinates":[[19.981644,49.953054],[19.983142,49.954595],[19.984537,49.956176]]}},{"type":"Feature","properties":{"variant":"C","kind":"axis"},"geometry":{"type":"LineString","coordinates":[[19.970811,49.942473],[19.970362,49.942034],[19.970362,49.942034],[19.968609,49.940225],[19.966999,49.938362],[19.965536,49.93645]]}},{"type":"Feature","properties":{"variant":"C","kind":"axis"},"geometry":{"type":"LineString","coordinates":[[19.963801,49.933804],[19.956403,49.92152],[19.956315,49.921374],[19.956227,49.921228],[19.956139,49.921082],[19.956051,49.920936],[19.955962,49.92079],[19.955873,49.920644],[19.955784,49.920499],[19.955694,49.920353],[19.955603,49.920207],[19.955512,49.920062],[19.955421,49.919917],[19.955328,49.919772],[19.955235,49.919627],[19.95514,49.919483],[19.955045,49.919339],[19.954949,49.919195],[19.954852,49.919051],[19.954753,49.918908],[19.954654,49.918765],[19.954553,49.918622],[19.954451,49.91848],[19.954347,49.918338],[19.954242,49.918197],[19.954135,49.918056],[19.954027,49.917916],[19.953917,49.917776],[19.953806,49.917637],[19.953692,49.917498],[19.953577,49.91736],[19.95346,49.917223],[19.953341,49.917086]]}},{"type":"Feature","properties":{"variant":"C","kind":"axis"},"geometry":{"type":"LineString","coordinates":[[19.928234,49.89107],[19.92824,49.890982],[19.928244,49.890917],[19.928249,49.890852],[19.928253,49.890787],[19.928257,49.890722],[19.928261,49.890657],[19.928266,49.890592],[19.92827,49.890527],[19.928274,49.890462],[19.928277,49.890397],[19.928281,49.890332],[19.928284,49.890267],[19.928288,49.890203],[19.928291,49.890138],[19.928294,49.890073],[19.928296,49.890008],[19.928299,49.889943],[19.928301,49.889878],[19.928302,49.889813],[19.928304,49.889748],[19.928305,49.889683],[19.928306,49.889618],[19.928306,49.889553],[19.928306,49.889488],[19.928306,49.889423],[19.928305,49.889358],[19.928304,49.889293],[19.928302,49.889228],[19.9283,49.889163],[19.928297,49.889098],[19.928294,49.889033],[19.92829,49.888968]]}},{"type":"Feature","properties":{"variant":"C","kind":"axis"},"geometry":{"type":"LineString","coordinates":[[19.921167,49.811611],[19.92278,49.809381]]}},{"type":"Feature","properties":{"variant":"C","kind":"axisTunnel"},"geometry":{"type":"LineString","coordinates":[[19.981551,49.952963],[19.981644,49.953054]]}},{"type":"Feature","properties":{"variant":"C","kind":"axisTunnel"},"geometry":{"type":"LineString","coordinates":[[19.981551,49.952963],[19.970811,49.942473]]}},{"type":"Feature","properties":{"variant":"C","kind":"axisTunnel"},"geometry":{"type":"LineString","coordinates":[[19.984537,49.956176],[19.986126,49.958196],[19.987547,49.960268],[19.988796,49.962385]]}},{"type":"Feature","properties":{"variant":"C","kind":"axisTunnel"},"geometry":{"type":"LineString","coordinates":[[19.965536,49.93645],[19.963905,49.933976],[19.963905,49.933976],[19.963801,49.933804]]}},{"type":"Feature","properties":{"variant":"C","kind":"axisTunnel"},"geometry":{"type":"LineString","coordinates":[[19.928412,49.898607],[19.928402,49.898567],[19.928349,49.89835],[19.928301,49.898133],[19.928257,49.897915],[19.928218,49.897698],[19.928183,49.897479],[19.928152,49.897261],[19.928124,49.897042],[19.9281,49.896824],[19.92808,49.896605],[19.928063,49.896386],[19.92805,49.896167],[19.928039,49.895947],[19.928031,49.895728],[19.928026,49.895509],[19.928023,49.895289],[19.928023,49.89507],[19.928025,49.894851],[19.928029,49.894631],[19.928034,49.894412],[19.928042,49.894193],[19.928051,49.893974],[19.928061,49.893754],[19.928072,49.893535],[19.928085,49.893316],[19.928098,49.893097],[19.928112,49.892878],[19.928126,49.892659],[19.928141,49.892439],[19.928156,49.89222],[19.928234,49.89107]]}},{"type":"Feature","properties":{"variant":"C","kind":"axisTunnel"},"geometry":{"type":"LineString","coordinates":[[19.91122,49.82984],[19.911225,49.828952],[19.911304,49.828064],[19.911457,49.827181],[19.911681,49.826304],[19.911681,49.826304],[19.911762,49.826045],[19.911849,49.825786],[19.911943,49.825528],[19.912041,49.825271],[19.912146,49.825015],[19.912255,49.824759],[19.91237,49.824505],[19.912489,49.824252],[19.912614,49.823999],[19.912742,49.823748],[19.912875,49.823497],[19.913011,49.823247],[19.913152,49.822998],[19.913296,49.82275],[19.913443,49.822503],[19.913594,49.822257],[19.913747,49.822011],[19.913903,49.821766],[19.914062,49.821522],[19.914223,49.821278],[19.914386,49.821035],[19.914551,49.820793],[19.914718,49.820551],[19.914886,49.820309],[19.915056,49.820068],[19.915226,49.819827],[19.915398,49.819587],[19.915571,49.819346],[19.915744,49.819106],[19.915917,49.818866],[19.916091,49.818626],[19.921167,49.811611]]}},{"type":"Feature","properties":{"variant":"C","kind":"bdi"},"geometry":{"type":"LineString","coordinates":[[19.867428,49.907446],[19.887742,49.909032]]}},{"type":"Feature","properties":{"variant":"C","kind":"bdi"},"geometry":{"type":"LineString","coordinates":[[19.93286,49.91264],[19.932067,49.913008],[19.931237,49.913341],[19.930375,49.913637],[19.929484,49.913896],[19.928568,49.914115],[19.927631,49.914295],[19.926678,49.914434],[19.925713,49.914531],[19.92474,49.914586]]}},{"type":"Feature","properties":{"variant":"C","kind":"bdi"},"geometry":{"type":"LineString","coordinates":[[19.93286,49.91264],[19.933076,49.912531],[19.933288,49.912419],[19.933497,49.912305],[19.933703,49.912189],[19.933907,49.912071],[19.934107,49.91195],[19.934304,49.911828],[19.934499,49.911703],[19.934691,49.911577],[19.93488,49.91145],[19.935067,49.911321],[19.935252,49.91119],[19.935434,49.911058],[19.935613,49.910925],[19.935791,49.91079],[19.935967,49.910655],[19.936141,49.910518],[19.936273,49.910412]]}},{"type":"Feature","properties":{"variant":"C","kind":"bdi"},"geometry":{"type":"LineString","coordinates":[[19.894673,49.909573],[19.897834,49.909819]]}},{"type":"Feature","properties":{"variant":"C","kind":"bdi"},"geometry":{"type":"LineString","coordinates":[[19.904874,49.910547],[19.90627,49.910798],[19.907646,49.911092],[19.907646,49.911092],[19.907769,49.911121],[19.907892,49.91115],[19.908014,49.911179],[19.908137,49.911208],[19.908259,49.911238],[19.908381,49.911268],[19.908503,49.911299],[19.908625,49.911329],[19.908746,49.91136],[19.908868,49.911391],[19.908989,49.911423],[19.90911,49.911454],[19.909231,49.911486],[19.909352,49.911518],[19.909473,49.91155],[19.909594,49.911582],[19.909714,49.911615],[19.909835,49.911647],[19.909955,49.91168],[19.910075,49.911713],[19.910196,49.911746],[19.910316,49.911779],[19.910436,49.911812],[19.910556,49.911845],[19.910676,49.911879],[19.910796,49.911912],[19.910916,49.911946],[19.911036,49.911979],[19.911156,49.912013],[19.911276,49.912046],[19.911395,49.91208],[19.913163,49.912575]]}},{"type":"Feature","properties":{"variant":"C","kind":"bdiTunnel"},"geometry":{"type":"LineString","coordinates":[[19.887742,49.909032],[19.894673,49.909573]]}},{"type":"Feature","properties":{"variant":"C","kind":"bdiTunnel"},"geometry":{"type":"LineString","coordinates":[[19.897834,49.909819],[19.898997,49.90991],[19.899127,49.90992],[19.899257,49.90993],[19.899387,49.90994],[19.899516,49.90995],[19.899646,49.909961],[19.899776,49.909971],[19.899905,49.909981],[19.900035,49.909992],[19.900164,49.910002],[19.900294,49.910013],[19.900424,49.910024],[19.900553,49.910034],[19.900683,49.910045],[19.900812,49.910057],[19.900942,49.910068],[19.901071,49.910079],[19.901201,49.910091],[19.90133,49.910103],[19.901459,49.910115],[19.901588,49.910127],[19.901718,49.91014],[19.901847,49.910153],[19.901976,49.910166],[19.902105,49.910179],[19.902234,49.910192],[19.902363,49.910206],[19.902492,49.91022],[19.90262,49.910235],[19.902749,49.91025],[19.902877,49.910265],[19.903006,49.91028],[19.903006,49.91028],[19.904874,49.910547]]}},{"type":"Feature","properties":{"variant":"C","kind":"bdiTunnel"},"geometry":{"type":"LineString","coordinates":[[19.913163,49.912575],[19.914164,49.912855],[19.914415,49.912926],[19.914667,49.912996],[19.914918,49.913066],[19.91517,49.913136],[19.915421,49.913205],[19.915674,49.913274],[19.915926,49.913342],[19.916179,49.91341],[19.916433,49.913476],[19.916687,49.913542],[19.916941,49.913607],[19.917196,49.913671],[19.917453,49.913734],[19.917709,49.913795],[19.917967,49.913855],[19.918225,49.913913],[19.918484,49.91397],[19.918745,49.914025],[19.919006,49.914078],[19.919268,49.914129],[19.919531,49.914179],[19.919794,49.914226],[19.920059,49.914271],[19.920325,49.914313],[19.920592,49.914353],[19.920859,49.91439],[19.921128,49.914425],[19.921397,49.914457],[19.921667,49.914485],[19.921938,49.914511],[19.92221,49.914534]]}},{"type":"Feature","properties":{"variant":"C","kind":"bdiTunnel"},"geometry":{"type":"LineString","coordinates":[[19.92474,49.914586],[19.923895,49.9146],[19.923051,49.914583],[19.92221,49.914534]]}},{"type":"Feature","properties":{"variant":"C","kind":"tunnel","name":"SOLID"},"geometry":{"type":"Polygon","coordinates":[[[19.989057,49.962323],[19.988534,49.962447],[19.987778,49.961126],[19.98744,49.960576],[19.987048,49.959964],[19.986648,49.959365],[19.986213,49.958741],[19.985771,49.958134],[19.985365,49.957597],[19.984844,49.956935],[19.984561,49.956587],[19.984427,49.956424],[19.984291,49.956261],[19.984782,49.956091],[19.984918,49.956254],[19.985054,49.956419],[19.98534,49.95677],[19.985864,49.957437],[19.986274,49.957979],[19.986719,49.958591],[19.987158,49.95922],[19.987562,49.959824],[19.987957,49.960441],[19.988299,49.960998],[19.989057,49.962323]]]}},{"type":"Feature","properties":{"variant":"C","kind":"tunnel","name":"SOLID"},"geometry":{"type":"Polygon","coordinates":[[[19.981876,49.952955],[19.981411,49.953153],[19.975307,49.947191],[19.974601,49.946502],[19.973754,49.945675],[19.973175,49.945109],[19.972742,49.944685],[19.970579,49.942572],[19.971044,49.942374],[19.973207,49.944487],[19.97364,49.944911],[19.974219,49.945476],[19.975066,49.946304],[19.975772,49.946993],[19.981876,49.952955]]]}},{"type":"Feature","properties":{"variant":"C","kind":"tunnel","name":"SOLID"},"geometry":{"type":"Polygon","coordinates":[[[19.96579,49.936376],[19.965281,49.936523],[19.964583,49.935517],[19.964354,49.93517],[19.964118,49.934805],[19.963974,49.934576],[19.963542,49.93387],[19.96406,49.933738],[19.964491,49.934442],[19.964633,49.934668],[19.964867,49.93503],[19.965094,49.935373],[19.96579,49.936376]]]}},{"type":"Feature","properties":{"variant":"C","kind":"tunnel","name":"SOLID"},"geometry":{"type":"Polygon","coordinates":[[[19.928687,49.898578],[19.928137,49.898635],[19.92808,49.898405],[19.928035,49.898204],[19.927993,49.897996],[19.927922,49.897599],[19.927878,49.897301],[19.927838,49.896974],[19.927805,49.89664],[19.927766,49.896063],[19.927752,49.895694],[19.927745,49.89521],[19.927747,49.894827],[19.927757,49.894379],[19.927781,49.893781],[19.927832,49.892885],[19.927878,49.892212],[19.927956,49.891062],[19.928512,49.891077],[19.928434,49.892228],[19.928388,49.8929],[19.928338,49.893793],[19.928314,49.894386],[19.928304,49.89483],[19.928302,49.895209],[19.928309,49.895688],[19.928323,49.896051],[19.928361,49.896621],[19.928393,49.896948],[19.928432,49.89727],[19.928476,49.897561],[19.928545,49.897952],[19.928587,49.898155],[19.928631,49.898351],[19.928687,49.898578]]]}},{"type":"Feature","properties":{"variant":"C","kind":"tunnel","name":"SOLID"},"geometry":{"type":"Polygon","coordinates":[[[19.911498,49.829838],[19.910942,49.829842],[19.910935,49.82947],[19.910947,49.828965],[19.910971,49.828584],[19.911002,49.828255],[19.911065,49.827783],[19.911162,49.827247],[19.91127,49.826774],[19.911353,49.826462],[19.911472,49.826065],[19.911573,49.825761],[19.911672,49.825485],[19.911826,49.825094],[19.912053,49.824567],[19.912336,49.823971],[19.912557,49.823542],[19.912896,49.822927],[19.913292,49.822262],[19.91388,49.821339],[19.914408,49.820559],[19.915487,49.819036],[19.916537,49.817585],[19.918567,49.81478],[19.920915,49.811535],[19.921419,49.811688],[19.919071,49.814933],[19.917041,49.817738],[19.915991,49.819188],[19.914915,49.820706],[19.914392,49.82148],[19.913808,49.822395],[19.913417,49.823052],[19.913083,49.823659],[19.912865,49.824081],[19.912586,49.824668],[19.912363,49.825187],[19.912213,49.82557],[19.912116,49.82584],[19.912017,49.826138],[19.9119,49.826527],[19.911819,49.826831],[19.911713,49.827294],[19.911619,49.827819],[19.911557,49.828282],[19.911526,49.828603],[19.911502,49.828975],[19.911491,49.82947],[19.911498,49.829838]]]}},{"type":"Feature","properties":{"variant":"C","kind":"tunnel","name":"SOLID"},"geometry":{"type":"Polygon","coordinates":[[[19.887708,49.909211],[19.887775,49.908854],[19.894707,49.909394],[19.89464,49.909751],[19.887708,49.909211]]]}},{"type":"Feature","properties":{"variant":"C","kind":"tunnel","name":"SOLID"},"geometry":{"type":"Polygon","coordinates":[[[19.897801,49.909998],[19.897868,49.909641],[19.900005,49.909808],[19.901695,49.909956],[19.903059,49.910104],[19.904934,49.910371],[19.904814,49.910722],[19.902953,49.910457],[19.901611,49.910311],[19.899935,49.910165],[19.897801,49.909998]]]}},{"type":"Feature","properties":{"variant":"C","kind":"tunnel","name":"SOLID"},"geometry":{"type":"Polygon","coordinates":[[[19.913052,49.91274],[19.913273,49.91241],[19.915154,49.912936],[19.915752,49.9131],[19.916336,49.913257],[19.916916,49.913407],[19.917654,49.91359],[19.91826,49.91373],[19.918752,49.913837],[19.919402,49.913967],[19.920075,49.914087],[19.920568,49.914165],[19.921313,49.914264],[19.921944,49.91433],[19.922397,49.914366],[19.923026,49.914402],[19.923626,49.914418],[19.923906,49.91442],[19.924247,49.914418],[19.924729,49.914407],[19.92475,49.914766],[19.92426,49.914778],[19.923905,49.91478],[19.923611,49.914778],[19.92299,49.91476],[19.922338,49.914724],[19.921865,49.914686],[19.921212,49.914618],[19.920446,49.914516],[19.919935,49.914435],[19.919246,49.914313],[19.918581,49.91418],[19.918077,49.91407],[19.91746,49.913927],[19.916712,49.913742],[19.916125,49.91359],[19.915536,49.913432],[19.914934,49.913266],[19.913052,49.91274]]]}},{"type":"Feature","properties":{"variant":"C","kind":"bridge","name":"SOLID"},"geometry":{"type":"Polygon","coordinates":[[[19.996608,49.999421],[19.996063,49.999499],[19.995572,49.998076],[19.996116,49.997998],[19.996608,49.999421]]]}},{"type":"Feature","properties":{"variant":"C","kind":"bridge","name":"SOLID"},"geometry":{"type":"Polygon","coordinates":[[[19.994059,49.994111],[19.994099,49.994226],[19.994864,49.99412],[19.994824,49.994005],[19.994059,49.994111]]]}},{"type":"Feature","properties":{"variant":"C","kind":"bridge","name":"SOLID"},"geometry":{"type":"Polygon","coordinates":[[[19.993029,49.988901],[19.992478,49.988958],[19.992417,49.988712],[19.992345,49.988386],[19.992284,49.988059],[19.992241,49.98777],[19.992202,49.987439],[19.992175,49.987109],[19.992162,49.986871],[19.992158,49.98674],[19.992157,49.986686],[19.992714,49.986681],[19.992716,49.986734],[19.99272,49.986862],[19.992732,49.987093],[19.992758,49.987416],[19.992796,49.987739],[19.992839,49.98802],[19.992898,49.988339],[19.992968,49.988658],[19.993029,49.988901]]]}},{"type":"Feature","properties":{"variant":"C","kind":"bridge","name":"SOLID"},"geometry":{"type":"Polygon","coordinates":[[[19.992207,49.982904],[19.992186,49.983021],[19.993406,49.983124],[19.993427,49.983007],[19.992207,49.982904]]]}},{"type":"Feature","properties":{"variant":"C","kind":"bridge","name":"SOLID"},"geometry":{"type":"Polygon","coordinates":[[[19.992475,49.97058],[19.991933,49.970664],[19.991475,49.969428],[19.990947,49.968002],[19.990648,49.967194],[19.990381,49.966474],[19.990126,49.965818],[19.989875,49.965215],[19.989644,49.964688],[19.989473,49.964312],[19.990008,49.964211],[19.99018,49.964588],[19.990413,49.96512],[19.990665,49.965728],[19.990922,49.966388],[19.99119,49.96711],[19.991489,49.967918],[19.992017,49.969344],[19.992475,49.97058]]]}},{"type":"Feature","properties":{"variant":"C","kind":"bridge","name":"SOLID"},"geometry":{"type":"Polygon","coordinates":[[[19.992568,49.973449],[19.992598,49.973565],[19.993814,49.973447],[19.993784,49.97333],[19.992568,49.973449]]]}},{"type":"Feature","properties":{"variant":"C","kind":"bridge","name":"SOLID"},"geometry":{"type":"Polygon","coordinates":[[[19.965868,49.937509],[19.96595,49.937615],[19.966777,49.937355],[19.966695,49.937249],[19.965868,49.937509]]]}},{"type":"Feature","properties":{"variant":"C","kind":"bridge","name":"SOLID"},"geometry":{"type":"Polygon","coordinates":[[[19.962448,49.931062],[19.961929,49.931193],[19.961341,49.930216],[19.96186,49.930086],[19.962448,49.931062]]]}},{"type":"Feature","properties":{"variant":"C","kind":"bridge","name":"SOLID"},"geometry":{"type":"Polygon","coordinates":[[[19.956922,49.922992],[19.957003,49.923098],[19.957648,49.922886],[19.957567,49.92278],[19.956922,49.922992]]]}},{"type":"Feature","properties":{"variant":"C","kind":"bridge","name":"SOLID"},"geometry":{"type":"Polygon","coordinates":[[[19.953029,49.917506],[19.953111,49.917611],[19.954052,49.917295],[19.953971,49.917189],[19.953029,49.917506]]]}},{"type":"Feature","properties":{"variant":"C","kind":"bridge","name":"SOLID"},"geometry":{"type":"Polygon","coordinates":[[[19.949115,49.913946],[19.949218,49.914043],[19.949977,49.913689],[19.949874,49.913592],[19.949115,49.913946]]]}},{"type":"Feature","properties":{"variant":"C","kind":"bridge","name":"SOLID"},"geometry":{"type":"Polygon","coordinates":[[[19.946964,49.912048],[19.946624,49.912333],[19.946196,49.91212],[19.946536,49.911836],[19.946964,49.912048]]]}},{"type":"Feature","properties":{"variant":"C","kind":"bridge","name":"SOLID"},"geometry":{"type":"Polygon","coordinates":[[[19.944246,49.91079],[19.943939,49.911091],[19.942447,49.910455],[19.942154,49.910332],[19.941285,49.909964],[19.94159,49.909663],[19.942459,49.910031],[19.942752,49.910155],[19.944246,49.91079]]]}},{"type":"Feature","properties":{"variant":"C","kind":"bridge","name":"SOLID"},"geometry":{"type":"Polygon","coordinates":[[[19.939957,49.908957],[19.939639,49.909252],[19.938975,49.908954],[19.93857,49.908768],[19.938334,49.908658],[19.938043,49.908521],[19.938372,49.908231],[19.938662,49.908368],[19.938895,49.908476],[19.939295,49.90866],[19.939957,49.908957]]]}},{"type":"Feature","properties":{"variant":"C","kind":"bridge","name":"SOLID"},"geometry":{"type":"Polygon","coordinates":[[[19.933155,49.905078],[19.932715,49.905298],[19.932459,49.905086],[19.93228,49.904932],[19.932125,49.904794],[19.931947,49.904635],[19.931749,49.90445],[19.931592,49.904299],[19.931451,49.904161],[19.931356,49.904065],[19.931184,49.903888],[19.931039,49.903733],[19.930888,49.903569],[19.930755,49.903419],[19.930647,49.903294],[19.930483,49.903099],[19.930208,49.902754],[19.930123,49.902644],[19.929852,49.902273],[19.9296,49.901901],[19.929482,49.901715],[19.929437,49.901643],[19.929266,49.901358],[19.929785,49.901228],[19.929955,49.901511],[19.929997,49.90158],[19.930113,49.90176],[19.930359,49.902124],[19.930624,49.902487],[19.930705,49.902592],[19.930975,49.902931],[19.931134,49.90312],[19.93124,49.903242],[19.931369,49.903388],[19.931516,49.903548],[19.931658,49.903699],[19.931826,49.903872],[19.931919,49.903965],[19.932056,49.904101],[19.932209,49.904248],[19.932401,49.904427],[19.932576,49.904584],[19.932728,49.904718],[19.932901,49.904867],[19.933155,49.905078]]]}},{"type":"Feature","properties":{"variant":"C","kind":"bridge","name":"SOLID"},"geometry":{"type":"Polygon","coordinates":[[[19.924099,49.848888],[19.924409,49.849184],[19.925102,49.848778],[19.924792,49.848482],[19.924099,49.848888]]]}},{"type":"Feature","properties":{"variant":"C","kind":"bridge","name":"SOLID"},"geometry":{"type":"Polygon","coordinates":[[[19.923179,49.865031],[19.922639,49.864945],[19.923042,49.86389],[19.923582,49.863976],[19.923179,49.865031]]]}},{"type":"Feature","properties":{"variant":"C","kind":"bridge","name":"SOLID"},"geometry":{"type":"Polygon","coordinates":[[[19.913292,49.835553],[19.912772,49.835679],[19.91251,49.835229],[19.912238,49.83472],[19.91208,49.834399],[19.91189,49.833979],[19.911734,49.8336],[19.911548,49.833093],[19.911441,49.832764],[19.911314,49.832325],[19.911205,49.831878],[19.911126,49.831499],[19.911054,49.831073],[19.911607,49.831034],[19.911678,49.831456],[19.911755,49.831826],[19.911862,49.832264],[19.911986,49.832694],[19.912091,49.833015],[19.912273,49.833512],[19.912425,49.833882],[19.912612,49.834294],[19.912766,49.834607],[19.913033,49.835107],[19.913292,49.835553]]]}},{"type":"Feature","properties":{"variant":"C","kind":"bridge","name":"SOLID"},"geometry":{"type":"Polygon","coordinates":[[[19.871684,49.907959],[19.871751,49.907602],[19.873817,49.907763],[19.87375,49.90812],[19.871684,49.907959]]]}},{"type":"Feature","properties":{"variant":"C","kind":"bridge","name":"SOLID"},"geometry":{"type":"Polygon","coordinates":[[[19.877477,49.908689],[19.8777,49.908706],[19.877855,49.90796],[19.877633,49.907943],[19.877477,49.908689]]]}},{"type":"Feature","properties":{"variant":"C","kind":"bridge","name":"SOLID"},"geometry":{"type":"Polygon","coordinates":[[[19.879693,49.908585],[19.87976,49.908228],[19.885153,49.908649],[19.885086,49.909006],[19.879693,49.908585]]]}},{"type":"Feature","properties":{"variant":"C","kind":"bridge","name":"SOLID"},"geometry":{"type":"Polygon","coordinates":[[[19.9061,49.910953],[19.906265,49.910609],[19.906656,49.910688],[19.907102,49.910781],[19.907536,49.910876],[19.907965,49.910976],[19.908386,49.911076],[19.908193,49.911413],[19.907775,49.911314],[19.907352,49.911216],[19.906926,49.911122],[19.906488,49.91103],[19.9061,49.910953]]]}},{"type":"Feature","properties":{"variant":"C","kind":"bridge","name":"SOLID"},"geometry":{"type":"Polygon","coordinates":[[[19.910349,49.912012],[19.910556,49.912067],[19.910801,49.911707],[19.910594,49.911651],[19.910349,49.912012]]]}},{"type":"Feature","properties":{"variant":"C","kind":"bridge","name":"SOLID"},"geometry":{"type":"Polygon","coordinates":[[[19.931027,49.913727],[19.931241,49.913684],[19.930999,49.913112],[19.930785,49.913155],[19.931027,49.913727]]]}},{"type":"Feature","properties":{"variant":"C","kind":"bridge","name":"SOLID"},"geometry":{"type":"Polygon","coordinates":[[[19.933092,49.912999],[19.933315,49.913013],[19.93352,49.911699],[19.933297,49.911686],[19.933092,49.912999]]]}},{"type":"Feature","properties":{"variant":"C","kind":"bridge","name":"SOLID"},"geometry":{"type":"Polygon","coordinates":[[[19.921058,49.869871],[19.921002,49.870015],[19.921854,49.870049],[19.92191,49.869905],[19.921058,49.869871]]]}},{"type":"Feature","properties":{"variant":"C","kind":"bridge","name":"SOLID"},"geometry":{"type":"Polygon","coordinates":[[[19.925033,49.882761],[19.925088,49.882905],[19.926423,49.882475],[19.926368,49.88233],[19.925033,49.882761]]]}},{"type":"Feature","properties":{"variant":"C","kind":"bridge","name":"SOLID"},"geometry":{"type":"Polygon","coordinates":[[[19.940029,49.909027],[19.940224,49.908956],[19.940027,49.908627],[19.939832,49.908698],[19.940029,49.909027]]]}},{"type":"Feature","properties":{"variant":"C","kind":"bridge","name":"SOLID"},"geometry":{"type":"Polygon","coordinates":[[[19.93761,49.908318],[19.937834,49.908324],[19.937935,49.907978],[19.937712,49.907972],[19.93761,49.908318]]]}},{"type":"Feature","properties":{"variant":"C","kind":"interchange"},"geometry":{"type":"MultiPolygon","coordinates":[[[[19.998242,50.000955],[19.99824,50.000892],[19.998231,50.000829],[19.998215,50.000767],[19.998193,50.000706],[19.998164,50.000646],[19.998129,50.000588],[19.998088,50.000531],[19.99804,50.000476],[19.997987,50.000424],[19.997928,50.000374],[19.997864,50.000327],[19.997794,50.000283],[19.997721,50.000242],[19.997643,50.000204],[19.997561,50.00017],[19.997476,50.00014],[19.997387,50.000114],[19.997296,50.000091],[19.997203,50.000073],[19.997108,50.000059],[19.997012,50.00005],[19.996915,50.000045],[19.996817,50.000044],[19.99672,50.000047],[19.996624,50.000055],[19.996528,50.000067],[19.996434,50.000084],[19.996342,50.000105],[19.996253,50.000129],[19.996166,50.000158],[19.996083,50.000191],[19.996003,50.000227],[19.995928,50.000266],[19.995857,50.000309],[19.995791,50.000355],[19.99573,50.000404],[19.995674,50.000456],[19.995625,50.00051],[19.995581,50.000566],[19.995543,50.000624],[19.995512,50.000683],[19.995487,50.000744],[19.995469,50.000806],[19.995457,50.000868],[19.995453,50.00093],[19.995455,50.000993],[19.995464,50.001056],[19.995479,50.001118],[19.995501,50.001179],[19.99553,50.001239],[19.995566,50.001297],[19.995607,50.001354],[19.995655,50.001409],[19.995708,50.001461],[19.995767,50.001511],[19.995831,50.001558],[19.9959,50.001603],[19.995974,50.001644],[19.996052,50.001681],[19.996134,50.001715],[19.996219,50.001745],[19.996308,50.001772],[19.996399,50.001794],[19.996492,50.001812],[19.996587,50.001826],[19.996683,50.001835],[19.99678,50.001841],[19.996877,50.001841],[19.996975,50.001838],[19.997071,50.00183],[19.997167,50.001818],[19.997261,50.001801],[19.997352,50.001781],[19.997442,50.001756],[19.997528,50.001727],[19.997612,50.001695],[19.997691,50.001658],[19.997767,50.001619],[19.997838,50.001576],[19.997904,50.00153],[19.997965,50.001481],[19.99802,50.001429],[19.99807,50.001375],[19.998114,50.001319],[19.998152,50.001261],[19.998183,50.001202],[19.998208,50.001141],[19.998226,50.00108],[19.998237,50.001017],[19.998242,50.000955]]]]}},{"type":"Feature","properties":{"variant":"C","kind":"interchange"},"geometry":{"type":"MultiPolygon","coordinates":[[[[19.984013,49.954053],[19.984011,49.953991],[19.984002,49.953928],[19.983987,49.953866],[19.983964,49.953805],[19.983936,49.953745],[19.9839,49.953687],[19.983859,49.95363],[19.983811,49.953575],[19.983758,49.953523],[19.983699,49.953473],[19.983635,49.953426],[19.983566,49.953381],[19.983492,49.95334],[19.983415,49.953303],[19.983333,49.953269],[19.983248,49.953239],[19.983159,49.953212],[19.983068,49.95319],[19.982975,49.953172],[19.98288,49.953158],[19.982784,49.953148],[19.982687,49.953143],[19.98259,49.953142],[19.982493,49.953146],[19.982396,49.953154],[19.982301,49.953166],[19.982207,49.953183],[19.982115,49.953203],[19.982026,49.953228],[19.981939,49.953257],[19.981856,49.953289],[19.981777,49.953325],[19.981701,49.953365],[19.981631,49.953408],[19.981565,49.953454],[19.981504,49.953503],[19.981448,49.953555],[19.981398,49.953608],[19.981355,49.953664],[19.981317,49.953722],[19.981286,49.953782],[19.981261,49.953842],[19.981243,49.953904],[19.981231,49.953966],[19.981226,49.954029],[19.981228,49.954092],[19.981237,49.954154],[19.981253,49.954216],[19.981275,49.954277],[19.981304,49.954337],[19.981339,49.954396],[19.981381,49.954453],[19.981428,49.954507],[19.981481,49.95456],[19.98154,49.95461],[19.981604,49.954657],[19.981673,49.954701],[19.981747,49.954742],[19.981825,49.95478],[19.981907,49.954814],[19.981992,49.954844],[19.98208,49.95487],[19.982171,49.954892],[19.982264,49.954911],[19.982359,49.954924],[19.982455,49.954934],[19.982552,49.954939],[19.982649,49.95494],[19.982747,49.954937],[19.982843,49.954929],[19.982938,49.954916],[19.983032,49.9549],[19.983124,49.954879],[19.983214,49.954855],[19.9833,49.954826],[19.983383,49.954793],[19.983463,49.954757],[19.983538,49.954718],[19.983609,49.954675],[19.983675,49.954628],[19.983736,49.95458],[19.983791,49.954528],[19.983841,49.954474],[19.983885,49.954418],[19.983923,49.95436],[19.983954,49.954301],[19.983979,49.95424],[19.983997,49.954178],[19.984008,49.954116],[19.984013,49.954053]]]]}},{"type":"Feature","properties":{"variant":"C","kind":"interchange"},"geometry":{"type":"MultiPolygon","coordinates":[[[[19.940069,49.908337],[19.940067,49.908275],[19.940058,49.908212],[19.940042,49.90815],[19.94002,49.908089],[19.939992,49.908029],[19.939956,49.907971],[19.939915,49.907914],[19.939868,49.907859],[19.939814,49.907806],[19.939756,49.907756],[19.939692,49.907709],[19.939623,49.907665],[19.939549,49.907624],[19.939471,49.907586],[19.93939,49.907552],[19.939305,49.907522],[19.939216,49.907496],[19.939126,49.907474],[19.939033,49.907455],[19.938938,49.907441],[19.938842,49.907432],[19.938745,49.907427],[19.938648,49.907426],[19.938551,49.907429],[19.938454,49.907437],[19.938359,49.907449],[19.938265,49.907466],[19.938174,49.907486],[19.938084,49.907511],[19.937998,49.90754],[19.937915,49.907572],[19.937835,49.907608],[19.93776,49.907648],[19.937689,49.907691],[19.937623,49.907737],[19.937562,49.907786],[19.937507,49.907837],[19.937457,49.907891],[19.937413,49.907947],[19.937375,49.908005],[19.937344,49.908065],[19.937319,49.908125],[19.937301,49.908187],[19.93729,49.908249],[19.937285,49.908312],[19.937287,49.908375],[19.937296,49.908437],[19.937311,49.908499],[19.937333,49.90856],[19.937362,49.90862],[19.937397,49.908679],[19.937438,49.908735],[19.937486,49.90879],[19.937539,49.908843],[19.937598,49.908893],[19.937662,49.90894],[19.937731,49.908984],[19.937804,49.909025],[19.937882,49.909063],[19.937964,49.909097],[19.938049,49.909127],[19.938137,49.909153],[19.938228,49.909176],[19.938321,49.909194],[19.938416,49.909208],[19.938512,49.909217],[19.938608,49.909223],[19.938706,49.909223],[19.938803,49.90922],[19.938899,49.909212],[19.938994,49.9092],[19.939088,49.909184],[19.93918,49.909163],[19.939269,49.909138],[19.939356,49.909109],[19.939439,49.909077],[19.939518,49.909041],[19.939594,49.909001],[19.939664,49.908958],[19.93973,49.908912],[19.939791,49.908863],[19.939847,49.908812],[19.939897,49.908758],[19.93994,49.908702],[19.939978,49.908644],[19.940009,49.908585],[19.940034,49.908524],[19.940052,49.908462],[19.940064,49.9084],[19.940069,49.908337]]]]}},{"type":"Feature","properties":{"variant":"C","kind":"interchange"},"geometry":{"type":"MultiPolygon","coordinates":[[[[19.927825,49.884638],[19.927823,49.884576],[19.927814,49.884513],[19.927799,49.884451],[19.927777,49.88439],[19.927748,49.88433],[19.927713,49.884272],[19.927672,49.884215],[19.927624,49.88416],[19.927571,49.884107],[19.927513,49.884057],[19.927449,49.88401],[19.92738,49.883966],[19.927306,49.883925],[19.927228,49.883887],[19.927147,49.883853],[19.927062,49.883823],[19.926974,49.883797],[19.926883,49.883774],[19.92679,49.883756],[19.926695,49.883742],[19.926599,49.883733],[19.926502,49.883727],[19.926405,49.883727],[19.926308,49.88373],[19.926212,49.883738],[19.926117,49.88375],[19.926023,49.883766],[19.925931,49.883787],[19.925842,49.883812],[19.925756,49.88384],[19.925672,49.883873],[19.925593,49.883909],[19.925518,49.883949],[19.925447,49.883992],[19.925381,49.884038],[19.92532,49.884087],[19.925265,49.884138],[19.925215,49.884192],[19.925171,49.884248],[19.925133,49.884306],[19.925102,49.884365],[19.925077,49.884426],[19.925059,49.884488],[19.925047,49.88455],[19.925043,49.884613],[19.925045,49.884675],[19.925053,49.884738],[19.925069,49.8848],[19.925091,49.884861],[19.92512,49.884921],[19.925155,49.884979],[19.925196,49.885036],[19.925243,49.885091],[19.925297,49.885143],[19.925355,49.885193],[19.925419,49.885241],[19.925488,49.885285],[19.925562,49.885326],[19.925639,49.885364],[19.925721,49.885398],[19.925806,49.885428],[19.925894,49.885454],[19.925985,49.885476],[19.926078,49.885495],[19.926173,49.885509],[19.926269,49.885518],[19.926365,49.885523],[19.926463,49.885524],[19.92656,49.885521],[19.926656,49.885513],[19.926751,49.885501],[19.926845,49.885484],[19.926937,49.885464],[19.927026,49.885439],[19.927112,49.88541],[19.927195,49.885378],[19.927275,49.885342],[19.92735,49.885302],[19.927421,49.885259],[19.927487,49.885213],[19.927548,49.885164],[19.927603,49.885113],[19.927653,49.885059],[19.927697,49.885003],[19.927735,49.884945],[19.927766,49.884886],[19.927791,49.884825],[19.927809,49.884763],[19.92782,49.884701],[19.927825,49.884638]]]]}},{"type":"Feature","properties":{"variant":"C","kind":"interchange"},"geometry":{"type":"MultiPolygon","coordinates":[[[[19.927962,49.853731],[19.92796,49.853668],[19.927951,49.853606],[19.927936,49.853544],[19.927914,49.853483],[19.927885,49.853423],[19.92785,49.853364],[19.927809,49.853307],[19.927761,49.853253],[19.927708,49.8532],[19.92765,49.85315],[19.927586,49.853103],[19.927517,49.853059],[19.927443,49.853018],[19.927366,49.85298],[19.927284,49.852946],[19.927199,49.852916],[19.927111,49.852889],[19.92702,49.852867],[19.926927,49.852849],[19.926833,49.852835],[19.926737,49.852825],[19.92664,49.85282],[19.926543,49.852819],[19.926446,49.852823],[19.92635,49.852831],[19.926255,49.852843],[19.926161,49.852859],[19.926069,49.85288],[19.92598,49.852904],[19.925894,49.852933],[19.925811,49.852966],[19.925731,49.853002],[19.925656,49.853041],[19.925585,49.853084],[19.925519,49.85313],[19.925459,49.853179],[19.925403,49.853231],[19.925353,49.853285],[19.92531,49.853341],[19.925272,49.853399],[19.925241,49.853458],[19.925216,49.853519],[19.925198,49.85358],[19.925186,49.853643],[19.925181,49.853705],[19.925183,49.853768],[19.925192,49.85383],[19.925208,49.853892],[19.92523,49.853954],[19.925258,49.854013],[19.925293,49.854072],[19.925335,49.854129],[19.925382,49.854184],[19.925435,49.854236],[19.925494,49.854286],[19.925558,49.854333],[19.925627,49.854378],[19.9257,49.854419],[19.925778,49.854456],[19.925859,49.85449],[19.925944,49.85452],[19.926032,49.854547],[19.926123,49.854569],[19.926216,49.854587],[19.926311,49.854601],[19.926407,49.854611],[19.926503,49.854616],[19.9266,49.854617],[19.926697,49.854614],[19.926794,49.854606],[19.926889,49.854594],[19.926982,49.854577],[19.927074,49.854556],[19.927163,49.854532],[19.92725,49.854503],[19.927333,49.854471],[19.927412,49.854434],[19.927487,49.854395],[19.927558,49.854352],[19.927624,49.854306],[19.927685,49.854257],[19.92774,49.854205],[19.92779,49.854152],[19.927834,49.854096],[19.927872,49.854038],[19.927903,49.853978],[19.927928,49.853918],[19.927946,49.853856],[19.927957,49.853794],[19.927962,49.853731]]]]}},{"type":"Feature","properties":{"variant":"C","kind":"interchangeName","name":"Węzeł Kraków Blacharska"},"geometry":{"type":"Point","coordinates":[19.998916,50.002201]}},{"type":"Feature","properties":{"variant":"C","kind":"interchangeName","name":"Węzeł Podstolice"},"geometry":{"type":"Point","coordinates":[19.986268,49.954797]}},{"type":"Feature","properties":{"variant":"C","kind":"interchangeName","name":"Węzeł Siepraw"},"geometry":{"type":"Point","coordinates":[19.947768,49.907715]}},{"type":"Feature","properties":{"variant":"C","kind":"interchangeName","name":"Węzeł Krzyszkowice"},"geometry":{"type":"Point","coordinates":[19.930032,49.883944]}},{"type":"Feature","properties":{"variant":"C","kind":"interchangeName","name":"Węzeł Myślenice Północ"},"geometry":{"type":"Point","coordinates":[19.929897,49.853927]}},{"type":"Feature","properties":{"variant":"C","kind":"interchangeName","name":"Węzeł Głogoczów"},"geometry":{"type":"Point","coordinates":[19.871977,49.906495]}},{"type":"Feature","properties":{"variant":"C","kind":"extent"},"geometry":{"type":"MultiLineString","coordinates":[[[19.8778,49.9069],[19.877786,49.907493]],[[19.87781,49.9069],[19.877797,49.907494]],[[19.877849,49.9069],[19.877835,49.907495]],[[19.877887,49.9069],[19.877873,49.907497]],[[19.877897,49.9069],[19.877884,49.907498]],[[19.877786,49.907493],[19.877526,49.908796]],[[19.877797,49.907494],[19.877537,49.908794]],[[19.877835,49.907495],[19.877577,49.908787]],[[19.877873,49.907497],[19.877617,49.90878]],[[19.877884,49.907498],[19.877628,49.908778]],[[19.877526,49.908796],[19.878153,49.909297]],[[19.877537,49.908794],[19.878161,49.909292]],[[19.877577,49.908787],[19.87819,49.909277]],[[19.877617,49.90878],[19.87822,49.909261]],[[19.877628,49.908778],[19.878228,49.909257]]]}},{"type":"Feature","properties":{"variant":"C","kind":"extent"},"geometry":{"type":"MultiLineString","coordinates":[[[19.870062,49.906988],[19.869889,49.907344]],[[19.870072,49.90699],[19.869903,49.907338]],[[19.870096,49.906994],[19.869936,49.907323]],[[19.870119,49.906999],[19.869968,49.907309]],[[19.870129,49.907001],[19.869982,49.907303]],[[19.869889,49.907344],[19.871823,49.907413]],[[19.869903,49.907338],[19.871824,49.907406]],[[19.869936,49.907323],[19.871826,49.90739]],[[19.869968,49.907309],[19.871828,49.907375]],[[19.869982,49.907303],[19.871829,49.907368]],[[19.871823,49.907413],[19.874293,49.907583]],[[19.871824,49.907406],[19.874295,49.907576]],[[19.871826,49.90739],[19.874298,49.90756]],[[19.871828,49.907375],[19.874302,49.907545]],[[19.871829,49.907368],[19.874304,49.907538]],[[19.874293,49.907583],[19.875279,49.907712]],[[19.874295,49.907576],[19.87528,49.907705]],[[19.874298,49.90756],[19.875282,49.90769]],[[19.874302,49.907545],[19.875284,49.907674]],[[19.874304,49.907538],[19.875285,49.907667]],[[19.875279,49.907712],[19.87683,49.907701]],[[19.87528,49.907705],[19.876831,49.907694]],[[19.875282,49.90769],[19.876834,49.907678]],[[19.875284,49.907674],[19.876836,49.907663]],[[19.875285,49.907667],[19.876837,49.907656]],[[19.87683,49.907701],[19.877766,49.907827]],[[19.876831,49.907694],[19.877768,49.90782]],[[19.876834,49.907678],[19.877773,49.907805]],[[19.876836,49.907663],[19.877778,49.907789]],[[19.876837,49.907656],[19.877781,49.907783]]]}},{"type":"Feature","properties":{"variant":"C","kind":"extent"},"geometry":{"type":"MultiLineString","coordinates":[[[19.877513,49.908778],[19.877396,49.908852]],[[19.87752,49.908783],[19.877399,49.908859]],[[19.877537,49.908794],[19.877408,49.908876]],[[19.877554,49.908806],[19.877416,49.908892]],[[19.877562,49.90881],[19.877419,49.908899]],[[19.877396,49.908852],[19.87642,49.908758]],[[19.877399,49.908859],[19.876417,49.908765]],[[19.877408,49.908876],[19.87641,49.90878]],[[19.877416,49.908892],[19.876403,49.908795]],[[19.877419,49.908899],[19.8764,49.908802]],[[19.87642,49.908758],[19.87466,49.908244]],[[19.876417,49.908765],[19.874658,49.908251]],[[19.87641,49.90878],[19.874653,49.908267]],[[19.876403,49.908795],[19.874647,49.908283]],[[19.8764,49.908802],[19.874645,49.908289]],[[19.87466,49.908244],[19.873844,49.90824]],[[19.874658,49.908251],[19.873844,49.908247]],[[19.874653,49.908267],[19.873843,49.908263]],[[19.874647,49.908283],[19.873842,49.908279]],[[19.874645,49.908289],[19.873841,49.908285]],[[19.873844,49.90824],[19.871422,49.908115]],[[19.873844,49.908247],[19.871422,49.908122]],[[19.873843,49.908263],[19.87142,49.908138]],[[19.873842,49.908279],[19.871419,49.908154]],[[19.873841,49.908285],[19.871418,49.90816]],[[19.871422,49.908115],[19.870568,49.908096]],[[19.871422,49.908122],[19.870567,49.908102]],[[19.87142,49.908138],[19.870567,49.908118]],[[19.871419,49.908154],[19.870566,49.908134]],[[19.871418,49.90816],[19.870565,49.90814]]]}},{"type":"Feature","properties":{"variant":"C","kind":"extent"},"geometry":{"type":"MultiLineString","coordinates":[[[19.877806,49.908975],[19.878649,49.908665]],[[19.877801,49.908969],[19.878647,49.908658]],[[19.877789,49.908956],[19.878642,49.908642]],[[19.877777,49.908942],[19.878637,49.908626]],[[19.877771,49.908936],[19.878634,49.908619]],[[19.878649,49.908665],[19.880564,49.908814]],[[19.878647,49.908658],[19.880566,49.908807]],[[19.878642,49.908642],[19.880569,49.908791]],[[19.878637,49.908626],[19.880572,49.908776]],[[19.878634,49.908619],[19.880574,49.908769]],[[19.880564,49.908814],[19.885914,49.909332]],[[19.880566,49.908807],[19.885915,49.909325]],[[19.880569,49.908791],[19.885919,49.90931]],[[19.880572,49.908776],[19.885923,49.909294]],[[19.880574,49.908769],[19.885924,49.909288]],[[19.885914,49.909332],[19.888734,49.909619]],[[19.885915,49.909325],[19.888725,49.909612]],[[19.885919,49.90931],[19.888704,49.909594]],[[19.885923,49.909294],[19.888683,49.909575]],[[19.885924,49.909288],[19.888673,49.909568]],[[19.888734,49.909619],[19.888877,49.908826]],[[19.888725,49.909612],[19.888867,49.908825]],[[19.888704,49.909594],[19.888843,49.908823]],[[19.888683,49.909575],[19.888819,49.908821]],[[19.888673,49.909568],[19.888808,49.908821]]]}},{"type":"Feature","properties":{"variant":"C","kind":"extent"},"geometry":{"type":"MultiLineString","coordinates":[[[19.992298,49.994238],[19.99305,49.994359]],[[19.992301,49.994232],[19.99305,49.994352]],[[19.99231,49.994208],[19.99305,49.994327]],[[19.992319,49.994184],[19.993051,49.994301]],[[19.992322,49.994177],[19.993051,49.994294]],[[19.99305,49.994359],[19.995036,49.994062]],[[19.99305,49.994352],[19.995031,49.994056]],[[19.99305,49.994327],[19.995011,49.994034]],[[19.993051,49.994301],[19.994991,49.994011]],[[19.993051,49.994294],[19.994985,49.994005]],[[19.995036,49.994062],[19.995742,49.99357]],[[19.995031,49.994056],[19.995735,49.993566]],[[19.995011,49.994034],[19.995707,49.993549]],[[19.994991,49.994011],[19.995679,49.993532]],[[19.994985,49.994005],[19.995671,49.993527]]]}},{"type":"Feature","properties":{"variant":"C","kind":"extent"},"geometry":{"type":"MultiLineString","coordinates":[[[19.995693,49.99973],[19.995706,49.999077]],[[19.995682,49.99973],[19.995696,49.999079]],[[19.995658,49.999729],[19.995671,49.999082]],[[19.995634,49.999729],[19.995647,49.999086]],[[19.995623,49.999729],[19.995636,49.999087]],[[19.995706,49.999077],[19.99491,49.998016]],[[19.995696,49.999079],[19.994899,49.998017]],[[19.995671,49.999082],[19.994874,49.99802]],[[19.995647,49.999086],[19.994849,49.998022]],[[19.995636,49.999087],[19.994838,49.998024]],[[19.99491,49.998016],[19.995051,49.99718]],[[19.994899,49.998017],[19.995041,49.997181]],[[19.994874,49.99802],[19.995016,49.997183]],[[19.994849,49.998022],[19.994991,49.997185]],[[19.994838,49.998024],[19.99498,49.997186]],[[19.995051,49.99718],[19.994316,49.995895]],[[19.995041,49.997181],[19.994306,49.995896]],[[19.995016,49.997183],[19.994282,49.9959]],[[19.994991,49.997185],[19.994258,49.995904]],[[19.99498,49.997186],[19.994248,49.995906]],[[19.994316,49.995895],[19.994025,49.994635]],[[19.994306,49.995896],[19.994015,49.994636]],[[19.994282,49.9959],[19.993991,49.994639]],[[19.994258,49.995904],[19.993967,49.994642]],[[19.994248,49.995906],[19.993957,49.994643]],[[19.994025,49.994635],[19.99387,49.994204]],[[19.994015,49.994636],[19.99386,49.994206]],[[19.993991,49.994639],[19.993837,49.994209]],[[19.993967,49.994642],[19.993813,49.994213]],[[19.993957,49.994643],[19.993803,49.994214]]]}},{"type":"Feature","properties":{"variant":"C","kind":"extent"},"geometry":{"type":"MultiLineString","coordinates":[[[19.998753,50.000585],[19.997992,49.999997]],[[19.998745,50.000589],[19.997979,49.999998]],[[19.998726,50.000599],[19.997951,50.000001]],[[19.998708,50.000609],[19.997922,50.000003]],[[19.9987,50.000614],[19.99791,50.000004]],[[19.997992,49.999997],[19.9982,49.999705]],[[19.997979,49.999998],[19.998183,49.999711]],[[19.997951,50.000001],[19.998146,49.999727]],[[19.997922,50.000003],[19.998108,49.999742]],[[19.99791,50.000004],[19.998091,49.999749]],[[19.9982,49.999705],[19.996927,49.999699]],[[19.998183,49.999711],[19.996918,49.999706]],[[19.998146,49.999727],[19.996898,49.999722]],[[19.998108,49.999742],[19.996878,49.999737]],[[19.998091,49.999749],[19.996869,49.999744]],[[19.996927,49.999699],[19.99641,49.997929]],[[19.996918,49.999706],[19.9964,49.99793]],[[19.996898,49.999722],[19.996376,49.997932]],[[19.996878,49.999737],[19.996352,49.997935]],[[19.996869,49.999744],[19.996342,49.997936]],[[19.99641,49.997929],[19.996074,49.996407]],[[19.9964,49.99793],[19.996064,49.996408]],[[19.996376,49.997932],[19.99604,49.996412]],[[19.996352,49.997935],[19.996016,49.996415]],[[19.996342,49.997936],[19.996005,49.996416]],[[19.996074,49.996407],[19.995802,49.995748]],[[19.996064,49.996408],[19.995792,49.99575]],[[19.99604,49.996412],[19.995768,49.995754]],[[19.996016,49.996415],[19.995745,49.995758]],[[19.996005,49.996416],[19.995735,49.99576]],[[19.995802,49.995748],[19.995153,49.994353]],[[19.995792,49.99575],[19.995143,49.994355]],[[19.995768,49.995754],[19.995119,49.994359]],[[19.995745,49.995758],[19.995095,49.994363]],[[19.995735,49.99576],[19.995085,49.994365]],[[19.995153,49.994353],[19.995045,49.994029]],[[19.995143,49.994355],[19.995035,49.99403]],[[19.995119,49.994359],[19.995011,49.994034]],[[19.995095,49.994363],[19.994987,49.994037]],[[19.995085,49.994365],[19.994977,49.994038]]]}},{"type":"Feature","properties":{"variant":"C","kind":"extent"},"geometry":{"type":"MultiLineString","coordinates":[[[19.991491,49.982936],[19.993511,49.983116]],[[19.991493,49.982927],[19.993517,49.983107]],[[19.991499,49.9829],[19.993534,49.983082]],[[19.991505,49.982873],[19.993551,49.983056]],[[19.991507,49.982865],[19.993557,49.983047]],[[19.993511,49.983116],[19.993915,49.983324]],[[19.993517,49.983107],[19.993921,49.983315]],[[19.993534,49.983082],[19.993939,49.98329]],[[19.993551,49.983056],[19.993957,49.983264]],[[19.993557,49.983047],[19.993963,49.983256]],[[19.993915,49.983324],[19.994394,49.983379]],[[19.993921,49.983315],[19.994397,49.98337]],[[19.993939,49.98329],[19.994404,49.983344]],[[19.993957,49.983264],[19.994412,49.983317]],[[19.993963,49.983256],[19.994414,49.983308]]]}},{"type":"Feature","properties":{"variant":"C","kind":"extent"},"geometry":{"type":"MultiLineString","coordinates":[[[19.993871,49.994205],[19.993809,49.993985]],[[19.993861,49.994206],[19.993799,49.993985]],[[19.993837,49.994209],[19.993774,49.993986]],[[19.993812,49.994212],[19.993749,49.993986]],[[19.993802,49.994213],[19.993739,49.993986]],[[19.993809,49.993985],[19.993869,49.993736]],[[19.993799,49.993985],[19.993859,49.993736]],[[19.993774,49.993986],[19.993834,49.993736]],[[19.993749,49.993986],[19.993809,49.993736]],[[19.993739,49.993986],[19.993799,49.993736]],[[19.993869,49.993736],[19.993717,49.993157]],[[19.993859,49.993736],[19.993706,49.993158]],[[19.993834,49.993736],[19.993682,49.993159]],[[19.993809,49.993736],[19.993657,49.993161]],[[19.993799,49.993736],[19.993647,49.993162]],[[19.993717,49.993157],[19.993686,49.992647]],[[19.993706,49.993158],[19.993675,49.992649]],[[19.993682,49.993159],[19.993651,49.992653]],[[19.993657,49.993161],[19.993627,49.992657]],[[19.993647,49.993162],[19.993617,49.992658]],[[19.993686,49.992647],[19.993274,49.992104]],[[19.993675,49.992649],[19.993264,49.992106]],[[19.993651,49.992653],[19.993241,49.992111]],[[19.993627,49.992657],[19.993218,49.992117]],[[19.993617,49.992658],[19.993208,49.992119]],[[19.993274,49.992104],[19.993159,49.991791]],[[19.993264,49.992106],[19.993149,49.991792]],[[19.993241,49.992111],[19.993125,49.991794]],[[19.993218,49.992117],[19.9931,49.991797]],[[19.993208,49.992119],[19.99309,49.991798]],[[19.993159,49.991791],[19.993119,49.9911]],[[19.993149,49.991792],[19.993109,49.991101]],[[19.993125,49.991794],[19.993084,49.991103]],[[19.9931,49.991797],[19.99306,49.991105]],[[19.99309,49.991798],[19.99305,49.991106]],[[19.993119,49.9911],[19.992693,49.989866]],[[19.993109,49.991101],[19.992683,49.989869]],[[19.993084,49.991103],[19.99266,49.989873]],[[19.99306,49.991105],[19.992636,49.989878]],[[19.99305,49.991106],[19.992626,49.98988]],[[19.992693,49.989866],[19.992061,49.988893]],[[19.992683,49.989869],[19.992051,49.988895]],[[19.99266,49.989873],[19.992027,49.988898]],[[19.992636,49.989878],[19.992003,49.988902]],[[19.992626,49.98988],[19.991993,49.988904]],[[19.992061,49.988893],[19.991943,49.987967]],[[19.992051,49.988895],[19.991933,49.987968]],[[19.992027,49.988898],[19.991909,49.987969]],[[19.992003,49.988902],[19.991884,49.987971]],[[19.991993,49.988904],[19.991874,49.987972]],[[19.991943,49.987967],[19.991697,49.986817]],[[19.991933,49.987968],[19.991686,49.986816]],[[19.991909,49.987969],[19.991662,49.986816]],[[19.991884,49.987971],[19.991637,49.986815]],[[19.991874,49.987972],[19.991626,49.986815]],[[19.991697,49.986817],[19.991804,49.986485]],[[19.991686,49.986816],[19.991794,49.986484]],[[19.991662,49.986816],[19.99177,49.98648]],[[19.991637,49.986815],[19.991746,49.986477]],[[19.991626,49.986815],[19.991736,49.986475]],[[19.991804,49.986485],[19.992155,49.985531]],[[19.991794,49.986484],[19.992145,49.98553]],[[19.99177,49.98648],[19.99212,49.985528]],[[19.991746,49.986477],[19.992096,49.985526]],[[19.991736,49.986475],[19.992086,49.985525]],[[19.992155,49.985531],[19.992184,49.984651]],[[19.992145,49.98553],[19.992174,49.984651]],[[19.99212,49.985528],[19.992149,49.984652]],[[19.992096,49.985526],[19.992125,49.984653]],[[19.992086,49.985525],[19.992114,49.984653]],[[19.992184,49.984651],[19.992062,49.983834]],[[19.992174,49.984651],[19.992051,49.983834]],[[19.992149,49.984652],[19.992027,49.983834]],[[19.992125,49.984653],[19.992002,49.983835]],[[19.992114,49.984653],[19.991992,49.983835]],[[19.992062,49.983834],[19.992133,49.982955]],[[19.992051,49.983834],[19.992123,49.982954]],[[19.992027,49.983834],[19.992098,49.982954]],[[19.992002,49.983835],[19.992074,49.982953]],[[19.991992,49.983835],[19.992064,49.982952]]]}},{"type":"Feature","properties":{"variant":"C","kind":"extent"},"geometry":{"type":"MultiLineString","coordinates":[[[19.995045,49.994029],[19.994992,49.993871]],[[19.995035,49.99403],[19.994982,49.993873]],[[19.995011,49.994034],[19.994959,49.993878]],[[19.994987,49.994037],[19.994936,49.993882]],[[19.994977,49.994038],[19.994925,49.993885]],[[19.994992,49.993871],[19.994796,49.993563]],[[19.994982,49.993873],[19.994786,49.993565]],[[19.994959,49.993878],[19.994762,49.993569]],[[19.994936,49.993882],[19.994739,49.993574]],[[19.994925,49.993885],[19.994729,49.993576]],[[19.994796,49.993563],[19.994656,49.993096]],[[19.994786,49.993565],[19.994646,49.993097]],[[19.994762,49.993569],[19.994622,49.993101]],[[19.994739,49.993574],[19.994599,49.993105]],[[19.994729,49.993576],[19.994589,49.993106]],[[19.994656,49.993096],[19.994467,49.992686]],[[19.994646,49.993097],[19.994457,49.992689]],[[19.994622,49.993101],[19.994435,49.992695]],[[19.994599,49.993105],[19.994412,49.9927]],[[19.994589,49.993106],[19.994402,49.992703]],[[19.994467,49.992686],[19.994287,49.992451]],[[19.994457,49.992689],[19.994276,49.992453]],[[19.994435,49.992695],[19.994252,49.992456]],[[19.994412,49.9927],[19.994227,49.99246]],[[19.994402,49.992703],[19.994217,49.992461]],[[19.994287,49.992451],[19.994297,49.99166]],[[19.994276,49.992453],[19.994286,49.991661]],[[19.994252,49.992456],[19.994262,49.991662]],[[19.994227,49.99246],[19.994237,49.991664]],[[19.994217,49.992461],[19.994227,49.991664]],[[19.994297,49.99166],[19.994158,49.991212]],[[19.994286,49.991661],[19.994148,49.991214]],[[19.994262,49.991662],[19.994124,49.991219]],[[19.994237,49.991664],[19.994101,49.991223]],[[19.994227,49.991664],[19.994091,49.991225]],[[19.994158,49.991212],[19.993535,49.990227]],[[19.994148,49.991214],[19.993525,49.990229]],[[19.994124,49.991219],[19.993502,49.990234]],[[19.994101,49.991223],[19.993479,49.990239]],[[19.994091,49.991225],[19.993469,49.990241]],[[19.993535,49.990227],[19.993417,49.989911]],[[19.993525,49.990229],[19.993407,49.989912]],[[19.993502,49.990234],[19.993382,49.989913]],[[19.993479,49.990239],[19.993358,49.989915]],[[19.993469,49.990241],[19.993347,49.989916]],[[19.993417,49.989911],[19.993441,49.988803]],[[19.993407,49.989912],[19.993431,49.988803]],[[19.993382,49.989913],[19.993406,49.988804]],[[19.993358,49.989915],[19.993382,49.988804]],[[19.993347,49.989916],[19.993371,49.988805]],[[19.993441,49.988803],[19.993091,49.986683]],[[19.993431,49.988803],[19.993081,49.986683]],[[19.993406,49.988804],[19.993057,49.986686]],[[19.993382,49.988804],[19.993032,49.986688]],[[19.993371,49.988805],[19.993022,49.986689]],[[19.993091,49.986683],[19.992868,49.985811]],[[19.993081,49.986683],[19.992857,49.985811]],[[19.993057,49.986686],[19.992832,49.985811]],[[19.993032,49.986688],[19.992807,49.985811]],[[19.993022,49.986689],[19.992797,49.985811]],[[19.992868,49.985811],[19.993115,49.984846]],[[19.992857,49.985811],[19.993104,49.984845]],[[19.992832,49.985811],[19.99308,49.984844]],[[19.992807,49.985811],[19.993056,49.984843]],[[19.992797,49.985811],[19.993045,49.984842]],[[19.993115,49.984846],[19.993132,49.984165]],[[19.993104,49.984845],[19.993122,49.984165]],[[19.99308,49.984844],[19.993097,49.984162]],[[19.993056,49.984843],[19.993073,49.98416]],[[19.993045,49.984842],[19.993063,49.98416]],[[19.993132,49.984165],[19.993433,49.98338]],[[19.993122,49.984165],[19.993422,49.983378]],[[19.993097,49.984162],[19.993398,49.983375]],[[19.993073,49.98416],[19.993375,49.983371]],[[19.993063,49.98416],[19.993364,49.98337]],[[19.993433,49.98338],[19.993526,49.983082]],[[19.993422,49.983378],[19.993516,49.983081]],[[19.993398,49.983375],[19.993492,49.983078]],[[19.993375,49.983371],[19.993468,49.983075]],[[19.993364,49.98337],[19.993458,49.983073]]]}},{"type":"Feature","properties":{"variant":"C","kind":"extent"},"geometry":{"type":"MultiLineString","coordinates":[[[19.990683,49.973067],[19.991759,49.973205]],[[19.990685,49.973061],[19.991764,49.973199]],[[19.990692,49.973036],[19.991783,49.973176]],[[19.9907,49.973012],[19.991802,49.973153]],[[19.990702,49.973005],[19.991807,49.973147]],[[19.991759,49.973205],[19.992306,49.973567]],[[19.991764,49.973199],[19.99231,49.97356]],[[19.991783,49.973176],[19.992323,49.973534]],[[19.991802,49.973153],[19.992337,49.973508]],[[19.991807,49.973147],[19.992341,49.9735]],[[19.992306,49.973567],[19.994017,49.973403]],[[19.99231,49.97356],[19.99402,49.973396]],[[19.992323,49.973534],[19.994029,49.97337]],[[19.992337,49.973508],[19.994038,49.973344]],[[19.992341,49.9735],[19.994041,49.973337]],[[19.994017,49.973403],[19.99457,49.973644]],[[19.99402,49.973396],[19.994574,49.973637]],[[19.994029,49.97337],[19.994589,49.973614]],[[19.994038,49.973344],[19.994604,49.973591]],[[19.994041,49.973337],[19.994608,49.973584]],[[19.99457,49.973644],[19.995151,49.973717]],[[19.994574,49.973637],[19.995153,49.973711]],[[19.994589,49.973614],[19.99516,49.973687]],[[19.994604,49.973591],[19.995168,49.973662]],[[19.994608,49.973584],[19.99517,49.973656]]]}},{"type":"Feature","properties":{"variant":"C","kind":"extent"},"geometry":{"type":"MultiLineString","coordinates":[[[19.989644,49.966929],[19.990272,49.966822]],[[19.989641,49.966922],[19.99027,49.966815]],[[19.989632,49.966899],[19.990261,49.966791]],[[19.989622,49.966875],[19.990252,49.966767]],[[19.989619,49.966868],[19.99025,49.966761]],[[19.990272,49.966822],[19.991179,49.966694]],[[19.99027,49.966815],[19.991184,49.966687]],[[19.990261,49.966791],[19.991202,49.966659]],[[19.990252,49.966767],[19.991219,49.966631]],[[19.99025,49.966761],[19.991224,49.966623]],[[19.991179,49.966694],[19.991782,49.96729]],[[19.991184,49.966687],[19.991787,49.967284]],[[19.991202,49.966659],[19.991808,49.967259]],[[19.991219,49.966631],[19.991829,49.967234]],[[19.991224,49.966623],[19.991834,49.967227]],[[19.991782,49.96729],[19.992275,49.967285]],[[19.991787,49.967284],[19.992275,49.967279]],[[19.991808,49.967259],[19.992274,49.967254]],[[19.991829,49.967234],[19.992274,49.967229]],[[19.991834,49.967227],[19.992274,49.967223]]]}},{"type":"Feature","properties":{"variant":"C","kind":"extent"},"geometry":{"type":"MultiLineString","coordinates":[[[19.968241,49.941238],[19.968339,49.940626]],[[19.968227,49.941237],[19.968324,49.940628]],[[19.968186,49.941235],[19.968281,49.940636]],[[19.968144,49.941232],[19.968238,49.940643]],[[19.96813,49.941231],[19.968224,49.940646]],[[19.968339,49.940626],[19.965229,49.937816]],[[19.968324,49.940628],[19.965208,49.937813]],[[19.968281,49.940636],[19.965145,49.937802]],[[19.968238,49.940643],[19.965083,49.937792]],[[19.968224,49.940646],[19.965062,49.937789]],[[19.965229,49.937816],[19.966869,49.9373]],[[19.965208,49.937813],[19.966859,49.937293]],[[19.965145,49.937802],[19.966828,49.937273]],[[19.965083,49.937792],[19.966797,49.937253]],[[19.965062,49.937789],[19.966787,49.937246]],[[19.966869,49.9373],[19.967677,49.936289]],[[19.966859,49.937293],[19.967665,49.936284]],[[19.966828,49.937273],[19.967628,49.936272]],[[19.966797,49.937253],[19.96759,49.93626]],[[19.966787,49.937246],[19.967578,49.936256]]]}},{"type":"Feature","properties":{"variant":"C","kind":"extent"},"geometry":{"type":"MultiLineString","coordinates":[[[19.966865,49.937186],[19.967766,49.93845]],[[19.966875,49.937183],[19.967773,49.938444]],[[19.96691,49.937173],[19.967799,49.938422]],[[19.966945,49.937162],[19.967826,49.9384]],[[19.966954,49.937159],[19.967833,49.938394]],[[19.967766,49.93845],[19.968644,49.93856]],[[19.967773,49.938444],[19.968646,49.938553]],[[19.967799,49.938422],[19.968653,49.938529]],[[19.967826,49.9384],[19.968661,49.938505]],[[19.967833,49.938394],[19.968663,49.938498]]]}},{"type":"Feature","properties":{"variant":"C","kind":"extent"},"geometry":{"type":"MultiLineString","coordinates":[[[19.956233,49.923493],[19.956904,49.9231]],[[19.956226,49.923488],[19.956898,49.923094]],[[19.9562,49.92347],[19.956876,49.923074]],[[19.956175,49.923451],[19.956854,49.923053]],[[19.956168,49.923446],[19.956848,49.923047]],[[19.956904,49.9231],[19.957727,49.922829]],[[19.956898,49.923094],[19.957721,49.922824]],[[19.956876,49.923074],[19.957696,49.922804]],[[19.956854,49.923053],[19.957672,49.922784]],[[19.956848,49.923047],[19.957666,49.922779]],[[19.957727,49.922829],[19.958153,49.922502]],[[19.957721,49.922824],[19.958145,49.922497]],[[19.957696,49.922804],[19.958119,49.922479]],[[19.957672,49.922784],[19.958092,49.922461]],[[19.957666,49.922779],[19.958085,49.922456]],[[19.958153,49.922502],[19.958546,49.922311]],[[19.958145,49.922497],[19.95854,49.922306]],[[19.958119,49.922479],[19.958517,49.922286]],[[19.958092,49.922461],[19.958494,49.922266]],[[19.958085,49.922456],[19.958488,49.922261]]]}},{"type":"Feature","properties":{"variant":"C","kind":"extent"},"geometry":{"type":"MultiLineString","coordinates":[[[19.948613,49.914482],[19.949205,49.914021]],[[19.948602,49.914477],[19.949195,49.914014]],[[19.94857,49.914459],[19.949167,49.913995]],[[19.948538,49.914442],[19.949138,49.913975]],[[19.948527,49.914436],[19.949128,49.913968]],[[19.949205,49.914021],[19.950245,49.913536]],[[19.949195,49.914014],[19.950236,49.913529]],[[19.949167,49.913995],[19.950209,49.913508]],[[19.949138,49.913975],[19.950182,49.913488]],[[19.949128,49.913968],[19.950173,49.913481]],[[19.950245,49.913536],[19.95051,49.91337]],[[19.950236,49.913529],[19.950501,49.913362]],[[19.950209,49.913508],[19.950476,49.913341]],[[19.950182,49.913488],[19.95045,49.913319]],[[19.950173,49.913481],[19.950442,49.913312]],[[19.95051,49.91337],[19.95092,49.913213]],[[19.950501,49.913362],[19.950913,49.913205]],[[19.950476,49.913341],[19.950891,49.913182]],[[19.95045,49.913319],[19.95087,49.913159]],[[19.950442,49.913312],[19.950863,49.913151]]]}},{"type":"Feature","properties":{"variant":"C","kind":"extent"},"geometry":{"type":"MultiLineString","coordinates":[[[19.927941,49.901284],[19.928038,49.900675]],[[19.927927,49.901283],[19.928024,49.900675]],[[19.927886,49.90128],[19.927982,49.900677]],[[19.927844,49.901277],[19.92794,49.900678]],[[19.927831,49.901276],[19.927926,49.900679]],[[19.928038,49.900675],[19.927314,49.898429]],[[19.928024,49.900675],[19.927297,49.898421]],[[19.927982,49.900677],[19.927247,49.898397]],[[19.92794,49.900678],[19.927197,49.898374]],[[19.927926,49.900679],[19.92718,49.898366]],[[19.927314,49.898429],[19.93027,49.89823]],[[19.927297,49.898421],[19.930261,49.898222]],[[19.927247,49.898397],[19.930235,49.898196]],[[19.927197,49.898374],[19.930208,49.898171]],[[19.92718,49.898366],[19.930199,49.898162]],[[19.93027,49.89823],[19.930712,49.897697]],[[19.930261,49.898222],[19.9307,49.897693]],[[19.930235,49.898196],[19.930663,49.89768]],[[19.930208,49.898171],[19.930627,49.897667]],[[19.930199,49.898162],[19.930614,49.897663]]]}},{"type":"Feature","properties":{"variant":"C","kind":"extent"},"geometry":{"type":"MultiLineString","coordinates":[[[19.923182,49.883326],[19.924427,49.884075]],[[19.923189,49.883321],[19.924435,49.884071]],[[19.923215,49.883303],[19.924464,49.884055]],[[19.923241,49.883285],[19.924494,49.884039]],[[19.923248,49.88328],[19.924502,49.884034]],[[19.924427,49.884075],[19.925212,49.884857]],[[19.924435,49.884071],[19.925217,49.884849]],[[19.924464,49.884055],[19.925234,49.884821]],[[19.924494,49.884039],[19.925252,49.884792]],[[19.924502,49.884034],[19.925256,49.884785]],[[19.925212,49.884857],[19.92825,49.88436]],[[19.925217,49.884849],[19.928258,49.884352]],[[19.925234,49.884821],[19.928291,49.884321]],[[19.925252,49.884792],[19.928323,49.88429]],[[19.925256,49.884785],[19.928331,49.884282]],[[19.92825,49.88436],[19.928401,49.885082]],[[19.928258,49.884352],[19.928411,49.885078]],[[19.928291,49.884321],[19.928446,49.885063]],[[19.928323,49.88429],[19.928482,49.885047]],[[19.928331,49.884282],[19.928491,49.885043]],[[19.928401,49.885082],[19.92946,49.885471]],[[19.928411,49.885078],[19.929465,49.885465]],[[19.928446,49.885063],[19.929484,49.885444]],[[19.928482,49.885047],[19.929503,49.885422]],[[19.928491,49.885043],[19.929508,49.885416]]]}},{"type":"Feature","properties":{"variant":"C","kind":"extent"},"geometry":{"type":"MultiLineString","coordinates":[[[19.958506,49.926007],[19.957815,49.924852]],[[19.958496,49.926009],[19.957805,49.924854]],[[19.958461,49.926018],[19.95777,49.924863]],[[19.958425,49.926027],[19.957734,49.924872]],[[19.958415,49.92603],[19.957725,49.924875]],[[19.957815,49.924852],[19.956745,49.923165]],[[19.957805,49.924854],[19.956735,49.923168]],[[19.95777,49.924863],[19.9567,49.923177]],[[19.957734,49.924872],[19.956664,49.923186]],[[19.957725,49.924875],[19.956655,49.923189]]]}},{"type":"Feature","properties":{"variant":"C","kind":"extent"},"geometry":{"type":"MultiLineString","coordinates":[[[19.951823,49.91787],[19.952527,49.917608]],[[19.951818,49.917864],[19.952527,49.9176]],[[19.951798,49.917843],[19.952526,49.917572]],[[19.951779,49.917821],[19.952526,49.917543]],[[19.951774,49.917815],[19.952525,49.917536]],[[19.952527,49.917608],[19.952776,49.917693]],[[19.952527,49.9176],[19.952776,49.917685]],[[19.952526,49.917572],[19.952776,49.917657]],[[19.952526,49.917543],[19.952776,49.917629]],[[19.952525,49.917536],[19.952776,49.917622]],[[19.952776,49.917693],[19.955165,49.916889]],[[19.952776,49.917685],[19.95516,49.916883]],[[19.952776,49.917657],[19.955143,49.916861]],[[19.952776,49.917629],[19.955125,49.91684]],[[19.952776,49.917622],[19.95512,49.916834]]]}},{"type":"Feature","properties":{"variant":"C","kind":"extent"},"geometry":{"type":"MultiLineString","coordinates":[[[19.944934,49.911888],[19.944621,49.911534]],[[19.944924,49.911892],[19.944613,49.911538]],[[19.944891,49.911904],[19.944584,49.911556]],[[19.944858,49.911916],[19.944556,49.911574]],[[19.944849,49.911919],[19.944548,49.911578]],[[19.944621,49.911534],[19.943113,49.910918]],[[19.944613,49.911538],[19.943099,49.91092]],[[19.944584,49.911556],[19.943046,49.910928]],[[19.944556,49.911574],[19.942994,49.910936]],[[19.944548,49.911578],[19.942979,49.910938]],[[19.943113,49.910918],[19.943953,49.910046]],[[19.943099,49.91092],[19.943944,49.910043]],[[19.943046,49.910928],[19.943912,49.91003]],[[19.942994,49.910936],[19.943879,49.910017]],[[19.942979,49.910938],[19.94387,49.910013]]]}},{"type":"Feature","properties":{"variant":"C","kind":"extent"},"geometry":{"type":"MultiLineString","coordinates":[[[19.919698,49.87018],[19.920834,49.869956]],[[19.919695,49.870174],[19.920832,49.86995]],[[19.919683,49.87015],[19.920828,49.869924]],[[19.919672,49.870127],[19.920824,49.869899]],[[19.919669,49.87012],[19.920823,49.869893]],[[19.920834,49.869956],[19.922184,49.870034]],[[19.920832,49.86995],[19.92218,49.870027]],[[19.920828,49.869924],[19.922167,49.870001]],[[19.920824,49.869899],[19.922153,49.869976]],[[19.920823,49.869893],[19.922149,49.869969]],[[19.922184,49.870034],[19.922786,49.869664]],[[19.92218,49.870027],[19.922781,49.869658]],[[19.922167,49.870001],[19.922763,49.869635]],[[19.922153,49.869976],[19.922745,49.869612]],[[19.922149,49.869969],[19.92274,49.869605]],[[19.922786,49.869664],[19.92342,49.869594]],[[19.922781,49.869658],[19.923418,49.869587]],[[19.922763,49.869635],[19.923412,49.869563]],[[19.922745,49.869612],[19.923405,49.869538]],[[19.92274,49.869605],[19.923404,49.869532]]]}},{"type":"Feature","properties":{"variant":"C","kind":"extent"},"geometry":{"type":"MultiLineString","coordinates":[[[19.993526,49.983081],[19.993617,49.982609]],[[19.993516,49.98308],[19.993606,49.982608]],[[19.993492,49.983078],[19.993582,49.982607]],[[19.993467,49.983076],[19.993558,49.982605]],[[19.993457,49.983075],[19.993547,49.982604]],[[19.993617,49.982609],[19.993956,49.979593]],[[19.993606,49.982608],[19.993946,49.979593]],[[19.993582,49.982607],[19.993921,49.979592]],[[19.993558,49.982605],[19.993897,49.979591]],[[19.993547,49.982604],[19.993886,49.97959]],[[19.993956,49.979593],[19.993954,49.97961]],[[19.993946,49.979593],[19.993944,49.979604]],[[19.993921,49.979592],[19.993921,49.979592]],[[19.993897,49.979591],[19.993898,49.979579]],[[19.993886,49.97959],[19.993888,49.979573]],[[19.993954,49.97961],[19.998371,49.978965]],[[19.993944,49.979604],[19.998361,49.978959]],[[19.993921,49.979592],[19.998337,49.978947]],[[19.993898,49.979579],[19.998313,49.978934]],[[19.993888,49.979573],[19.998303,49.978928]],[[19.998371,49.978965],[19.998372,49.978947]],[[19.998361,49.978959],[19.998362,49.978947]],[[19.998337,49.978947],[19.998337,49.978947]],[[19.998313,49.978934],[19.998313,49.978946]],[[19.998303,49.978928],[19.998302,49.978946]],[[19.998372,49.978947],[19.998455,49.977401]],[[19.998362,49.978947],[19.998444,49.977401]],[[19.998337,49.978947],[19.99842,49.977401]],[[19.998313,49.978946],[19.998396,49.977401]],[[19.998302,49.978946],[19.998385,49.9774]],[[19.998455,49.977401],[19.99843,49.976539]],[[19.998444,49.977401],[19.998419,49.976539]],[[19.99842,49.977401],[19.998395,49.97654]],[[19.998396,49.977401],[19.99837,49.97654]],[[19.998385,49.9774],[19.99836,49.97654]],[[19.99843,49.976539],[19.998468,49.97467]],[[19.998419,49.976539],[19.998458,49.974675]],[[19.998395,49.97654],[19.998433,49.974686]],[[19.99837,49.97654],[19.998409,49.974698]],[[19.99836,49.97654],[19.998398,49.974702]],[[19.998468,49.97467],[19.995388,49.974004]],[[19.998458,49.974675],[19.995384,49.974011]],[[19.998433,49.974686],[19.995375,49.974025]],[[19.998409,49.974698],[19.995365,49.97404]],[[19.998398,49.974702],[19.995361,49.974046]],[[19.995388,49.974004],[19.995388,49.974004]],[[19.995384,49.974011],[19.995384,49.974011]],[[19.995375,49.974025],[19.995375,49.974025]],[[19.995365,49.97404],[19.995365,49.97404]],[[19.995361,49.974046],[19.995361,49.974046]],[[19.995388,49.974004],[19.993989,49.973702]],[[19.995384,49.974011],[19.99397,49.973705]],[[19.995375,49.974025],[19.993924,49.973712]],[[19.995365,49.97404],[19.993878,49.973718]],[[19.995361,49.974046],[19.993859,49.973721]],[[19.993989,49.973702],[19.994312,49.973499]],[[19.99397,49.973705],[19.994305,49.973494]],[[19.993924,49.973712],[19.994288,49.973483]],[[19.993878,49.973718],[19.994271,49.973472]],[[19.993859,49.973721],[19.994264,49.973467]]]}},{"type":"Feature","properties":{"variant":"C","kind":"extent"},"geometry":{"type":"MultiLineString","coordinates":[[[19.992133,49.982958],[19.992247,49.982559]],[[19.992122,49.982956],[19.992236,49.982557]],[[19.992098,49.982954],[19.992213,49.982554]],[[19.992074,49.982951],[19.992189,49.98255]],[[19.992064,49.98295],[19.992179,49.982548]],[[19.992247,49.982559],[19.992813,49.981356]],[[19.992236,49.982557],[19.992802,49.981355]],[[19.992213,49.982554],[19.992778,49.981352]],[[19.992189,49.98255],[19.992754,49.981349]],[[19.992179,49.982548],[19.992744,49.981348]],[[19.992813,49.981356],[19.992914,49.980336]],[[19.992802,49.981355],[19.992904,49.980336]],[[19.992778,49.981352],[19.992879,49.980337]],[[19.992754,49.981349],[19.992855,49.980338]],[[19.992744,49.981348],[19.992844,49.980338]],[[19.992914,49.980336],[19.992834,49.980015]],[[19.992904,49.980336],[19.992823,49.980015]],[[19.992879,49.980337],[19.992799,49.980015]],[[19.992855,49.980338],[19.992774,49.980015]],[[19.992844,49.980338],[19.992764,49.980015]],[[19.992834,49.980015],[19.992979,49.979342]],[[19.992823,49.980015],[19.992967,49.979347]],[[19.992799,49.980015],[19.99294,49.979358]],[[19.992774,49.980015],[19.992913,49.97937]],[[19.992764,49.980015],[19.992902,49.979375]],[[19.992979,49.979342],[19.989378,49.978698]],[[19.992967,49.979347],[19.989367,49.978703]],[[19.99294,49.979358],[19.989343,49.978715]],[[19.992913,49.97937],[19.989319,49.978727]],[[19.992902,49.979375],[19.989308,49.978732]],[[19.989378,49.978698],[19.989352,49.976745]],[[19.989367,49.978703],[19.989341,49.976745]],[[19.989343,49.978715],[19.989317,49.976744]],[[19.989319,49.978727],[19.989293,49.976744]],[[19.989308,49.978732],[19.989282,49.976744]],[[19.989352,49.976745],[19.989352,49.976745]],[[19.989341,49.976745],[19.989341,49.976745]],[[19.989317,49.976744],[19.989317,49.976744]],[[19.989293,49.976744],[19.989293,49.976744]],[[19.989282,49.976744],[19.989282,49.976744]],[[19.989352,49.976745],[19.989352,49.976744]],[[19.989341,49.976745],[19.989341,49.976744]],[[19.989317,49.976744],[19.989317,49.976744]],[[19.989293,49.976744],[19.989293,49.976745]],[[19.989282,49.976744],[19.989282,49.976745]],[[19.989352,49.976744],[19.989249,49.975435]],[[19.989341,49.976744],[19.989238,49.975436]],[[19.989317,49.976744],[19.989214,49.975437]],[[19.989293,49.976745],[19.98919,49.975438]],[[19.989282,49.976745],[19.989179,49.975438]],[[19.989249,49.975435],[19.989118,49.974312]],[[19.989238,49.975436],[19.989107,49.974307]],[[19.989214,49.975437],[19.989081,49.974297]],[[19.98919,49.975438],[19.989055,49.974286]],[[19.989179,49.975438],[19.989044,49.974282]],[[19.989118,49.974312],[19.992297,49.97353]],[[19.989107,49.974307],[19.992294,49.973523]],[[19.989081,49.974297],[19.992285,49.973509]],[[19.989055,49.974286],[19.992276,49.973494]],[[19.989044,49.974282],[19.992273,49.973488]]]}},{"type":"Feature","properties":{"variant":"C","kind":"extent"},"geometry":{"type":"MultiLineString","coordinates":[[[19.993968,49.973368],[19.993432,49.972738]],[[19.993959,49.973372],[19.993422,49.97274]],[[19.993937,49.973379],[19.993399,49.972746]],[[19.993916,49.973387],[19.993376,49.972751]],[[19.993907,49.97339],[19.993366,49.972754]],[[19.993432,49.972738],[19.99312,49.971821]],[[19.993422,49.97274],[19.993109,49.971822]],[[19.993399,49.972746],[19.993085,49.971824]],[[19.993376,49.972751],[19.993061,49.971826]],[[19.993366,49.972754],[19.99305,49.971827]],[[19.99312,49.971821],[19.993037,49.970717]],[[19.993109,49.971822],[19.993027,49.970718]],[[19.993085,49.971824],[19.993003,49.97072]],[[19.993061,49.971826],[19.992979,49.970723]],[[19.99305,49.971827],[19.992968,49.970724]],[[19.993037,49.970717],[19.992922,49.970431]],[[19.993027,49.970718],[19.992912,49.970433]],[[19.993003,49.97072],[19.992889,49.970439]],[[19.992979,49.970723],[19.992866,49.970444]],[[19.992968,49.970724],[19.992856,49.970447]],[[19.992922,49.970431],[19.992494,49.969872]],[[19.992912,49.970433],[19.992484,49.969875]],[[19.992889,49.970439],[19.992461,49.96988]],[[19.992866,49.970444],[19.992438,49.969885]],[[19.992856,49.970447],[19.992428,49.969888]],[[19.992494,49.969872],[19.991646,49.967641]],[[19.992484,49.969875],[19.991635,49.967642]],[[19.992461,49.96988],[19.991611,49.967644]],[[19.992438,49.969885],[19.991586,49.967645]],[[19.992428,49.969888],[19.991576,49.967646]],[[19.991646,49.967641],[19.99165,49.967455]],[[19.991635,49.967642],[19.991639,49.967453]],[[19.991611,49.967644],[19.991615,49.967448]],[[19.991586,49.967645],[19.991591,49.967443]],[[19.991576,49.967646],[19.99158,49.967441]],[[19.99165,49.967455],[19.991837,49.967271]],[[19.991639,49.967453],[19.991828,49.967267]],[[19.991615,49.967448],[19.991808,49.967259]],[[19.991591,49.967443],[19.991788,49.96725]],[[19.99158,49.967441],[19.991779,49.967246]]]}},{"type":"Feature","properties":{"variant":"C","kind":"extent"},"geometry":{"type":"MultiLineString","coordinates":[[[19.991956,49.973291],[19.992403,49.97301]],[[19.991949,49.973286],[19.992391,49.973008]],[[19.991932,49.973275],[19.992365,49.973003]],[[19.991915,49.973263],[19.992339,49.972997]],[[19.991908,49.973259],[19.992327,49.972995]],[[19.992403,49.97301],[19.992242,49.972456]],[[19.992391,49.973008],[19.992232,49.972456]],[[19.992365,49.973003],[19.992207,49.972457]],[[19.992339,49.972997],[19.992182,49.972458]],[[19.992327,49.972995],[19.992172,49.972458]],[[19.992242,49.972456],[19.992324,49.971721]],[[19.992232,49.972456],[19.992314,49.971722]],[[19.992207,49.972457],[19.992289,49.971726]],[[19.992182,49.972458],[19.992264,49.971729]],[[19.992172,49.972458],[19.992253,49.971731]],[[19.992324,49.971721],[19.991597,49.970824]],[[19.992314,49.971722],[19.991587,49.970826]],[[19.992289,49.971726],[19.991563,49.970831]],[[19.992264,49.971729],[19.99154,49.970837]],[[19.992253,49.971731],[19.99153,49.970839]],[[19.991597,49.970824],[19.990421,49.966924]],[[19.991587,49.970826],[19.99041,49.966925]],[[19.991563,49.970831],[19.990386,49.966929]],[[19.99154,49.970837],[19.990363,49.966932]],[[19.99153,49.970839],[19.990352,49.966933]],[[19.990421,49.966924],[19.99037,49.966776]],[[19.99041,49.966925],[19.99036,49.966777]],[[19.990386,49.966929],[19.990336,49.966781]],[[19.990363,49.966932],[19.990313,49.966784]],[[19.990352,49.966933],[19.990302,49.966785]]]}},{"type":"Feature","properties":{"variant":"C","kind":"extent"},"geometry":{"type":"MultiLineString","coordinates":[[[19.991236,49.966654],[19.99046,49.964538]],[[19.991225,49.966655],[19.990449,49.964539]],[[19.991202,49.966659],[19.990425,49.96454]],[[19.991178,49.966662],[19.9904,49.964542]],[[19.991168,49.966664],[19.99039,49.964543]],[[19.99046,49.964538],[19.990468,49.964145]],[[19.990449,49.964539],[19.990457,49.964147]],[[19.990425,49.96454],[19.990433,49.964151]],[[19.9904,49.964542],[19.990408,49.964155]],[[19.99039,49.964543],[19.990398,49.964157]],[[19.990468,49.964145],[19.989738,49.963313]],[[19.990457,49.964147],[19.989728,49.963315]],[[19.990433,49.964151],[19.989705,49.963321]],[[19.990408,49.964155],[19.989682,49.963327]],[[19.990398,49.964157],[19.989672,49.963329]],[[19.989738,49.963313],[19.989335,49.962136]],[[19.989728,49.963315],[19.989325,49.962137]],[[19.989705,49.963321],[19.989301,49.962141]],[[19.989682,49.963327],[19.989278,49.962144]],[[19.989672,49.963329],[19.989268,49.962146]],[[19.989335,49.962136],[19.98887,49.960884]],[[19.989325,49.962137],[19.98886,49.960886]],[[19.989301,49.962141],[19.988836,49.960889]],[[19.989278,49.962144],[19.988812,49.960893]],[[19.989268,49.962146],[19.988802,49.960895]]]}},{"type":"Feature","properties":{"variant":"C","kind":"extent"},"geometry":{"type":"MultiLineString","coordinates":[[[19.99037,49.966775],[19.990033,49.965957]],[[19.99036,49.966777],[19.990023,49.965959]],[[19.990336,49.966781],[19.989999,49.965963]],[[19.990313,49.966785],[19.989976,49.965967]],[[19.990303,49.966786],[19.989966,49.965969]],[[19.990033,49.965957],[19.989367,49.964556]],[[19.990023,49.965959],[19.989358,49.964559]],[[19.989999,49.965963],[19.989337,49.964567]],[[19.989976,49.965967],[19.989315,49.964576]],[[19.989966,49.965969],[19.989306,49.964579]],[[19.989367,49.964556],[19.988935,49.964269]],[[19.989358,49.964559],[19.988924,49.964271]],[[19.989337,49.964567],[19.9889,49.964278]],[[19.989315,49.964576],[19.988876,49.964285]],[[19.989306,49.964579],[19.988865,49.964287]],[[19.988935,49.964269],[19.988899,49.963272]],[[19.988924,49.964271],[19.988888,49.963274]],[[19.9889,49.964278],[19.988864,49.963279]],[[19.988876,49.964285],[19.98884,49.963284]],[[19.988865,49.964287],[19.988829,49.963286]],[[19.988899,49.963272],[19.987144,49.961565]],[[19.988888,49.963274],[19.987135,49.961569]],[[19.988864,49.963279],[19.987115,49.961577]],[[19.98884,49.963284],[19.987094,49.961586]],[[19.988829,49.963286],[19.987086,49.96159]]]}},{"type":"Feature","properties":{"variant":"C","kind":"extent"},"geometry":{"type":"MultiLineString","coordinates":[[[19.980091,49.956455],[19.981225,49.954736]],[[19.980081,49.956453],[19.981218,49.954731]],[[19.980059,49.956447],[19.9812,49.954717]],[[19.980036,49.95644],[19.981182,49.954704]],[[19.980027,49.956438],[19.981174,49.954699]],[[19.981225,49.954736],[19.9825,49.954515]],[[19.981218,49.954731],[19.982505,49.954507]],[[19.9812,49.954717],[19.982517,49.954489]],[[19.981182,49.954704],[19.982529,49.95447]],[[19.981174,49.954699],[19.982535,49.954463]],[[19.9825,49.954515],[19.984181,49.956525]],[[19.982505,49.954507],[19.984191,49.956521]],[[19.982517,49.954489],[19.984212,49.956514]],[[19.982529,49.95447],[19.984233,49.956507]],[[19.982535,49.954463],[19.984243,49.956503]]]}},{"type":"Feature","properties":{"variant":"C","kind":"extent"},"geometry":{"type":"MultiLineString","coordinates":[[[19.980274,49.955094],[19.980702,49.954456]],[[19.980265,49.955091],[19.980693,49.954452]],[[19.980242,49.955085],[19.980672,49.954443]],[[19.98022,49.955078],[19.980652,49.954434]],[[19.98021,49.955076],[19.980643,49.95443]],[[19.980702,49.954456],[19.981786,49.953743]],[[19.980693,49.954452],[19.981772,49.953743]],[[19.980672,49.954443],[19.98174,49.953742]],[[19.980652,49.954434],[19.981707,49.953741]],[[19.980643,49.95443],[19.981693,49.953741]],[[19.981786,49.953743],[19.979959,49.952321]],[[19.981772,49.953743],[19.979949,49.952325]],[[19.98174,49.953742],[19.979927,49.952332]],[[19.981707,49.953741],[19.979905,49.952339]],[[19.981693,49.953741],[19.979895,49.952343]],[[19.979959,49.952321],[19.979719,49.951755]],[[19.979949,49.952325],[19.979709,49.951757]],[[19.979927,49.952332],[19.979685,49.951761]],[[19.979905,49.952339],[19.979662,49.951766]],[[19.979895,49.952343],[19.979652,49.951767]]]}},{"type":"Feature","properties":{"variant":"C","kind":"extent"},"geometry":{"type":"MultiLineString","coordinates":[[[19.981293,49.951725],[19.982073,49.95281]],[[19.981303,49.951722],[19.982082,49.952806]],[[19.981325,49.951716],[19.982102,49.952797]],[[19.981347,49.951709],[19.982123,49.952788]],[[19.981356,49.951706],[19.982131,49.952784]],[[19.982073,49.95281],[19.982409,49.953033]],[[19.982082,49.952806],[19.982415,49.953027]],[[19.982102,49.952797],[19.982428,49.953013]],[[19.982123,49.952788],[19.98244,49.952999]],[[19.982131,49.952784],[19.982446,49.952993]],[[19.982409,49.953033],[19.983814,49.953272]],[[19.982415,49.953027],[19.983817,49.953266]],[[19.982428,49.953013],[19.983826,49.953251]],[[19.98244,49.952999],[19.983835,49.953236]],[[19.982446,49.952993],[19.983838,49.95323]],[[19.983814,49.953272],[19.984769,49.953583]],[[19.983817,49.953266],[19.984779,49.953579]],[[19.983826,49.953251],[19.984802,49.953569]],[[19.983835,49.953236],[19.984825,49.953559]],[[19.983838,49.95323],[19.984835,49.953554]],[[19.984769,49.953583],[19.984879,49.954319]],[[19.984779,49.953579],[19.98489,49.95432]],[[19.984802,49.953569],[19.984915,49.954321]],[[19.984825,49.953559],[19.984939,49.954323]],[[19.984835,49.953554],[19.98495,49.954323]],[[19.984879,49.954319],[19.984506,49.955171]],[[19.98489,49.95432],[19.984517,49.95517]],[[19.984915,49.954321],[19.984543,49.955169]],[[19.984939,49.954323],[19.984568,49.955168]],[[19.98495,49.954323],[19.98458,49.955167]],[[19.984506,49.955171],[19.986024,49.95737]],[[19.984517,49.95517],[19.986034,49.957368]],[[19.984543,49.955169],[19.986056,49.957361]],[[19.984568,49.955168],[19.986078,49.957355]],[[19.98458,49.955167],[19.986088,49.957352]]]}},{"type":"Feature","properties":{"variant":"C","kind":"extent"},"geometry":{"type":"MultiLineString","coordinates":[[[19.968188,49.941239],[19.968776,49.941245]],[[19.968188,49.941233],[19.968779,49.941238]],[[19.968189,49.941217],[19.968786,49.941222]],[[19.968189,49.941201],[19.968793,49.941207]],[[19.968189,49.941195],[19.968796,49.9412]],[[19.968776,49.941245],[19.969155,49.941398]],[[19.968779,49.941238],[19.969162,49.941393]],[[19.968786,49.941222],[19.969179,49.941381]],[[19.968793,49.941207],[19.969196,49.941369]],[[19.968796,49.9412],[19.969203,49.941364]],[[19.969155,49.941398],[19.969602,49.941784]],[[19.969162,49.941393],[19.969611,49.94178]],[[19.969179,49.941381],[19.969631,49.941772]],[[19.969196,49.941369],[19.969652,49.941764]],[[19.969203,49.941364],[19.969661,49.94176]],[[19.969602,49.941784],[19.970221,49.942621]],[[19.969611,49.94178],[19.97023,49.942618]],[[19.969631,49.941772],[19.970251,49.94261]],[[19.969652,49.941764],[19.970273,49.942602]],[[19.969661,49.94176],[19.970282,49.942599]],[[19.970221,49.942621],[19.970815,49.943169]],[[19.97023,49.942618],[19.970824,49.943165]],[[19.970251,49.94261],[19.970844,49.943156]],[[19.970273,49.942602],[19.970864,49.943147]],[[19.970282,49.942599],[19.970872,49.943143]]]}},{"type":"Feature","properties":{"variant":"C","kind":"extent"},"geometry":{"type":"MultiLineString","coordinates":[[[19.967873,49.938434],[19.967957,49.938878]],[[19.967883,49.938433],[19.967967,49.938875]],[[19.967907,49.938432],[19.967991,49.93887]],[[19.967931,49.93843],[19.968014,49.938865]],[[19.967942,49.938429],[19.968024,49.938862]],[[19.967957,49.938878],[19.969748,49.940723]],[[19.967967,49.938875],[19.969757,49.940719]],[[19.967991,49.93887],[19.969778,49.940712]],[[19.968014,49.938865],[19.9698,49.940704]],[[19.968024,49.938862],[19.969809,49.940701]],[[19.969748,49.940723],[19.970435,49.941645]],[[19.969757,49.940719],[19.970444,49.941641]],[[19.969778,49.940712],[19.970464,49.941632]],[[19.9698,49.940704],[19.970485,49.941623]],[[19.969809,49.940701],[19.970493,49.94162]],[[19.970435,49.941645],[19.970996,49.942057]],[[19.970444,49.941641],[19.971005,49.942053]],[[19.970464,49.941632],[19.971023,49.942043]],[[19.970485,49.941623],[19.971042,49.942033]],[[19.970493,49.94162],[19.971051,49.942029]],[[19.970996,49.942057],[19.97139,49.942397]],[[19.971005,49.942053],[19.971399,49.942393]],[[19.971023,49.942043],[19.971418,49.942383]],[[19.971042,49.942033],[19.971438,49.942374]],[[19.971051,49.942029],[19.971446,49.94237]],[[19.97139,49.942397],[19.971391,49.942398]],[[19.971399,49.942393],[19.971399,49.942393]],[[19.971418,49.942383],[19.971418,49.942383]],[[19.971438,49.942374],[19.971437,49.942373]],[[19.971446,49.94237],[19.971445,49.942369]],[[19.971391,49.942398],[19.971809,49.942696]],[[19.971399,49.942393],[19.971817,49.942691]],[[19.971418,49.942383],[19.971835,49.942681]],[[19.971437,49.942373],[19.971853,49.94267]],[[19.971445,49.942369],[19.971861,49.942666]]]}},{"type":"Feature","properties":{"variant":"C","kind":"extent"},"geometry":{"type":"MultiLineString","coordinates":[[[19.964015,49.935046],[19.964241,49.935436]],[[19.964024,49.935044],[19.964251,49.935435]],[[19.964047,49.935038],[19.964275,49.935431]],[[19.96407,49.935033],[19.964299,49.935428]],[[19.96408,49.93503],[19.964309,49.935427]],[[19.964241,49.935436],[19.964275,49.935828]],[[19.964251,49.935435],[19.964285,49.935826]],[[19.964275,49.935431],[19.964309,49.935822]],[[19.964299,49.935428],[19.964333,49.935817]],[[19.964309,49.935427],[19.964343,49.935815]],[[19.964275,49.935828],[19.965165,49.93676]],[[19.964285,49.935826],[19.965173,49.936757]],[[19.964309,49.935822],[19.965194,49.936749]],[[19.964333,49.935817],[19.965215,49.93674]],[[19.964343,49.935815],[19.965224,49.936737]],[[19.965165,49.93676],[19.965442,49.937052]],[[19.965173,49.936757],[19.965451,49.937049]],[[19.965194,49.936749],[19.965473,49.937042]],[[19.965215,49.93674],[19.965496,49.937036]],[[19.965224,49.936737],[19.965505,49.937033]],[[19.965442,49.937052],[19.965739,49.937612]],[[19.965451,49.937049],[19.965749,49.93761]],[[19.965473,49.937042],[19.965772,49.937605]],[[19.965496,49.937036],[19.965795,49.9376]],[[19.965505,49.937033],[19.965805,49.937598]]]}},{"type":"Feature","properties":{"variant":"C","kind":"extent"},"geometry":{"type":"MultiLineString","coordinates":[[[19.964654,49.936198],[19.965866,49.936041]],[[19.964652,49.936191],[19.965874,49.936034]],[[19.964647,49.936175],[19.96589,49.936015]],[[19.964642,49.93616],[19.965907,49.935997]],[[19.96464,49.936153],[19.965914,49.93599]],[[19.965866,49.936041],[19.965973,49.936258]],[[19.965874,49.936034],[19.965983,49.936257]],[[19.96589,49.936015],[19.966007,49.936254]],[[19.965907,49.935997],[19.966031,49.93625]],[[19.965914,49.93599],[19.966042,49.936249]],[[19.965973,49.936258],[19.966009,49.936511]],[[19.965983,49.936257],[19.966019,49.936509]],[[19.966007,49.936254],[19.966043,49.936504]],[[19.966031,49.93625],[19.966066,49.936499]],[[19.966042,49.936249],[19.966077,49.936496]],[[19.966009,49.936511],[19.966413,49.936936]],[[19.966019,49.936509],[19.966421,49.936931]],[[19.966043,49.936504],[19.96644,49.936921]],[[19.966066,49.936499],[19.966459,49.936911]],[[19.966077,49.936496],[19.966467,49.936906]],[[19.966413,49.936936],[19.966874,49.937203]],[[19.966421,49.936931],[19.966881,49.937198]],[[19.96644,49.936921],[19.966897,49.937186]],[[19.966459,49.936911],[19.966914,49.937174]],[[19.966467,49.936906],[19.966921,49.937169]]]}},{"type":"Feature","properties":{"variant":"C","kind":"extent"},"geometry":{"type":"MultiLineString","coordinates":[[[19.965101,49.934808],[19.964939,49.93462]],[[19.965092,49.934812],[19.964929,49.934621]],[[19.96507,49.934819],[19.964905,49.934626]],[[19.965049,49.934827],[19.964881,49.934631]],[[19.96504,49.93483],[19.964871,49.934633]],[[19.964939,49.93462],[19.964899,49.93424]],[[19.964929,49.934621],[19.964889,49.934243]],[[19.964905,49.934626],[19.964865,49.934248]],[[19.964881,49.934631],[19.964841,49.934254]],[[19.964871,49.934633],[19.964831,49.934256]],[[19.964899,49.93424],[19.96411,49.933544]],[[19.964889,49.934243],[19.9641,49.933547]],[[19.964865,49.934248],[19.964078,49.933554]],[[19.964841,49.934254],[19.964055,49.933561]],[[19.964831,49.934256],[19.964046,49.933564]],[[19.96411,49.933544],[19.963933,49.93314]],[[19.9641,49.933547],[19.963923,49.933143]],[[19.964078,49.933554],[19.963901,49.933148]],[[19.964055,49.933561],[19.963878,49.933154]],[[19.964046,49.933564],[19.963868,49.933157]],[[19.963933,49.93314],[19.963376,49.932453]],[[19.963923,49.933143],[19.963367,49.932455]],[[19.963901,49.933148],[19.963343,49.93246]],[[19.963878,49.933154],[19.96332,49.932466]],[[19.963868,49.933157],[19.96331,49.932468]],[[19.963376,49.932453],[19.962921,49.931122]],[[19.963367,49.932455],[19.96291,49.931124]],[[19.963343,49.93246],[19.962887,49.931127]],[[19.96332,49.932466],[19.962863,49.931131]],[[19.96331,49.932468],[19.962853,49.931132]],[[19.962921,49.931122],[19.962568,49.930152]],[[19.96291,49.931124],[19.962558,49.930156]],[[19.962887,49.931127],[19.962536,49.930163]],[[19.962863,49.931131],[19.962514,49.930171]],[[19.962853,49.931132],[19.962504,49.930175]],[[19.962568,49.930152],[19.961579,49.929496]],[[19.962558,49.930156],[19.96157,49.9295]],[[19.962536,49.930163],[19.961547,49.929507]],[[19.962514,49.930171],[19.961524,49.929514]],[[19.962504,49.930175],[19.961514,49.929518]],[[19.961579,49.929496],[19.961403,49.928792]],[[19.96157,49.9295],[19.961393,49.928794]],[[19.961547,49.929507],[19.961369,49.928798]],[[19.961524,49.929514],[19.961345,49.928802]],[[19.961514,49.929518],[19.961335,49.928803]],[[19.961403,49.928792],[19.96081,49.927706]],[[19.961393,49.928794],[19.9608,49.927709]],[[19.961369,49.928798],[19.960777,49.927714]],[[19.961345,49.928802],[19.960754,49.927719]],[[19.961335,49.928803],[19.960744,49.927721]],[[19.96081,49.927706],[19.960496,49.927111]],[[19.9608,49.927709],[19.960487,49.927114]],[[19.960777,49.927714],[19.960464,49.92712]],[[19.960754,49.927719],[19.960442,49.927127]],[[19.960744,49.927721],[19.960432,49.927129]],[[19.960496,49.927111],[19.959373,49.925772]],[[19.960487,49.927114],[19.959363,49.925774]],[[19.960464,49.92712],[19.959341,49.925781]],[[19.960442,49.927127],[19.959318,49.925787]],[[19.960432,49.927129],[19.959309,49.92579]],[[19.959373,49.925772],[19.958907,49.924942]],[[19.959363,49.925774],[19.958897,49.924945]],[[19.959341,49.925781],[19.958875,49.92495]],[[19.959318,49.925787],[19.958852,49.924956]],[[19.959309,49.92579],[19.958842,49.924958]],[[19.958907,49.924942],[19.958742,49.924667]],[[19.958897,49.924945],[19.958732,49.924668]],[[19.958875,49.92495],[19.958708,49.924671]],[[19.958852,49.924956],[19.958683,49.924674]],[[19.958842,49.924958],[19.958673,49.924675]],[[19.958742,49.924667],[19.958746,49.924335]],[[19.958732,49.924668],[19.958736,49.924335]],[[19.958708,49.924671],[19.958711,49.924335]],[[19.958683,49.924674],[19.958687,49.924335]],[[19.958673,49.924675],[19.958677,49.924335]]]}},{"type":"Feature","properties":{"variant":"C","kind":"extent"},"geometry":{"type":"MultiLineString","coordinates":[[[19.962702,49.933045],[19.963109,49.933572]],[[19.962711,49.933042],[19.963119,49.93357]],[[19.962733,49.933035],[19.963143,49.933565]],[[19.962755,49.933028],[19.963167,49.933561]],[[19.962764,49.933025],[19.963177,49.933559]],[[19.963109,49.933572],[19.9633,49.934591]],[[19.963119,49.93357],[19.963311,49.93459]],[[19.963143,49.933565],[19.963335,49.934588]],[[19.963167,49.933561],[19.963359,49.934586]],[[19.963177,49.933559],[19.96337,49.934585]]]}},{"type":"Feature","properties":{"variant":"C","kind":"extent"},"geometry":{"type":"MultiLineString","coordinates":[[[19.962768,49.933035],[19.962745,49.932661]],[[19.962757,49.933035],[19.962734,49.932662]],[[19.962733,49.933035],[19.96271,49.932665]],[[19.962708,49.933036],[19.962686,49.932667]],[[19.962698,49.933036],[19.962676,49.932668]],[[19.962745,49.932661],[19.962588,49.932271]],[[19.962734,49.932662],[19.962579,49.932274]],[[19.96271,49.932665],[19.962556,49.93228]],[[19.962686,49.932667],[19.962533,49.932286]],[[19.962676,49.932668],[19.962524,49.932289]],[[19.962588,49.932271],[19.961674,49.931306]],[[19.962579,49.932274],[19.961665,49.931309]],[[19.962556,49.93228],[19.961643,49.931316]],[[19.962533,49.932286],[19.961621,49.931323]],[[19.962524,49.932289],[19.961612,49.931326]],[[19.961674,49.931306],[19.961225,49.93058]],[[19.961665,49.931309],[19.961214,49.930582]],[[19.961643,49.931316],[19.961191,49.930586]],[[19.961621,49.931323],[19.961167,49.93059]],[[19.961612,49.931326],[19.961157,49.930592]],[[19.961225,49.93058],[19.961037,49.92982]],[[19.961214,49.930582],[19.961027,49.929823]],[[19.961191,49.930586],[19.961004,49.929829]],[[19.961167,49.93059],[19.960981,49.929836]],[[19.961157,49.930592],[19.960971,49.929839]],[[19.961037,49.92982],[19.960166,49.929106]],[[19.961027,49.929823],[19.960157,49.929109]],[[19.961004,49.929829],[19.960135,49.929117]],[[19.960981,49.929836],[19.960113,49.929125]],[[19.960971,49.929839],[19.960104,49.929128]],[[19.960166,49.929106],[19.95989,49.928572]],[[19.960157,49.929109],[19.959881,49.928575]],[[19.960135,49.929117],[19.959858,49.928581]],[[19.960113,49.929125],[19.959835,49.928587]],[[19.960104,49.929128],[19.959826,49.928589]],[[19.95989,49.928572],[19.959519,49.928067]],[[19.959881,49.928575],[19.95951,49.92807]],[[19.959858,49.928581],[19.959487,49.928076]],[[19.959835,49.928587],[19.959465,49.928082]],[[19.959826,49.928589],[19.959456,49.928085]],[[19.959519,49.928067],[19.959032,49.927325]],[[19.95951,49.92807],[19.959021,49.927327]],[[19.959487,49.928076],[19.958997,49.92733]],[[19.959465,49.928082],[19.958973,49.927334]],[[19.959456,49.928085],[19.958963,49.927336]],[[19.959032,49.927325],[19.958956,49.92652]],[[19.959021,49.927327],[19.958946,49.926522]],[[19.958997,49.92733],[19.958922,49.926527]],[[19.958973,49.927334],[19.958898,49.926531]],[[19.958963,49.927336],[19.958887,49.926533]],[[19.958956,49.92652],[19.958754,49.926272]],[[19.958946,49.926522],[19.958745,49.926275]],[[19.958922,49.926527],[19.958724,49.926283]],[[19.958898,49.926531],[19.958703,49.926291]],[[19.958887,49.926533],[19.958694,49.926295]],[[19.958754,49.926272],[19.95849,49.926006]],[[19.958745,49.926275],[19.958481,49.92601]],[[19.958724,49.926283],[19.958461,49.926018]],[[19.958703,49.926291],[19.95844,49.926027]],[[19.958694,49.926295],[19.958431,49.92603]]]}},{"type":"Feature","properties":{"variant":"C","kind":"extent"},"geometry":{"type":"MultiLineString","coordinates":[[[19.955765,49.921432],[19.95586,49.921644]],[[19.955775,49.921431],[19.955869,49.921641]],[[19.955798,49.921426],[19.955891,49.921634]],[[19.955822,49.921422],[19.955914,49.921627]],[[19.955832,49.92142],[19.955923,49.921624]],[[19.95586,49.921644],[19.956267,49.922017]],[[19.955869,49.921641],[19.956277,49.922015]],[[19.955891,49.921634],[19.9563,49.922009]],[[19.955914,49.921627],[19.956323,49.922003]],[[19.955923,49.921624],[19.956333,49.922]],[[19.956267,49.922017],[19.956409,49.922602]],[[19.956277,49.922015],[19.956419,49.9226]],[[19.9563,49.922009],[19.956442,49.922595]],[[19.956323,49.922003],[19.956466,49.92259]],[[19.956333,49.922],[19.956476,49.922588]],[[19.956409,49.922602],[19.956786,49.923117]],[[19.956419,49.9226],[19.956796,49.923115]],[[19.956442,49.922595],[19.956818,49.923108]],[[19.956466,49.92259],[19.95684,49.923101]],[[19.956476,49.922588],[19.956849,49.923098]]]}},{"type":"Feature","properties":{"variant":"C","kind":"extent"},"geometry":{"type":"MultiLineString","coordinates":[[[19.95583,49.921417],[19.955548,49.921008]],[[19.95582,49.92142],[19.955538,49.92101]],[[19.955798,49.921426],[19.955515,49.921015]],[[19.955776,49.921433],[19.955492,49.92102]],[[19.955766,49.921435],[19.955482,49.921023]],[[19.955548,49.921008],[19.955222,49.920217]],[[19.955538,49.92101],[19.955212,49.92022]],[[19.955515,49.921015],[19.95519,49.920227]],[[19.955492,49.92102],[19.955168,49.920234]],[[19.955482,49.921023],[19.955158,49.920237]],[[19.955222,49.920217],[19.954958,49.920003]],[[19.955212,49.92022],[19.954948,49.920006]],[[19.95519,49.920227],[19.954926,49.920013]],[[19.955168,49.920234],[19.954905,49.920021]],[[19.955158,49.920237],[19.954895,49.920024]],[[19.954958,49.920003],[19.954754,49.919584]],[[19.954948,49.920006],[19.954745,49.919587]],[[19.954926,49.920013],[19.954722,49.919594]],[[19.954905,49.920021],[19.9547,49.919601]],[[19.954895,49.920024],[19.954691,49.919604]],[[19.954754,49.919584],[19.954223,49.919087]],[[19.954745,49.919587],[19.954214,49.91909]],[[19.954722,49.919594],[19.954193,49.919098]],[[19.9547,49.919601],[19.954172,49.919106]],[[19.954691,49.919604],[19.954163,49.91911]],[[19.954223,49.919087],[19.953236,49.917839]],[[19.954214,49.91909],[19.953227,49.917842]],[[19.954193,49.919098],[19.953206,49.91785]],[[19.954172,49.919106],[19.953185,49.917858]],[[19.954163,49.91911],[19.953176,49.917862]],[[19.953236,49.917839],[19.95297,49.917588]],[[19.953227,49.917842],[19.952961,49.917592]],[[19.953206,49.91785],[19.952941,49.917601]],[[19.953185,49.917858],[19.952921,49.91761]],[[19.953176,49.917862],[19.952913,49.917614]]]}},{"type":"Feature","properties":{"variant":"C","kind":"extent"},"geometry":{"type":"MultiLineString","coordinates":[[[19.957795,49.922745],[19.957322,49.921928]],[[19.957785,49.922748],[19.957313,49.921931]],[[19.957762,49.922753],[19.957291,49.921937]],[[19.957739,49.922759],[19.957268,49.921944]],[[19.95773,49.922761],[19.957259,49.921947]],[[19.957322,49.921928],[19.956778,49.921316]],[[19.957313,49.921931],[19.956768,49.921319]],[[19.957291,49.921937],[19.956746,49.921325]],[[19.957268,49.921944],[19.956724,49.921332]],[[19.957259,49.921947],[19.956714,49.921335]],[[19.956778,49.921316],[19.956476,49.920756]],[[19.956768,49.921319],[19.956466,49.920759]],[[19.956746,49.921325],[19.956444,49.920765]],[[19.956724,49.921332],[19.956421,49.920771]],[[19.956714,49.921335],[19.956411,49.920774]],[[19.956476,49.920756],[19.955919,49.920049]],[[19.956466,49.920759],[19.955909,49.92005]],[[19.956444,49.920765],[19.955885,49.920055]],[[19.956421,49.920771],[19.955861,49.920059]],[[19.956411,49.920774],[19.955851,49.920061]],[[19.955919,49.920049],[19.955872,49.919682]],[[19.955909,49.92005],[19.955862,49.919685]],[[19.955885,49.920055],[19.955838,49.919691]],[[19.955861,49.920059],[19.955814,49.919697]],[[19.955851,49.920061],[19.955804,49.919699]],[[19.955872,49.919682],[19.955533,49.919404]],[[19.955862,49.919685],[19.955524,49.919407]],[[19.955838,49.919691],[19.955502,49.919414]],[[19.955814,49.919697],[19.95548,49.919422]],[[19.955804,49.919699],[19.955471,49.919425]],[[19.955533,49.919404],[19.955369,49.919071]],[[19.955524,49.919407],[19.955359,49.919073]],[[19.955502,49.919414],[19.955336,49.919078]],[[19.95548,49.919422],[19.955313,49.919083]],[[19.955471,49.919425],[19.955303,49.919085]],[[19.955369,49.919071],[19.955105,49.918567]],[[19.955359,49.919073],[19.955095,49.91857]],[[19.955336,49.919078],[19.955072,49.918576]],[[19.955313,49.919083],[19.95505,49.918582]],[[19.955303,49.919085],[19.95504,49.918585]],[[19.955105,49.918567],[19.954688,49.91804]],[[19.955095,49.91857],[19.954678,49.918043]],[[19.955072,49.918576],[19.954656,49.91805]],[[19.95505,49.918582],[19.954634,49.918056]],[[19.95504,49.918585],[19.954625,49.918059]],[[19.954688,49.91804],[19.954116,49.917208]],[[19.954678,49.918043],[19.954106,49.917211]],[[19.954656,49.91805],[19.954084,49.917217]],[[19.954634,49.918056],[19.954062,49.917224]],[[19.954625,49.918059],[19.954052,49.917227]]]}},{"type":"Feature","properties":{"variant":"C","kind":"extent"},"geometry":{"type":"MultiLineString","coordinates":[[[19.952973,49.917593],[19.952799,49.917322]],[[19.952964,49.917595],[19.952789,49.917324]],[[19.952941,49.917601],[19.952766,49.91733]],[[19.952919,49.917607],[19.952743,49.917335]],[[19.952909,49.91761],[19.952733,49.917337]],[[19.952799,49.917322],[19.952511,49.916657]],[[19.952789,49.917324],[19.952501,49.91666]],[[19.952766,49.91733],[19.952479,49.916666]],[[19.952743,49.917335],[19.952456,49.916673]],[[19.952733,49.917337],[19.952446,49.916675]],[[19.952511,49.916657],[19.951793,49.9159]],[[19.952501,49.91666],[19.951785,49.915905]],[[19.952479,49.916666],[19.951766,49.915914]],[[19.952456,49.916673],[19.951746,49.915924]],[[19.952446,49.916675],[19.951738,49.915928]],[[19.951793,49.9159],[19.950641,49.915163]],[[19.951785,49.915905],[19.950632,49.915167]],[[19.951766,49.915914],[19.950613,49.915177]],[[19.951746,49.915924],[19.950593,49.915186]],[[19.951738,49.915928],[19.950584,49.915191]],[[19.950641,49.915163],[19.95001,49.91441]],[[19.950632,49.915167],[19.950002,49.914415]],[[19.950613,49.915177],[19.949983,49.914426]],[[19.950593,49.915186],[19.949965,49.914437]],[[19.950584,49.915191],[19.949957,49.914442]],[[19.95001,49.91441],[19.949122,49.914039]],[[19.950002,49.914415],[19.949116,49.914045]],[[19.949983,49.914426],[19.949103,49.914058]],[[19.949965,49.914437],[19.94909,49.914072]],[[19.949957,49.914442],[19.949084,49.914077]]]}},{"type":"Feature","properties":{"variant":"C","kind":"extent"},"geometry":{"type":"MultiLineString","coordinates":[[[19.954115,49.917208],[19.953933,49.916966]],[[19.954106,49.917211],[19.953924,49.91697]],[[19.954084,49.917217],[19.953903,49.916978]],[[19.954062,49.917224],[19.953883,49.916987]],[[19.954053,49.917227],[19.953874,49.916991]],[[19.953933,49.916966],[19.953267,49.916458]],[[19.953924,49.91697],[19.953258,49.916462]],[[19.953903,49.916978],[19.953238,49.916471]],[[19.953883,49.916987],[19.953218,49.91648]],[[19.953874,49.916991],[19.953209,49.916483]],[[19.953267,49.916458],[19.953018,49.916168]],[[19.953258,49.916462],[19.953009,49.916172]],[[19.953238,49.916471],[19.952989,49.91618]],[[19.953218,49.91648],[19.952968,49.916188]],[[19.953209,49.916483],[19.952959,49.916192]],[[19.953018,49.916168],[19.952293,49.915514]],[[19.953009,49.916172],[19.952284,49.915517]],[[19.952989,49.91618],[19.952262,49.915525]],[[19.952968,49.916188],[19.952241,49.915532]],[[19.952959,49.916192],[19.952232,49.915535]],[[19.952293,49.915514],[19.951904,49.914873]],[[19.952284,49.915517],[19.951896,49.914877]],[[19.952262,49.915525],[19.951875,49.914887]],[[19.952241,49.915532],[19.951855,49.914896]],[[19.952232,49.915535],[19.951846,49.9149]],[[19.951904,49.914873],[19.950574,49.914137]],[[19.951896,49.914877],[19.950566,49.914141]],[[19.951875,49.914887],[19.950546,49.914151]],[[19.951855,49.914896],[19.950527,49.914161]],[[19.951846,49.9149],[19.950518,49.914165]],[[19.950574,49.914137],[19.950282,49.913752]],[[19.950566,49.914141],[19.950273,49.913755]],[[19.950546,49.914151],[19.950252,49.913763]],[[19.950527,49.914161],[19.950231,49.913772]],[[19.950518,49.914165],[19.950222,49.913775]],[[19.950282,49.913752],[19.950078,49.913569]],[[19.950273,49.913755],[19.95007,49.913573]],[[19.950252,49.913763],[19.95005,49.913583]],[[19.950231,49.913772],[19.95003,49.913592]],[[19.950222,49.913775],[19.950022,49.913596]]]}},{"type":"Feature","properties":{"variant":"C","kind":"extent"},"geometry":{"type":"MultiLineString","coordinates":[[[19.949121,49.914039],[19.948707,49.913884]],[[19.949115,49.914045],[19.948698,49.913888]],[[19.949103,49.914058],[19.948678,49.913899]],[[19.949091,49.914072],[19.948658,49.91391]],[[19.949086,49.914078],[19.94865,49.913914]],[[19.948707,49.913884],[19.948506,49.913511]],[[19.948698,49.913888],[19.948496,49.913515]],[[19.948678,49.913899],[19.948475,49.913524]],[[19.948658,49.91391],[19.948454,49.913532]],[[19.94865,49.913914],[19.948445,49.913536]],[[19.948506,49.913511],[19.947535,49.912897]],[[19.948496,49.913515],[19.947528,49.912902]],[[19.948475,49.913524],[19.947513,49.912915]],[[19.948454,49.913532],[19.947498,49.912927]],[[19.948445,49.913536],[19.947492,49.912933]],[[19.947535,49.912897],[19.94642,49.912481]],[[19.947528,49.912902],[19.946413,49.912487]],[[19.947513,49.912915],[19.946398,49.912499]],[[19.947498,49.912927],[19.946383,49.912511]],[[19.947492,49.912933],[19.946376,49.912517]],[[19.94642,49.912481],[19.945895,49.912109]],[[19.946413,49.912487],[19.945888,49.912114]],[[19.946398,49.912499],[19.945872,49.912125]],[[19.946383,49.912511],[19.945855,49.912137]],[[19.946376,49.912517],[19.945848,49.912142]],[[19.945895,49.912109],[19.944945,49.911628]],[[19.945888,49.912114],[19.944944,49.911637]],[[19.945872,49.912125],[19.944942,49.911655]],[[19.945855,49.912137],[19.944939,49.911674]],[[19.945848,49.912142],[19.944938,49.911682]],[[19.944945,49.911628],[19.944721,49.91171]],[[19.944944,49.911637],[19.944726,49.911716]],[[19.944942,49.911655],[19.944738,49.91173]],[[19.944939,49.911674],[19.94475,49.911744]],[[19.944938,49.911682],[19.944755,49.911749]]]}},{"type":"Feature","properties":{"variant":"C","kind":"extent"},"geometry":{"type":"MultiLineString","coordinates":[[[19.950076,49.913568],[19.949865,49.913412]],[[19.950068,49.913572],[19.949858,49.913417]],[[19.95005,49.913583],[19.949843,49.91343]],[[19.950031,49.913593],[19.949827,49.913442]],[[19.950024,49.913597],[19.949821,49.913448]],[[19.949865,49.913412],[19.949453,49.91327]],[[19.949858,49.913417],[19.949448,49.913275]],[[19.949843,49.91343],[19.949434,49.913288]],[[19.949827,49.913442],[19.949421,49.913302]],[[19.949821,49.913448],[19.949415,49.913307]],[[19.949453,49.91327],[19.948436,49.912741]],[[19.949448,49.913275],[19.948428,49.912746]],[[19.949434,49.913288],[19.94841,49.912757]],[[19.949421,49.913302],[19.948391,49.912767]],[[19.949415,49.913307],[19.948384,49.912772]],[[19.948436,49.912741],[19.948077,49.912395]],[[19.948428,49.912746],[19.948068,49.912399]],[[19.94841,49.912757],[19.948048,49.912408]],[[19.948391,49.912767],[19.948028,49.912416]],[[19.948384,49.912772],[19.948019,49.91242]],[[19.948077,49.912395],[19.947653,49.911964]],[[19.948068,49.912399],[19.947645,49.911968]],[[19.948048,49.912408],[19.947627,49.911979]],[[19.948028,49.912416],[19.947609,49.91199]],[[19.948019,49.91242],[19.947601,49.911995]],[[19.947653,49.911964],[19.947061,49.91168]],[[19.947645,49.911968],[19.947056,49.911686]],[[19.947627,49.911979],[19.947045,49.9117]],[[19.947609,49.91199],[19.947034,49.911715]],[[19.947601,49.911995],[19.94703,49.911721]],[[19.947061,49.91168],[19.946388,49.911556]],[[19.947056,49.911686],[19.946382,49.911562]],[[19.947045,49.9117],[19.946369,49.911576]],[[19.947034,49.911715],[19.946356,49.91159]],[[19.94703,49.911721],[19.946351,49.911596]],[[19.946388,49.911556],[19.945824,49.911177]],[[19.946382,49.911562],[19.945816,49.911182]],[[19.946369,49.911576],[19.945799,49.911194]],[[19.946356,49.91159],[19.945782,49.911205]],[[19.946351,49.911596],[19.945775,49.91121]],[[19.945824,49.911177],[19.945243,49.910832]],[[19.945816,49.911182],[19.945237,49.910837]],[[19.945799,49.911194],[19.945221,49.910849]],[[19.945782,49.911205],[19.945206,49.910862]],[[19.945775,49.91121],[19.9452,49.910867]],[[19.945243,49.910832],[19.944105,49.91033]],[[19.945237,49.910837],[19.9441,49.910336]],[[19.945221,49.910849],[19.944088,49.91035]],[[19.945206,49.910862],[19.944076,49.910363]],[[19.9452,49.910867],[19.944071,49.910369]],[[19.944105,49.91033],[19.943752,49.910226]],[[19.9441,49.910336],[19.943748,49.910232]],[[19.944088,49.91035],[19.943738,49.910247]],[[19.944076,49.910363],[19.943727,49.910261]],[[19.944071,49.910369],[19.943723,49.910267]]]}},{"type":"Feature","properties":{"variant":"C","kind":"extent"},"geometry":{"type":"MultiLineString","coordinates":[[[19.943757,49.910228],[19.943341,49.910041]],[[19.943751,49.910234],[19.943336,49.910046]],[[19.943738,49.910247],[19.943323,49.91006]],[[19.943724,49.910259],[19.943311,49.910074]],[[19.943718,49.910265],[19.943305,49.910079]],[[19.943341,49.910041],[19.942398,49.90974]],[[19.943336,49.910046],[19.942393,49.909746]],[[19.943323,49.91006],[19.942381,49.90976]],[[19.943311,49.910074],[19.942369,49.909774]],[[19.943305,49.910079],[19.942363,49.90978]],[[19.942398,49.90974],[19.941271,49.909269]],[[19.942393,49.909746],[19.941264,49.909274]],[[19.942381,49.90976],[19.941247,49.909286]],[[19.942369,49.909774],[19.941231,49.909298]],[[19.942363,49.90978],[19.941224,49.909303]],[[19.941271,49.909269],[19.940898,49.908972]],[[19.941264,49.909274],[19.940887,49.908974]],[[19.941247,49.909286],[19.940861,49.908978]],[[19.941231,49.909298],[19.940835,49.908982]],[[19.941224,49.909303],[19.940824,49.908984]],[[19.940898,49.908972],[19.941204,49.907898]],[[19.940887,49.908974],[19.941193,49.9079]],[[19.940861,49.908978],[19.941167,49.907904]],[[19.940835,49.908982],[19.941141,49.907907]],[[19.940824,49.908984],[19.94113,49.907909]],[[19.941204,49.907898],[19.940606,49.907387]],[[19.941193,49.9079],[19.940601,49.907394]],[[19.941167,49.907904],[19.940589,49.90741]],[[19.941141,49.907907],[19.940577,49.907426]],[[19.94113,49.907909],[19.940572,49.907433]],[[19.940606,49.907387],[19.938404,49.907424]],[[19.940601,49.907394],[19.938404,49.90743]],[[19.940589,49.90741],[19.938405,49.907446]],[[19.940577,49.907426],[19.938407,49.907462]],[[19.940572,49.907433],[19.938407,49.907469]],[[19.938404,49.907424],[19.93732,49.907473]],[[19.938404,49.90743],[19.937316,49.90748]],[[19.938405,49.907446],[19.937307,49.907496]],[[19.938407,49.907462],[19.937298,49.907512]],[[19.938407,49.907469],[19.937294,49.907519]],[[19.93732,49.907473],[19.935873,49.906569]],[[19.937316,49.90748],[19.935866,49.906574]],[[19.937307,49.907496],[19.935849,49.906586]],[[19.937298,49.907512],[19.935833,49.906597]],[[19.937294,49.907519],[19.935826,49.906602]],[[19.935873,49.906569],[19.934062,49.905581]],[[19.935866,49.906574],[19.934054,49.905585]],[[19.935849,49.906586],[19.934033,49.905594]],[[19.935833,49.906597],[19.934013,49.905604]],[[19.935826,49.906602],[19.934004,49.905608]],[[19.934062,49.905581],[19.933701,49.904972]],[[19.934054,49.905585],[19.933692,49.904976]],[[19.934033,49.905594],[19.933672,49.904986]],[[19.934013,49.905604],[19.933651,49.904995]],[[19.934004,49.905608],[19.933642,49.904999]],[[19.933701,49.904972],[19.932777,49.904463]],[[19.933692,49.904976],[19.932769,49.904468]],[[19.933672,49.904986],[19.93275,49.904478]],[[19.933651,49.904995],[19.932731,49.904488]],[[19.933642,49.904999],[19.932723,49.904493]],[[19.932777,49.904463],[19.930815,49.902365]],[[19.932769,49.904468],[19.930805,49.902368]],[[19.93275,49.904478],[19.930783,49.902375]],[[19.932731,49.904488],[19.930761,49.902382]],[[19.932723,49.904493],[19.930752,49.902385]],[[19.930815,49.902365],[19.930126,49.901175]],[[19.930805,49.902368],[19.930117,49.901178]],[[19.930783,49.902375],[19.930095,49.901185]],[[19.930761,49.902382],[19.930073,49.901192]],[[19.930752,49.902385],[19.930064,49.901195]],[[19.930126,49.901175],[19.92946,49.900497]],[[19.930117,49.901178],[19.92945,49.900499]],[[19.930095,49.901185],[19.929425,49.900504]],[[19.930073,49.901192],[19.929401,49.900508]],[[19.930064,49.901195],[19.929391,49.90051]],[[19.92946,49.900497],[19.929463,49.899714]],[[19.92945,49.900499],[19.929453,49.899714]],[[19.929425,49.900504],[19.929428,49.899716]],[[19.929401,49.900508],[19.929404,49.899717]],[[19.929391,49.90051],[19.929393,49.899718]],[[19.929463,49.899714],[19.929335,49.899313]],[[19.929453,49.899714],[19.929324,49.899314]],[[19.929428,49.899716],[19.9293,49.899316]],[[19.929404,49.899717],[19.929276,49.899318]],[[19.929393,49.899718],[19.929265,49.899319]],[[19.929335,49.899313],[19.929318,49.898991]],[[19.929324,49.899314],[19.929307,49.898988]],[[19.9293,49.899316],[19.929282,49.898981]],[[19.929276,49.899318],[19.929257,49.898974]],[[19.929265,49.899319],[19.929247,49.898971]],[[19.929318,49.898991],[19.929549,49.898866]],[[19.929307,49.898988],[19.929542,49.898861]],[[19.929282,49.898981],[19.929526,49.898849]],[[19.929257,49.898974],[19.929511,49.898837]],[[19.929247,49.898971],[19.929504,49.898832]]]}},{"type":"Feature","properties":{"variant":"C","kind":"extent"},"geometry":{"type":"MultiLineString","coordinates":[[[19.928951,49.892154],[19.928844,49.891168]],[[19.928941,49.892154],[19.928833,49.891169]],[[19.928917,49.892155],[19.928809,49.89117]],[[19.928892,49.892156],[19.928785,49.891172]],[[19.928882,49.892157],[19.928774,49.891172]],[[19.928844,49.891168],[19.928686,49.890218]],[[19.928833,49.891169],[19.928676,49.890218]],[[19.928809,49.89117],[19.928651,49.890218]],[[19.928785,49.891172],[19.928627,49.890217]],[[19.928774,49.891172],[19.928616,49.890217]],[[19.928686,49.890218],[19.928889,49.889326]],[[19.928676,49.890218],[19.928878,49.889325]],[[19.928651,49.890218],[19.928854,49.889324]],[[19.928627,49.890217],[19.92883,49.889323]],[[19.928616,49.890217],[19.928819,49.889323]],[[19.928889,49.889326],[19.928851,49.888486]],[[19.928878,49.889325],[19.92884,49.888487]],[[19.928854,49.889324],[19.928816,49.888488]],[[19.92883,49.889323],[19.928792,49.88849]],[[19.928819,49.889323],[19.928781,49.88849]],[[19.928851,49.888486],[19.928678,49.88779]],[[19.92884,49.888487],[19.928668,49.887791]],[[19.928816,49.888488],[19.928644,49.887795]],[[19.928792,49.88849],[19.92862,49.887798]],[[19.928781,49.88849],[19.92861,49.887799]],[[19.928678,49.88779],[19.928494,49.88733]],[[19.928668,49.887791],[19.928483,49.88733]],[[19.928644,49.887795],[19.928458,49.88733]],[[19.92862,49.887798],[19.928433,49.88733]],[[19.92861,49.887799],[19.928422,49.88733]],[[19.928494,49.88733],[19.928659,49.886875]],[[19.928483,49.88733],[19.928649,49.886875]],[[19.928458,49.88733],[19.928624,49.886875]],[[19.928433,49.88733],[19.928599,49.886874]],[[19.928422,49.88733],[19.928588,49.886874]],[[19.928659,49.886875],[19.928358,49.885944]],[[19.928649,49.886875],[19.928348,49.885946]],[[19.928624,49.886875],[19.928326,49.885953]],[[19.928599,49.886874],[19.928303,49.885959]],[[19.928588,49.886874],[19.928293,49.885962]],[[19.928358,49.885944],[19.928164,49.885762]],[[19.928348,49.885946],[19.928154,49.885765]],[[19.928326,49.885953],[19.928132,49.885772]],[[19.928303,49.885959],[19.928111,49.88578]],[[19.928293,49.885962],[19.928101,49.885783]],[[19.928164,49.885762],[19.927599,49.884744]],[[19.928154,49.885765],[19.927589,49.884746]],[[19.928132,49.885772],[19.927566,49.884752]],[[19.928111,49.88578],[19.927543,49.884757]],[[19.928101,49.885783],[19.927533,49.884759]],[[19.927599,49.884744],[19.927613,49.88477]],[[19.927589,49.884746],[19.927599,49.884764]],[[19.927566,49.884752],[19.927566,49.884752]],[[19.927543,49.884757],[19.927533,49.884739]],[[19.927533,49.884759],[19.927519,49.884734]],[[19.927613,49.88477],[19.928369,49.884693]],[[19.927599,49.884764],[19.928368,49.884686]],[[19.927566,49.884752],[19.928364,49.884671]],[[19.927533,49.884739],[19.92836,49.884655]],[[19.927519,49.884734],[19.928359,49.884649]]]}},{"type":"Feature","properties":{"variant":"C","kind":"extent"},"geometry":{"type":"MultiLineString","coordinates":[[[19.926841,49.890725],[19.927898,49.890377]],[[19.926836,49.890719],[19.927888,49.890373]],[[19.926825,49.890705],[19.927864,49.890363]],[[19.926814,49.890691],[19.927841,49.890353]],[[19.926809,49.890685],[19.927831,49.890349]],[[19.927898,49.890377],[19.927998,49.889391]],[[19.927888,49.890373],[19.927988,49.889391]],[[19.927864,49.890363],[19.927963,49.889391]],[[19.927841,49.890353],[19.927939,49.889391]],[[19.927831,49.890349],[19.927928,49.889391]],[[19.927998,49.889391],[19.927872,49.888335]],[[19.927988,49.889391],[19.927861,49.888336]],[[19.927963,49.889391],[19.927837,49.888338]],[[19.927939,49.889391],[19.927813,49.888341]],[[19.927928,49.889391],[19.927803,49.888342]],[[19.927872,49.888335],[19.927453,49.887153]],[[19.927861,49.888336],[19.927443,49.887155]],[[19.927837,49.888338],[19.92742,49.88716]],[[19.927813,49.888341],[19.927396,49.887165]],[[19.927803,49.888342],[19.927386,49.887167]],[[19.927453,49.887153],[19.926948,49.886377]],[[19.927443,49.887155],[19.926941,49.886383]],[[19.92742,49.88716],[19.926925,49.886399]],[[19.927396,49.887165],[19.926908,49.886414]],[[19.927386,49.887167],[19.926901,49.886421]],[[19.926948,49.886377],[19.925743,49.886347]],[[19.926941,49.886383],[19.925735,49.886353]],[[19.926925,49.886399],[19.925716,49.886369]],[[19.926908,49.886414],[19.925698,49.886384]],[[19.926901,49.886421],[19.92569,49.886391]],[[19.925743,49.886347],[19.925317,49.885449]],[[19.925735,49.886353],[19.925308,49.885452]],[[19.925716,49.886369],[19.925285,49.885458]],[[19.925698,49.886384],[19.925262,49.885464]],[[19.92569,49.886391],[19.925253,49.885467]],[[19.925317,49.885449],[19.925075,49.885152]],[[19.925308,49.885452],[19.925067,49.885157]],[[19.925285,49.885458],[19.925049,49.885168]],[[19.925262,49.885464],[19.92503,49.885179]],[[19.925253,49.885467],[19.925023,49.885184]],[[19.925075,49.885152],[19.924725,49.885016]],[[19.925067,49.885157],[19.924719,49.885021]],[[19.925049,49.885168],[19.924707,49.885035]],[[19.92503,49.885179],[19.924694,49.885048]],[[19.925023,49.885184],[19.924689,49.885054]]]}},{"type":"Feature","properties":{"variant":"C","kind":"extent"},"geometry":{"type":"MultiLineString","coordinates":[[[19.925061,49.884632],[19.926045,49.88425]],[[19.925055,49.884626],[19.926032,49.884247]],[[19.925043,49.884613],[19.926003,49.88424]],[[19.92503,49.884599],[19.925973,49.884233]],[[19.925025,49.884593],[19.92596,49.88423]],[[19.926045,49.88425],[19.92523,49.882772]],[[19.926032,49.884247],[19.92522,49.882774]],[[19.926003,49.88424],[19.925197,49.882779]],[[19.925973,49.884233],[19.925174,49.882784]],[[19.92596,49.88423],[19.925164,49.882786]],[[19.92523,49.882772],[19.924937,49.882128]],[[19.92522,49.882774],[19.924927,49.88213]],[[19.925197,49.882779],[19.924904,49.882136]],[[19.925174,49.882784],[19.924882,49.882142]],[[19.925164,49.882786],[19.924872,49.882144]],[[19.924937,49.882128],[19.924274,49.881247]],[[19.924927,49.88213],[19.924264,49.88125]],[[19.924904,49.882136],[19.924242,49.881257]],[[19.924882,49.882142],[19.92422,49.881264]],[[19.924872,49.882144],[19.924211,49.881267]],[[19.924274,49.881247],[19.923406,49.880102]],[[19.924264,49.88125],[19.923396,49.880104]],[[19.924242,49.881257],[19.923372,49.880109]],[[19.92422,49.881264],[19.923349,49.880114]],[[19.924211,49.881267],[19.923339,49.880116]],[[19.923406,49.880102],[19.92309,49.879034]],[[19.923396,49.880104],[19.92308,49.879036]],[[19.923372,49.880109],[19.923057,49.879041]],[[19.923349,49.880114],[19.923034,49.879046]],[[19.923339,49.880116],[19.923024,49.879048]],[[19.92309,49.879034],[19.922782,49.878606]],[[19.92308,49.879036],[19.922772,49.878609]],[[19.923057,49.879041],[19.922749,49.878614]],[[19.923034,49.879046],[19.922726,49.87862]],[[19.923024,49.879048],[19.922717,49.878622]],[[19.922782,49.878606],[19.922392,49.877738]],[[19.922772,49.878609],[19.922382,49.87774]],[[19.922749,49.878614],[19.922359,49.877746]],[[19.922726,49.87862],[19.922336,49.877751]],[[19.922717,49.878622],[19.922326,49.877753]],[[19.922392,49.877738],[19.921764,49.876788]],[[19.922382,49.87774],[19.921754,49.87679]],[[19.922359,49.877746],[19.921732,49.876796]],[[19.922336,49.877751],[19.921709,49.876803]],[[19.922326,49.877753],[19.9217,49.876805]],[[19.921764,49.876788],[19.921168,49.87586]],[[19.921754,49.87679],[19.921158,49.875862]],[[19.921732,49.876796],[19.921134,49.875866]],[[19.921709,49.876803],[19.92111,49.87587]],[[19.9217,49.876805],[19.9211,49.875872]],[[19.921168,49.87586],[19.921048,49.875225]],[[19.921158,49.875862],[19.921038,49.875225]],[[19.921134,49.875866],[19.921014,49.875226]],[[19.92111,49.87587],[19.920989,49.875227]],[[19.9211,49.875872],[19.920979,49.875228]],[[19.921048,49.875225],[19.921053,49.874411]],[[19.921038,49.875225],[19.921043,49.874411]],[[19.921014,49.875226],[19.921019,49.87441]],[[19.920989,49.875227],[19.920994,49.874409]],[[19.920979,49.875228],[19.920984,49.874408]],[[19.921053,49.874411],[19.921172,49.873831]],[[19.921043,49.874411],[19.921161,49.873831]],[[19.921019,49.87441],[19.921137,49.87383]],[[19.920994,49.874409],[19.921112,49.873829]],[[19.920984,49.874408],[19.921102,49.873829]],[[19.921172,49.873831],[19.92112,49.8731]],[[19.921161,49.873831],[19.92111,49.873101]],[[19.921137,49.87383],[19.921085,49.873103]],[[19.921112,49.873829],[19.921061,49.873106]],[[19.921102,49.873829],[19.921051,49.873107]],[[19.92112,49.8731],[19.920758,49.872169]],[[19.92111,49.873101],[19.920747,49.87217]],[[19.921085,49.873103],[19.920723,49.872172]],[[19.921061,49.873106],[19.920699,49.872173]],[[19.921051,49.873107],[19.920688,49.872174]],[[19.920758,49.872169],[19.92077,49.87179]],[[19.920747,49.87217],[19.92076,49.87179]],[[19.920723,49.872172],[19.920735,49.871789]],[[19.920699,49.872173],[19.920711,49.871787]],[[19.920688,49.872174],[19.920701,49.871787]],[[19.92077,49.87179],[19.920986,49.870775]],[[19.92076,49.87179],[19.920975,49.870775]],[[19.920735,49.871789],[19.920951,49.870775]],[[19.920711,49.871787],[19.920926,49.870775]],[[19.920701,49.871787],[19.920915,49.870774]],[[19.920986,49.870775],[19.920879,49.870204]],[[19.920975,49.870775],[19.920869,49.870206]],[[19.920951,49.870775],[19.920845,49.870209]],[[19.920926,49.870775],[19.920821,49.870212]],[[19.920915,49.870774],[19.920811,49.870214]],[[19.920879,49.870204],[19.920755,49.869939]],[[19.920869,49.870206],[19.920745,49.869941]],[[19.920845,49.870209],[19.920721,49.869946]],[[19.920821,49.870212],[19.920698,49.86995]],[[19.920811,49.870214],[19.920688,49.869952]]]}},{"type":"Feature","properties":{"variant":"C","kind":"extent"},"geometry":{"type":"MultiLineString","coordinates":[[[19.925858,49.881813],[19.925527,49.881852]],[[19.92586,49.881819],[19.925519,49.88186]],[[19.925865,49.881835],[19.925501,49.881878]],[[19.925869,49.88185],[19.925484,49.881896]],[[19.925871,49.881857],[19.925476,49.881904]],[[19.925527,49.881852],[19.925271,49.881238]],[[19.925519,49.88186],[19.925261,49.88124]],[[19.925501,49.881878],[19.925238,49.881244]],[[19.925484,49.881896],[19.925214,49.881248]],[[19.925476,49.881904],[19.925204,49.88125]],[[19.925271,49.881238],[19.924666,49.879841]],[[19.925261,49.88124],[19.924656,49.879844]],[[19.925238,49.881244],[19.924633,49.879849]],[[19.925214,49.881248],[19.92461,49.879854]],[[19.925204,49.88125],[19.9246,49.879857]],[[19.924666,49.879841],[19.924216,49.879188]],[[19.924656,49.879844],[19.924207,49.879192]],[[19.924633,49.879849],[19.924186,49.8792]],[[19.92461,49.879854],[19.924165,49.879208]],[[19.9246,49.879857],[19.924156,49.879211]],[[19.924216,49.879188],[19.923689,49.878719]],[[19.924207,49.879192],[19.923679,49.878722]],[[19.924186,49.8792],[19.923657,49.878729]],[[19.924165,49.879208],[19.923634,49.878735]],[[19.924156,49.879211],[19.923625,49.878738]],[[19.923689,49.878719],[19.923455,49.878057]],[[19.923679,49.878722],[19.923445,49.878059]],[[19.923657,49.878729],[19.923422,49.878064]],[[19.923634,49.878735],[19.923399,49.878069]],[[19.923625,49.878738],[19.923389,49.878072]],[[19.923455,49.878057],[19.923065,49.877523]],[[19.923445,49.878059],[19.923055,49.877526]],[[19.923422,49.878064],[19.923032,49.877531]],[[19.923399,49.878069],[19.923009,49.877536]],[[19.923389,49.878072],[19.922999,49.877539]],[[19.923065,49.877523],[19.922835,49.876925]],[[19.923055,49.877526],[19.922825,49.876926]],[[19.923032,49.877531],[19.9228,49.876927]],[[19.923009,49.877536],[19.922776,49.876929]],[[19.922999,49.877539],[19.922765,49.876929]],[[19.922835,49.876925],[19.922905,49.876366]],[[19.922825,49.876926],[19.922894,49.876366]],[[19.9228,49.876927],[19.92287,49.876365]],[[19.922776,49.876929],[19.922846,49.876365]],[[19.922765,49.876929],[19.922835,49.876365]],[[19.922905,49.876366],[19.922883,49.875917]],[[19.922894,49.876366],[19.922873,49.875917]],[[19.92287,49.876365],[19.922848,49.875919]],[[19.922846,49.876365],[19.922824,49.87592]],[[19.922835,49.876365],[19.922814,49.875921]],[[19.922883,49.875917],[19.922751,49.875287]],[[19.922873,49.875917],[19.922741,49.875288]],[[19.922848,49.875919],[19.922717,49.875292]],[[19.922824,49.87592],[19.922693,49.875296]],[[19.922814,49.875921],[19.922683,49.875297]],[[19.922751,49.875287],[19.922308,49.874447]],[[19.922741,49.875288],[19.922298,49.874449]],[[19.922717,49.875292],[19.922274,49.874453]],[[19.922693,49.875296],[19.92225,49.874457]],[[19.922683,49.875297],[19.92224,49.874458]],[[19.922308,49.874447],[19.921983,49.873298]],[[19.922298,49.874449],[19.921973,49.873299]],[[19.922274,49.874453],[19.921949,49.873302]],[[19.92225,49.874457],[19.921925,49.873305]],[[19.92224,49.874458],[19.921914,49.873306]],[[19.921983,49.873298],[19.921983,49.873298]],[[19.921973,49.873299],[19.921973,49.873299]],[[19.921949,49.873302],[19.921949,49.873302]],[[19.921925,49.873305],[19.921925,49.873305]],[[19.921914,49.873306],[19.921914,49.873306]],[[19.921983,49.873298],[19.921984,49.873301]],[[19.921973,49.873299],[19.921973,49.873301]],[[19.921949,49.873302],[19.921949,49.873302]],[[19.921925,49.873305],[19.921924,49.873303]],[[19.921914,49.873306],[19.921914,49.873303]],[[19.921984,49.873301],[19.922202,49.871576]],[[19.921973,49.873301],[19.922192,49.871577]],[[19.921949,49.873302],[19.922167,49.871577]],[[19.921924,49.873303],[19.922143,49.871578]],[[19.921914,49.873303],[19.922132,49.871578]],[[19.922202,49.871576],[19.921911,49.870231]],[[19.922192,49.871577],[19.921901,49.870231]],[[19.922167,49.871577],[19.921876,49.87023]],[[19.922143,49.871578],[19.921851,49.870229]],[[19.922132,49.871578],[19.921841,49.870229]],[[19.921911,49.870231],[19.922258,49.869298]],[[19.921901,49.870231],[19.922248,49.869296]],[[19.921876,49.87023],[19.922225,49.869293]],[[19.921851,49.870229],[19.922201,49.869289]],[[19.921841,49.870229],[19.922191,49.869287]]]}},{"type":"Feature","properties":{"variant":"C","kind":"extent"},"geometry":{"type":"MultiLineString","coordinates":[[[19.923508,49.849224],[19.923705,49.849119]],[[19.923501,49.849218],[19.923698,49.849114]],[[19.923486,49.849206],[19.923683,49.849101]],[[19.92347,49.849194],[19.923667,49.849089]],[[19.923464,49.849189],[19.923661,49.849084]],[[19.923705,49.849119],[19.923997,49.848965]],[[19.923698,49.849114],[19.923984,49.848963]],[[19.923683,49.849101],[19.923954,49.848958]],[[19.923667,49.849089],[19.923925,49.848954]],[[19.923661,49.849084],[19.923912,49.848952]],[[19.923997,49.848965],[19.9237,49.848534]],[[19.923984,49.848963],[19.92369,49.848537]],[[19.923954,49.848958],[19.923668,49.848543]],[[19.923925,49.848954],[19.923646,49.84855]],[[19.923912,49.848952],[19.923637,49.848553]],[[19.9237,49.848534],[19.92333,49.848039]],[[19.92369,49.848537],[19.923321,49.848042]],[[19.923668,49.848543],[19.923299,49.848049]],[[19.923646,49.84855],[19.923277,49.848056]],[[19.923637,49.848553],[19.923268,49.848059]],[[19.92333,49.848039],[19.922681,49.847211]],[[19.923321,49.848042],[19.922672,49.847214]],[[19.923299,49.848049],[19.922651,49.847222]],[[19.923277,49.848056],[19.92263,49.84723]],[[19.923268,49.848059],[19.922621,49.847234]],[[19.922681,49.847211],[19.921711,49.846304]],[[19.922672,49.847214],[19.921702,49.846308]],[[19.922651,49.847222],[19.921682,49.846317]],[[19.92263,49.84723],[19.921662,49.846326]],[[19.922621,49.847234],[19.921654,49.84633]],[[19.921711,49.846304],[19.920842,49.845508]],[[19.921702,49.846308],[19.920834,49.845512]],[[19.921682,49.846317],[19.920815,49.845521]],[[19.921662,49.846326],[19.920795,49.845531]],[[19.921654,49.84633],[19.920787,49.845535]],[[19.920842,49.845508],[19.920289,49.845057]],[[19.920834,49.845512],[19.92028,49.845061]],[[19.920815,49.845521],[19.920259,49.845069]],[[19.920795,49.845531],[19.920238,49.845077]],[[19.920787,49.845535],[19.920228,49.845081]],[[19.920289,49.845057],[19.91949,49.843842]],[[19.92028,49.845061],[19.919481,49.843845]],[[19.920259,49.845069],[19.919459,49.843853]],[[19.920238,49.845077],[19.919438,49.843861]],[[19.920228,49.845081],[19.919429,49.843864]],[[19.91949,49.843842],[19.918365,49.842876]],[[19.919481,49.843845],[19.918356,49.84288]],[[19.919459,49.843853],[19.918337,49.84289]],[[19.919438,49.843861],[19.918317,49.842899]],[[19.919429,49.843864],[19.918308,49.842903]],[[19.918365,49.842876],[19.917444,49.84203]],[[19.918356,49.84288],[19.917435,49.842033]],[[19.918337,49.84289],[19.917414,49.842042]],[[19.918317,49.842899],[19.917394,49.84205]],[[19.918308,49.842903],[19.917385,49.842054]],[[19.917444,49.84203],[19.916702,49.841199]],[[19.917435,49.842033],[19.916693,49.841203]],[[19.917414,49.842042],[19.916672,49.84121]],[[19.917394,49.84205],[19.916651,49.841218]],[[19.917385,49.842054],[19.916642,49.841221]],[[19.916702,49.841199],[19.91602,49.840369]],[[19.916693,49.841203],[19.916011,49.840371]],[[19.916672,49.84121],[19.915989,49.840378]],[[19.916651,49.841218],[19.915967,49.840385]],[[19.916642,49.841221],[19.915957,49.840388]],[[19.91602,49.840369],[19.915034,49.838785]],[[19.916011,49.840371],[19.915025,49.838788]],[[19.915989,49.840378],[19.915003,49.838795]],[[19.915967,49.840385],[19.914981,49.838802]],[[19.915957,49.840388],[19.914971,49.838805]],[[19.915034,49.838785],[19.913731,49.837247]],[[19.915025,49.838788],[19.913722,49.83725]],[[19.915003,49.838795],[19.913701,49.837258]],[[19.914981,49.838802],[19.913679,49.837265]],[[19.914971,49.838805],[19.91367,49.837268]],[[19.913731,49.837247],[19.9125,49.835793]],[[19.913722,49.83725],[19.91249,49.835796]],[[19.913701,49.837258],[19.912467,49.835801]],[[19.913679,49.837265],[19.912444,49.835807]],[[19.91367,49.837268],[19.912434,49.835809]],[[19.9125,49.835793],[19.912259,49.835101]],[[19.91249,49.835796],[19.912248,49.835103]],[[19.912467,49.835801],[19.912225,49.835106]],[[19.912444,49.835807],[19.912201,49.83511]],[[19.912434,49.835809],[19.912191,49.835111]],[[19.912259,49.835101],[19.911442,49.833016]],[[19.912248,49.835103],[19.911432,49.833017]],[[19.912225,49.835106],[19.911408,49.833021]],[[19.912201,49.83511],[19.911385,49.833024]],[[19.912191,49.835111],[19.911375,49.833026]],[[19.911442,49.833016],[19.911147,49.832104]],[[19.911432,49.833017],[19.911137,49.832105]],[[19.911408,49.833021],[19.911113,49.832107]],[[19.911385,49.833024],[19.911089,49.832109]],[[19.911375,49.833026],[19.911078,49.83211]],[[19.911147,49.832104],[19.91109,49.831664]],[[19.911137,49.832105],[19.91108,49.831665]],[[19.911113,49.832107],[19.911056,49.831666]],[[19.911089,49.832109],[19.911032,49.831668]],[[19.911078,49.83211],[19.911021,49.831668]]]}},{"type":"Feature","properties":{"variant":"C","kind":"extent"},"geometry":{"type":"MultiLineString","coordinates":[[[19.910503,49.831056],[19.910794,49.830342]],[[19.910493,49.831055],[19.910783,49.830342]],[[19.910469,49.831051],[19.910758,49.830342]],[[19.910446,49.831047],[19.910733,49.830342]],[[19.910436,49.831045],[19.910722,49.830343]],[[19.910794,49.830342],[19.910413,49.82947]],[[19.910783,49.830342],[19.910403,49.829472]],[[19.910758,49.830342],[19.91038,49.829476]],[[19.910733,49.830342],[19.910356,49.82948]],[[19.910722,49.830343],[19.910346,49.829482]]]}},{"type":"Feature","properties":{"variant":"C","kind":"extent"},"geometry":{"type":"MultiLineString","coordinates":[[[19.911952,49.831339],[19.912037,49.831053]],[[19.911942,49.831337],[19.912026,49.831053]],[[19.911918,49.831335],[19.912001,49.831054]],[[19.911894,49.831332],[19.911976,49.831054]],[[19.911884,49.83133],[19.911966,49.831055]],[[19.912037,49.831053],[19.911758,49.830434]],[[19.912026,49.831053],[19.911748,49.830434]],[[19.912001,49.831054],[19.911723,49.830437]],[[19.911976,49.831054],[19.911699,49.830439]],[[19.911966,49.831055],[19.911688,49.83044]],[[19.911758,49.830434],[19.911766,49.830086]],[[19.911748,49.830434],[19.911755,49.830085]],[[19.911723,49.830437],[19.911731,49.830082]],[[19.911699,49.830439],[19.911707,49.830079]],[[19.911688,49.83044],[19.911696,49.830078]],[[19.911766,49.830086],[19.912028,49.829608]],[[19.911755,49.830085],[19.912018,49.829606]],[[19.911731,49.830082],[19.911995,49.829601]],[[19.911707,49.830079],[19.911972,49.829595]],[[19.911696,49.830078],[19.911962,49.829593]]]}},{"type":"Feature","properties":{"variant":"C","kind":"extent"},"geometry":{"type":"MultiLineString","coordinates":[[[19.924993,49.848233],[19.924654,49.848427]],[[19.925,49.848238],[19.92465,49.848437]],[[19.925016,49.84825],[19.924643,49.848463]],[[19.925032,49.848262],[19.924636,49.848488]],[[19.925039,49.848267],[19.924633,49.848498]],[[19.924654,49.848427],[19.924256,49.847926]],[[19.92465,49.848437],[19.924247,49.847929]],[[19.924643,49.848463],[19.924225,49.847936]],[[19.924636,49.848488],[19.924203,49.847943]],[[19.924633,49.848498],[19.924194,49.847945]],[[19.924256,49.847926],[19.923731,49.847159]],[[19.924247,49.847929],[19.923721,49.847162]],[[19.924225,49.847936],[19.923699,49.847167]],[[19.924203,49.847943],[19.923676,49.847173]],[[19.924194,49.847945],[19.923667,49.847176]],[[19.923731,49.847159],[19.923276,49.846358]],[[19.923721,49.847162],[19.923266,49.84636]],[[19.923699,49.847167],[19.923244,49.846366]],[[19.923676,49.847173],[19.923221,49.846372]],[[19.923667,49.847176],[19.923211,49.846374]],[[19.923276,49.846358],[19.922637,49.845381]],[[19.923266,49.84636],[19.922628,49.845384]],[[19.923244,49.846366],[19.922607,49.845392]],[[19.923221,49.846372],[19.922585,49.8454]],[[19.923211,49.846374],[19.922576,49.845403]],[[19.922637,49.845381],[19.922051,49.844877]],[[19.922628,49.845384],[19.922043,49.844881]],[[19.922607,49.845392],[19.922023,49.844891]],[[19.922585,49.8454],[19.922004,49.8449]],[[19.922576,49.845403],[19.921995,49.844904]],[[19.922051,49.844877],[19.921527,49.844413]],[[19.922043,49.844881],[19.92152,49.844418]],[[19.922023,49.844891],[19.921501,49.844428]],[[19.922004,49.8449],[19.921483,49.844439]],[[19.921995,49.844904],[19.921475,49.844443]],[[19.921527,49.844413],[19.921092,49.844144]],[[19.92152,49.844418],[19.921084,49.844148]],[[19.921501,49.844428],[19.921065,49.844158]],[[19.921483,49.844439],[19.921046,49.844168]],[[19.921475,49.844443],[19.921037,49.844172]],[[19.921092,49.844144],[19.92061,49.84362]],[[19.921084,49.844148],[19.920601,49.843624]],[[19.921065,49.844158],[19.92058,49.843632]],[[19.921046,49.844168],[19.920559,49.84364]],[[19.921037,49.844172],[19.92055,49.843643]],[[19.92061,49.84362],[19.9198,49.842753]],[[19.920601,49.843624],[19.919791,49.842756]],[[19.92058,49.843632],[19.919769,49.842764]],[[19.920559,49.84364],[19.919748,49.842772]],[[19.92055,49.843643],[19.919739,49.842775]],[[19.9198,49.842753],[19.919145,49.84195]],[[19.919791,49.842756],[19.919136,49.841954]],[[19.919769,49.842764],[19.919115,49.841962]],[[19.919748,49.842772],[19.919094,49.84197]],[[19.919739,49.842775],[19.919085,49.841973]],[[19.919145,49.84195],[19.918244,49.84106]],[[19.919136,49.841954],[19.918235,49.841063]],[[19.919115,49.841962],[19.918215,49.841072]],[[19.919094,49.84197],[19.918195,49.841081]],[[19.919085,49.841973],[19.918186,49.841085]],[[19.918244,49.84106],[19.917394,49.840271]],[[19.918235,49.841063],[19.917385,49.840275]],[[19.918215,49.841072],[19.917365,49.840284]],[[19.918195,49.841081],[19.917345,49.840293]],[[19.918186,49.841085],[19.917336,49.840297]],[[19.917394,49.840271],[19.916116,49.839047]],[[19.917385,49.840275],[19.916107,49.83905]],[[19.917365,49.840284],[19.916087,49.839059]],[[19.917345,49.840293],[19.916066,49.839068]],[[19.917336,49.840297],[19.916057,49.839071]],[[19.916116,49.839047],[19.915603,49.838512]],[[19.916107,49.83905],[19.915594,49.838516]],[[19.916087,49.839059],[19.915573,49.838524]],[[19.916066,49.839068],[19.915552,49.838532]],[[19.916057,49.839071],[19.915543,49.838535]],[[19.915603,49.838512],[19.914852,49.837697]],[[19.915594,49.838516],[19.914842,49.8377]],[[19.915573,49.838524],[19.914821,49.837707]],[[19.915552,49.838532],[19.914799,49.837714]],[[19.915543,49.838535],[19.91479,49.837717]],[[19.914852,49.837697],[19.914226,49.836744]],[[19.914842,49.8377],[19.914217,49.836746]],[[19.914821,49.837707],[19.914194,49.836752]],[[19.914799,49.837714],[19.914171,49.836757]],[[19.91479,49.837717],[19.914161,49.836759]],[[19.914226,49.836744],[19.913645,49.835564]],[[19.914217,49.836746],[19.913636,49.835567]],[[19.914194,49.836752],[19.913614,49.835575]],[[19.914171,49.836757],[19.913592,49.835582]],[[19.914161,49.836759],[19.913583,49.835585]],[[19.913645,49.835564],[19.913333,49.835297]],[[19.913636,49.835567],[19.913324,49.8353]],[[19.913614,49.835575],[19.913302,49.835307]],[[19.913592,49.835582],[19.91328,49.835315]],[[19.913583,49.835585],[19.913271,49.835318]],[[19.913333,49.835297],[19.91262,49.833844]],[[19.913324,49.8353],[19.91261,49.833845]],[[19.913302,49.835307],[19.912586,49.83385]],[[19.91328,49.835315],[19.912563,49.833854]],[[19.913271,49.835318],[19.912553,49.833856]],[[19.91262,49.833844],[19.912234,49.832885]],[[19.91261,49.833845],[19.912224,49.832886]],[[19.912586,49.83385],[19.9122,49.832889]],[[19.912563,49.833854],[19.912176,49.832892]],[[19.912553,49.833856],[19.912165,49.832893]],[[19.912234,49.832885],[19.912016,49.831739]],[[19.912224,49.832886],[19.912005,49.83174]],[[19.9122,49.832889],[19.911981,49.831742]],[[19.912176,49.832892],[19.911957,49.831744]],[[19.912165,49.832893],[19.911947,49.831744]]]}},{"type":"Feature","properties":{"variant":"C","kind":"extent"},"geometry":{"type":"MultiLineString","coordinates":[[[19.877762,49.907826],[19.878524,49.907993]],[[19.877766,49.90782],[19.878526,49.907986]],[[19.877773,49.907805],[19.878531,49.90797]],[[19.877781,49.90779],[19.878535,49.907955]],[[19.877785,49.907784],[19.878537,49.907948]],[[19.878524,49.907993],[19.880045,49.908047]],[[19.878526,49.907986],[19.880046,49.90804]],[[19.878531,49.90797],[19.880048,49.908024]],[[19.878535,49.907955],[19.88005,49.908008]],[[19.878537,49.907948],[19.880051,49.908002]],[[19.880045,49.908047],[19.885259,49.908437]],[[19.880046,49.90804],[19.88526,49.90843]],[[19.880048,49.908024],[19.885261,49.908414]],[[19.88005,49.908008],[19.885262,49.908398]],[[19.880051,49.908002],[19.885262,49.908392]],[[19.885259,49.908437],[19.886181,49.908423]],[[19.88526,49.90843],[19.886184,49.908416]],[[19.885261,49.908414],[19.886191,49.908401]],[[19.885262,49.908398],[19.886197,49.908385]],[[19.885262,49.908392],[19.8862,49.908378]],[[19.886181,49.908423],[19.886934,49.908716]],[[19.886184,49.908416],[19.886938,49.908709]],[[19.886191,49.908401],[19.886946,49.908694]],[[19.886197,49.908385],[19.886954,49.908679]],[[19.8862,49.908378],[19.886957,49.908672]],[[19.886934,49.908716],[19.888787,49.908842]],[[19.886938,49.908709],[19.888788,49.908835]],[[19.886946,49.908694],[19.888791,49.90882]],[[19.886954,49.908679],[19.888793,49.908804]],[[19.886957,49.908672],[19.888795,49.908797]],[[19.888787,49.908842],[19.891456,49.909026]],[[19.888788,49.908835],[19.891457,49.909019]],[[19.888791,49.90882],[19.89146,49.909003]],[[19.888793,49.908804],[19.891462,49.908988]],[[19.888795,49.908797],[19.891463,49.908981]]]}},{"type":"Feature","properties":{"variant":"C","kind":"extent"},"geometry":{"type":"MultiLineString","coordinates":[[[19.893877,49.909129],[19.893844,49.910077]],[[19.893887,49.90913],[19.893854,49.910068]],[[19.893912,49.90913],[19.893879,49.910049]],[[19.893936,49.90913],[19.893904,49.910029]],[[19.893947,49.90913],[19.893915,49.910021]],[[19.893844,49.910077],[19.895131,49.909902]],[[19.893854,49.910068],[19.895131,49.909895]],[[19.893879,49.910049],[19.895131,49.909879]],[[19.893904,49.910029],[19.895131,49.909863]],[[19.893915,49.910021],[19.895131,49.909856]],[[19.895131,49.909902],[19.89817,49.910332]],[[19.895131,49.909895],[19.898172,49.910325]],[[19.895131,49.909879],[19.898179,49.91031]],[[19.895131,49.909863],[19.898185,49.910295]],[[19.895131,49.909856],[19.898188,49.910288]],[[19.89817,49.910332],[19.899262,49.910552]],[[19.898172,49.910325],[19.899265,49.910546]],[[19.898179,49.91031],[19.89927,49.91053]],[[19.898185,49.910295],[19.899276,49.910515]],[[19.898188,49.910288],[19.899278,49.910509]],[[19.899262,49.910552],[19.899374,49.910564]],[[19.899265,49.910546],[19.899375,49.910557]],[[19.89927,49.91053],[19.899379,49.910542]],[[19.899276,49.910515],[19.899383,49.910526]],[[19.899278,49.910509],[19.899385,49.91052]]]}},{"type":"Feature","properties":{"variant":"C","kind":"extent"},"geometry":{"type":"MultiLineString","coordinates":[[[19.891457,49.909026],[19.89491,49.909204]],[[19.891458,49.909019],[19.894913,49.909197]],[[19.89146,49.909003],[19.894918,49.909182]],[[19.891462,49.908987],[19.894924,49.909166]],[[19.891463,49.908981],[19.894927,49.90916]],[[19.89491,49.909204],[19.895512,49.909371]],[[19.894913,49.909197],[19.895515,49.909364]],[[19.894918,49.909182],[19.895521,49.909349]],[[19.894924,49.909166],[19.895528,49.909334]],[[19.894927,49.90916],[19.895531,49.909327]],[[19.895512,49.909371],[19.89749,49.909526]],[[19.895515,49.909364],[19.89749,49.909519]],[[19.895521,49.909349],[19.897491,49.909503]],[[19.895528,49.909334],[19.897493,49.909487]],[[19.895531,49.909327],[19.897493,49.909481]],[[19.89749,49.909526],[19.899331,49.9095]],[[19.89749,49.909519],[19.899331,49.909494]],[[19.897491,49.909503],[19.899331,49.909478]],[[19.897493,49.909487],[19.89933,49.909462]],[[19.897493,49.909481],[19.89933,49.909455]]]}},{"type":"Feature","properties":{"variant":"C","kind":"extent"},"geometry":{"type":"MultiLineString","coordinates":[[[19.911498,49.91099],[19.910823,49.911444]],[[19.911506,49.910994],[19.910831,49.911448]],[[19.911533,49.911011],[19.910863,49.911462]],[[19.911561,49.911028],[19.910895,49.911476]],[[19.911568,49.911033],[19.910904,49.91148]],[[19.910823,49.911444],[19.910296,49.912184]],[[19.910831,49.911448],[19.910303,49.91219]],[[19.910863,49.911462],[19.91033,49.912212]],[[19.910895,49.911476],[19.910357,49.912234]],[[19.910904,49.91148],[19.910364,49.91224]],[[19.910296,49.912184],[19.909248,49.912312]],[[19.910303,49.91219],[19.909253,49.912318]],[[19.91033,49.912212],[19.909271,49.912341]],[[19.910357,49.912234],[19.909289,49.912364]],[[19.910364,49.91224],[19.909294,49.91237]],[[19.909248,49.912312],[19.908849,49.912549]],[[19.909253,49.912318],[19.908856,49.912554]],[[19.909271,49.912341],[19.908882,49.912573]],[[19.909289,49.912364],[19.908908,49.912591]],[[19.909294,49.91237],[19.908915,49.912596]]]}},{"type":"Feature","properties":{"variant":"C","kind":"extent"},"geometry":{"type":"MultiLineString","coordinates":[[[19.930917,49.91476],[19.930818,49.914378]],[[19.930907,49.914761],[19.930807,49.914377]],[[19.930869,49.914765],[19.930768,49.914374]],[[19.930831,49.914769],[19.930728,49.914371]],[[19.930821,49.91477],[19.930717,49.91437]],[[19.930818,49.914378],[19.931225,49.9138]],[[19.930807,49.914377],[19.931214,49.9138]],[[19.930768,49.914374],[19.931173,49.913798]],[[19.930728,49.914371],[19.931132,49.913795]],[[19.930717,49.91437],[19.931121,49.913795]],[[19.931225,49.9138],[19.930654,49.912452]],[[19.931214,49.9138],[19.930643,49.91245]],[[19.931173,49.913798],[19.9306,49.912442]],[[19.931132,49.913795],[19.930557,49.912435]],[[19.931121,49.913795],[19.930545,49.912433]],[[19.930654,49.912452],[19.931289,49.912053]],[[19.930643,49.91245],[19.931279,49.912051]],[[19.9306,49.912442],[19.931239,49.912041]],[[19.930557,49.912435],[19.931199,49.912032]],[[19.930545,49.912433],[19.931188,49.912029]],[[19.931289,49.912053],[19.931216,49.911596]],[[19.931279,49.912051],[19.931206,49.911597]],[[19.931239,49.912041],[19.931168,49.911599]],[[19.931199,49.912032],[19.93113,49.911602]],[[19.931188,49.912029],[19.931119,49.911602]]]}},{"type":"Feature","properties":{"variant":"C","kind":"extent"},"geometry":{"type":"MultiLineString","coordinates":[[[19.90181,49.909746],[19.904983,49.910096]],[[19.901812,49.90974],[19.904985,49.91009]],[[19.901816,49.909724],[19.904992,49.910074]],[[19.90182,49.909709],[19.904998,49.910059]],[[19.901822,49.909702],[19.905,49.910053]],[[19.904983,49.910096],[19.906522,49.91045]],[[19.904985,49.91009],[19.906525,49.910444]],[[19.904992,49.910074],[19.906532,49.910429]],[[19.904998,49.910059],[19.906539,49.910413]],[[19.905,49.910053],[19.906542,49.910407]],[[19.906522,49.91045],[19.908543,49.910748]],[[19.906525,49.910444],[19.908547,49.910742]],[[19.906532,49.910429],[19.908559,49.910728]],[[19.906539,49.910413],[19.90857,49.910713]],[[19.906542,49.910407],[19.908575,49.910707]],[[19.908543,49.910748],[19.909431,49.91124]],[[19.908547,49.910742],[19.909436,49.911235]],[[19.908559,49.910728],[19.909449,49.911221]],[[19.90857,49.910713],[19.909462,49.911207]],[[19.908575,49.910707],[19.909467,49.911201]],[[19.909431,49.91124],[19.910781,49.911581]],[[19.909436,49.911235],[19.910785,49.911575]],[[19.909449,49.911221],[19.910794,49.91156]],[[19.909462,49.911207],[19.910802,49.911546]],[[19.909467,49.911201],[19.910806,49.911539]]]}},{"type":"Feature","properties":{"variant":"C","kind":"extent"},"geometry":{"type":"MultiLineString","coordinates":[[[19.901875,49.910543],[19.905056,49.910883]],[[19.901877,49.910536],[19.905059,49.910876]],[[19.901881,49.910521],[19.905069,49.910861]],[[19.901885,49.910505],[19.905078,49.910846]],[[19.901886,49.910499],[19.905082,49.91084]],[[19.905056,49.910883],[19.90578,49.911192]],[[19.905059,49.910876],[19.905784,49.911186]],[[19.905069,49.910861],[19.905794,49.911171]],[[19.905078,49.910846],[19.905805,49.911157]],[[19.905082,49.91084],[19.905809,49.91115]],[[19.90578,49.911192],[19.908157,49.911622]],[[19.905784,49.911186],[19.90816,49.911616]],[[19.905794,49.911171],[19.908167,49.911601]],[[19.905805,49.911157],[19.908174,49.911586]],[[19.905809,49.91115],[19.908178,49.911579]],[[19.908157,49.911622],[19.909464,49.911915]],[[19.90816,49.911616],[19.909473,49.91191]],[[19.908167,49.911601],[19.909496,49.911898]],[[19.908174,49.911586],[19.909518,49.911886]],[[19.908178,49.911579],[19.909527,49.911881]],[[19.909464,49.911915],[19.909545,49.912307]],[[19.909473,49.91191],[19.909556,49.912306]],[[19.909496,49.911898],[19.90958,49.912304]],[[19.909518,49.911886],[19.909604,49.912301]],[[19.909527,49.911881],[19.909614,49.912301]]]}},{"type":"Feature","properties":{"variant":"C","kind":"extent"},"geometry":{"type":"MultiLineString","coordinates":[[[19.91078,49.911581],[19.912634,49.912088]],[[19.910784,49.911575],[19.912637,49.912081]],[[19.910794,49.91156],[19.912645,49.912066]],[[19.910803,49.911546],[19.912652,49.912051]],[[19.910807,49.91154],[19.912655,49.912045]],[[19.912634,49.912088],[19.914801,49.912362]],[[19.912637,49.912081],[19.914796,49.912355]],[[19.912645,49.912066],[19.914784,49.912337]],[[19.912652,49.912051],[19.914773,49.91232]],[[19.912655,49.912045],[19.914767,49.912312]],[[19.914801,49.912362],[19.914956,49.9122]],[[19.914796,49.912355],[19.914947,49.912196]],[[19.914784,49.912337],[19.914927,49.912188]],[[19.914773,49.91232],[19.914906,49.91218]],[[19.914767,49.912312],[19.914897,49.912176]]]}},{"type":"Feature","properties":{"variant":"C","kind":"extent"},"geometry":{"type":"MultiLineString","coordinates":[[[19.910356,49.912179],[19.911946,49.912584]],[[19.91036,49.912173],[19.911951,49.912578]],[[19.910368,49.912158],[19.911963,49.912564]],[[19.910377,49.912144],[19.911975,49.91255]],[[19.910381,49.912137],[19.91198,49.912544]],[[19.911946,49.912584],[19.913383,49.913268]],[[19.911951,49.912578],[19.913405,49.91327]],[[19.911963,49.912564],[19.913459,49.913276]],[[19.911975,49.91255],[19.913512,49.913282]],[[19.91198,49.912544],[19.913535,49.913284]],[[19.913383,49.913268],[19.913075,49.913329]],[[19.913405,49.91327],[19.913078,49.913336]],[[19.913459,49.913276],[19.913085,49.913351]],[[19.913512,49.913282],[19.913092,49.913366]],[[19.913535,49.913284],[19.913096,49.913372]]]}},{"type":"Feature","properties":{"variant":"C","kind":"extent"},"geometry":{"type":"MultiLineString","coordinates":[[[19.926382,49.914128],[19.92759,49.913978]],[[19.92638,49.914122],[19.927587,49.913971]],[[19.926372,49.914097],[19.927578,49.913947]],[[19.926365,49.914073],[19.927569,49.913923]],[[19.926363,49.914067],[19.927567,49.913917]],[[19.92759,49.913978],[19.929378,49.913632]],[[19.927587,49.913971],[19.929374,49.913626]],[[19.927578,49.913947],[19.929358,49.913603]],[[19.927569,49.913923],[19.929343,49.913581]],[[19.927567,49.913917],[19.929339,49.913574]],[[19.929378,49.913632],[19.930877,49.913066]],[[19.929374,49.913626],[19.930871,49.91306]],[[19.929358,49.913603],[19.930852,49.913039]],[[19.929343,49.913581],[19.930833,49.913017]],[[19.929339,49.913574],[19.930827,49.913012]]]}},{"type":"Feature","properties":{"variant":"C","kind":"extent"},"geometry":{"type":"MultiLineString","coordinates":[[[19.926368,49.914075],[19.924368,49.914244]],[[19.926369,49.914082],[19.924369,49.91425]],[[19.926372,49.914097],[19.924372,49.914266]],[[19.926375,49.914113],[19.924376,49.914281]],[[19.926377,49.91412],[19.924377,49.914288]]]}},{"type":"Feature","properties":{"variant":"C","kind":"extent"},"geometry":{"type":"MultiLineString","coordinates":[[[19.924515,49.914888],[19.926875,49.914754]],[[19.924514,49.914881],[19.926873,49.914747]],[[19.924512,49.914866],[19.926869,49.914732]],[[19.92451,49.91485],[19.926865,49.914716]],[[19.924509,49.914843],[19.926863,49.91471]],[[19.926875,49.914754],[19.927706,49.914612]],[[19.926873,49.914747],[19.927704,49.914606]],[[19.926869,49.914732],[19.927697,49.914591]],[[19.926865,49.914716],[19.927691,49.914576]],[[19.926863,49.91471],[19.927688,49.914569]],[[19.927706,49.914612],[19.929267,49.914328]],[[19.927704,49.914606],[19.929266,49.914321]],[[19.927697,49.914591],[19.929263,49.914305]],[[19.927691,49.914576],[19.92926,49.914289]],[[19.927688,49.914569],[19.929259,49.914282]],[[19.929267,49.914328],[19.930785,49.91437]],[[19.929266,49.914321],[19.930785,49.914363]],[[19.929263,49.914305],[19.930786,49.914347]],[[19.92926,49.914289],[19.930787,49.914331]],[[19.929259,49.914282],[19.930788,49.914325]]]}},{"type":"Feature","properties":{"variant":"C","kind":"extent"},"geometry":{"type":"MultiLineString","coordinates":[[[19.931192,49.913816],[19.932649,49.913198]],[[19.931186,49.913811],[19.932643,49.913192]],[[19.931173,49.913798],[19.932629,49.913179]],[[19.93116,49.913784],[19.932615,49.913167]],[[19.931154,49.913779],[19.932609,49.913161]],[[19.932649,49.913198],[19.933804,49.912615]],[[19.932643,49.913192],[19.933797,49.91261]],[[19.932629,49.913179],[19.933781,49.912599]],[[19.932615,49.913167],[19.933764,49.912587]],[[19.932609,49.913161],[19.933757,49.912582]],[[19.933804,49.912615],[19.934447,49.91218]],[[19.933797,49.91261],[19.934439,49.912176]],[[19.933781,49.912599],[19.934421,49.912166]],[[19.933764,49.912587],[19.934402,49.912155]],[[19.933757,49.912582],[19.934395,49.912151]],[[19.934447,49.91218],[19.935294,49.911507]],[[19.934439,49.912176],[19.935286,49.911502]],[[19.934421,49.912166],[19.935268,49.911492]],[[19.934402,49.912155],[19.935249,49.911482]],[[19.934395,49.912151],[19.935242,49.911477]],[[19.935294,49.911507],[19.936169,49.910883]],[[19.935286,49.911502],[19.936161,49.910879]],[[19.935268,49.911492],[19.936142,49.910869]],[[19.935249,49.911482],[19.936123,49.910859]],[[19.935242,49.911477],[19.936115,49.910854]],[[19.936169,49.910883],[19.936841,49.910311]],[[19.936161,49.910879],[19.936833,49.910307]],[[19.936142,49.910869],[19.936814,49.910297]],[[19.936123,49.910859],[19.936794,49.910287]],[[19.936115,49.910854],[19.936786,49.910283]],[[19.936841,49.910311],[19.937734,49.909609]],[[19.936833,49.910307],[19.937727,49.909604]],[[19.936814,49.910297],[19.937712,49.909591]],[[19.936794,49.910287],[19.937696,49.909578]],[[19.936786,49.910283],[19.93769,49.909573]],[[19.937734,49.909609],[19.938362,49.909408]],[[19.937727,49.909604],[19.93836,49.9094]],[[19.937712,49.909591],[19.938358,49.909384]],[[19.937696,49.909578],[19.938355,49.909367]],[[19.93769,49.909573],[19.938354,49.90936]],[[19.938362,49.909408],[19.93903,49.909522]],[[19.93836,49.9094],[19.939032,49.909515]],[[19.938358,49.909384],[19.939037,49.9095]],[[19.938355,49.909367],[19.939042,49.909484]],[[19.938354,49.90936],[19.939044,49.909478]],[[19.93903,49.909522],[19.939619,49.909578]],[[19.939032,49.909515],[19.939622,49.909571]],[[19.939037,49.9095],[19.939628,49.909556]],[[19.939042,49.909484],[19.939634,49.909541]],[[19.939044,49.909478],[19.939637,49.909534]],[[19.939619,49.909578],[19.940437,49.909779]],[[19.939622,49.909571],[19.940444,49.909774]],[[19.939628,49.909556],[19.940459,49.909761]],[[19.939634,49.909541],[19.940475,49.909748]],[[19.939637,49.909534],[19.940482,49.909742]],[[19.940437,49.909779],[19.941015,49.910332]],[[19.940444,49.909774],[19.941022,49.910327]],[[19.940459,49.909761],[19.941039,49.910315]],[[19.940475,49.909748],[19.941056,49.910303]],[[19.940482,49.909742],[19.941063,49.910298]],[[19.941015,49.910332],[19.942214,49.910725]],[[19.941022,49.910327],[19.942218,49.910719]],[[19.941039,49.910315],[19.942229,49.910704]],[[19.941056,49.910303],[19.942239,49.91069]],[[19.941063,49.910298],[19.942243,49.910684]],[[19.942214,49.910725],[19.943033,49.910949]],[[19.942218,49.910719],[19.943037,49.910942]],[[19.942229,49.910704],[19.943046,49.910928]],[[19.942239,49.91069],[19.943056,49.910914]],[[19.942243,49.910684],[19.94306,49.910907]]]}},{"type":"Feature","properties":{"variant":"C","kind":"extent"},"geometry":{"type":"MultiLineString","coordinates":[[[19.930868,49.913059],[19.932064,49.912644]],[[19.930864,49.913053],[19.932058,49.912638]],[[19.930852,49.913039],[19.932044,49.912625]],[[19.93084,49.913025],[19.93203,49.912612]],[[19.930836,49.913019],[19.932024,49.912607]],[[19.932064,49.912644],[19.934095,49.911476]],[[19.932058,49.912638],[19.934089,49.91147]],[[19.932044,49.912625],[19.934073,49.911458]],[[19.93203,49.912612],[19.934058,49.911446]],[[19.932024,49.912607],[19.934051,49.911441]],[[19.934095,49.911476],[19.934833,49.91113]],[[19.934089,49.91147],[19.934826,49.911125]],[[19.934073,49.911458],[19.934809,49.911113]],[[19.934058,49.911446],[19.934792,49.911102]],[[19.934051,49.911441],[19.934785,49.911097]],[[19.934833,49.91113],[19.935599,49.910521]],[[19.934826,49.911125],[19.935591,49.910517]],[[19.934809,49.911113],[19.935573,49.910507]],[[19.934792,49.911102],[19.935555,49.910496]],[[19.934785,49.911097],[19.935547,49.910492]],[[19.935599,49.910521],[19.936296,49.910031]],[[19.935591,49.910517],[19.936289,49.910027]],[[19.935573,49.910507],[19.936271,49.910016]],[[19.935555,49.910496],[19.936252,49.910006]],[[19.935547,49.910492],[19.936245,49.910001]],[[19.936296,49.910031],[19.936881,49.909603]],[[19.936289,49.910027],[19.936871,49.9096]],[[19.936271,49.910016],[19.93685,49.909592]],[[19.936252,49.910006],[19.936829,49.909583]],[[19.936245,49.910001],[19.93682,49.90958]],[[19.936881,49.909603],[19.937249,49.908983]],[[19.936871,49.9096],[19.937239,49.908982]],[[19.93685,49.909592],[19.937214,49.908979]],[[19.936829,49.909583],[19.937189,49.908977]],[[19.93682,49.90958],[19.937179,49.908975]],[[19.937249,49.908983],[19.937211,49.908508]],[[19.937239,49.908982],[19.937201,49.908508]],[[19.937214,49.908979],[19.937176,49.908509]],[[19.937189,49.908977],[19.937152,49.90851]],[[19.937179,49.908975],[19.937141,49.90851]],[[19.937211,49.908508],[19.937191,49.908242]],[[19.937201,49.908508],[19.937181,49.908246]],[[19.937176,49.908509],[19.937157,49.908255]],[[19.937152,49.90851],[19.937134,49.908265]],[[19.937141,49.90851],[19.937124,49.908269]],[[19.937191,49.908242],[19.936003,49.907813]],[[19.937181,49.908246],[19.935996,49.907818]],[[19.937157,49.908255],[19.935981,49.907831]],[[19.937134,49.908265],[19.935966,49.907843]],[[19.937124,49.908269],[19.93596,49.907849]],[[19.936003,49.907813],[19.935318,49.907346]],[[19.935996,49.907818],[19.93531,49.907351]],[[19.935981,49.907831],[19.935293,49.907362]],[[19.935966,49.907843],[19.935276,49.907373]],[[19.93596,49.907849],[19.935269,49.907378]],[[19.935318,49.907346],[19.934768,49.907022]],[[19.93531,49.907351],[19.934761,49.907026]],[[19.935293,49.907362],[19.934743,49.907037]],[[19.935276,49.907373],[19.934725,49.907048]],[[19.935269,49.907378],[19.934718,49.907053]],[[19.934768,49.907022],[19.933798,49.906262]],[[19.934761,49.907026],[19.93379,49.906266]],[[19.934743,49.907037],[19.93377,49.906275]],[[19.934725,49.907048],[19.933751,49.906285]],[[19.934718,49.907053],[19.933742,49.906289]],[[19.933798,49.906262],[19.933212,49.905668]],[[19.93379,49.906266],[19.933204,49.905673]],[[19.93377,49.906275],[19.933186,49.905683]],[[19.933751,49.906285],[19.933168,49.905694]],[[19.933742,49.906289],[19.93316,49.905699]],[[19.933212,49.905668],[19.932345,49.90525]],[[19.933204,49.905673],[19.932337,49.905255]],[[19.933186,49.905683],[19.932319,49.905266]],[[19.933168,49.905694],[19.932301,49.905277]],[[19.93316,49.905699],[19.932293,49.905281]],[[19.932345,49.90525],[19.931794,49.90468]],[[19.932337,49.905255],[19.931785,49.904684]],[[19.932319,49.905266],[19.931765,49.904692]],[[19.932301,49.905277],[19.931744,49.904701]],[[19.932293,49.905281],[19.931735,49.904704]],[[19.931794,49.90468],[19.930984,49.903881]],[[19.931785,49.904684],[19.930975,49.903884]],[[19.931765,49.904692],[19.930954,49.903893]],[[19.931744,49.904701],[19.930933,49.903901]],[[19.931735,49.904704],[19.930924,49.903904]],[[19.930984,49.903881],[19.930054,49.902779]],[[19.930975,49.903884],[19.930044,49.902782]],[[19.930954,49.903893],[19.930023,49.90279]],[[19.930933,49.903901],[19.930001,49.902797]],[[19.930924,49.903904],[19.929992,49.9028]],[[19.930054,49.902779],[19.92915,49.901647]],[[19.930044,49.902782],[19.929141,49.90165]],[[19.930023,49.90279],[19.929119,49.901656]],[[19.930001,49.902797],[19.929096,49.901663]],[[19.929992,49.9028],[19.929087,49.901665]],[[19.92915,49.901647],[19.928881,49.901186]],[[19.929141,49.90165],[19.928871,49.901187]],[[19.929119,49.901656],[19.928847,49.901191]],[[19.929096,49.901663],[19.928824,49.901195]],[[19.929087,49.901665],[19.928813,49.901197]],[[19.928881,49.901186],[19.928717,49.900343]],[[19.928871,49.901187],[19.928707,49.900345]],[[19.928847,49.901191],[19.928683,49.90035]],[[19.928824,49.901195],[19.92866,49.900354]],[[19.928813,49.901197],[19.928649,49.900356]],[[19.928717,49.900343],[19.928376,49.899871]],[[19.928707,49.900345],[19.92837,49.899879]],[[19.928683,49.90035],[19.928356,49.899896]],[[19.92866,49.900354],[19.928342,49.899914]],[[19.928649,49.900356],[19.928336,49.899921]],[[19.928376,49.899871],[19.927735,49.899945]],[[19.92837,49.899879],[19.927737,49.899952]],[[19.928356,49.899896],[19.927742,49.899967]],[[19.928342,49.899914],[19.927746,49.899983]],[[19.928336,49.899921],[19.927748,49.899989]]]}},{"type":"Feature","properties":{"variant":"C","kind":"extent"},"geometry":{"type":"MultiLineString","coordinates":[[[19.920756,49.869946],[19.920761,49.869742]],[[19.920746,49.869946],[19.92075,49.86974]],[[19.920721,49.869946],[19.920726,49.869737]],[[19.920697,49.869945],[19.920702,49.869733]],[[19.920687,49.869945],[19.920691,49.869732]],[[19.920761,49.869742],[19.920989,49.8694]],[[19.92075,49.86974],[19.920979,49.869398]],[[19.920726,49.869737],[19.920955,49.869394]],[[19.920702,49.869733],[19.920931,49.869389]],[[19.920691,49.869732],[19.920921,49.869388]],[[19.920989,49.8694],[19.921062,49.869053]],[[19.920979,49.869398],[19.921051,49.869056]],[[19.920955,49.869394],[19.921026,49.86906]],[[19.920931,49.869389],[19.921,49.869065]],[[19.920921,49.869388],[19.920989,49.869067]],[[19.921062,49.869053],[19.919499,49.867876]],[[19.921051,49.869056],[19.919491,49.86788]],[[19.921026,49.86906],[19.919472,49.86789]],[[19.921,49.869065],[19.919454,49.867901]],[[19.920989,49.869067],[19.919446,49.867905]],[[19.919499,49.867876],[19.919511,49.867885]],[[19.919491,49.86788],[19.919499,49.867887]],[[19.919472,49.86789],[19.919472,49.86789]],[[19.919454,49.867901],[19.919445,49.867894]],[[19.919446,49.867905],[19.919434,49.867896]],[[19.919511,49.867885],[19.920325,49.866058]],[[19.919499,49.867887],[19.920315,49.866056]],[[19.919472,49.86789],[19.920291,49.866052]],[[19.919445,49.867894],[19.920268,49.866048]],[[19.919434,49.867896],[19.920258,49.866046]],[[19.920325,49.866058],[19.920325,49.866058]],[[19.920315,49.866056],[19.920315,49.866056]],[[19.920291,49.866052],[19.920291,49.866052]],[[19.920268,49.866048],[19.920268,49.866048]],[[19.920258,49.866046],[19.920258,49.866046]],[[19.920325,49.866058],[19.920325,49.866058]],[[19.920315,49.866056],[19.920315,49.866056]],[[19.920291,49.866052],[19.920291,49.866052]],[[19.920268,49.866048],[19.920268,49.866048]],[[19.920258,49.866046],[19.920258,49.866046]],[[19.920325,49.866058],[19.920321,49.866068]],[[19.920315,49.866056],[19.920312,49.866063]],[[19.920291,49.866052],[19.920291,49.866052]],[[19.920268,49.866048],[19.920271,49.866041]],[[19.920258,49.866046],[19.920262,49.866036]],[[19.920321,49.866068],[19.921974,49.865527]],[[19.920312,49.866063],[19.921965,49.865523]],[[19.920291,49.866052],[19.921945,49.865512]],[[19.920271,49.866041],[19.921925,49.865501]],[[19.920262,49.866036],[19.921916,49.865496]],[[19.921974,49.865527],[19.924129,49.860831]],[[19.921965,49.865523],[19.924119,49.86083]],[[19.921945,49.865512],[19.924095,49.860827]],[[19.921925,49.865501],[19.924071,49.860824]],[[19.921916,49.865496],[19.92406,49.860822]],[[19.924129,49.860831],[19.924251,49.86011]],[[19.924119,49.86083],[19.924241,49.860109]],[[19.924095,49.860827],[19.924217,49.860105]],[[19.924071,49.860824],[19.924193,49.860102]],[[19.92406,49.860822],[19.924183,49.860101]],[[19.924251,49.86011],[19.924773,49.859131]],[[19.924241,49.860109],[19.924763,49.859129]],[[19.924217,49.860105],[19.924739,49.859125]],[[19.924193,49.860102],[19.924716,49.85912]],[[19.924183,49.860101],[19.924706,49.859118]],[[19.924773,49.859131],[19.925257,49.857802]],[[19.924763,49.859129],[19.925247,49.8578]],[[19.924739,49.859125],[19.925223,49.857797]],[[19.924716,49.85912],[19.9252,49.857793]],[[19.924706,49.859118],[19.92519,49.857792]],[[19.925257,49.857802],[19.925772,49.856352]],[[19.925247,49.8578],[19.925762,49.856351]],[[19.925223,49.857797],[19.925738,49.856348]],[[19.9252,49.857793],[19.925714,49.856345]],[[19.92519,49.857792],[19.925704,49.856343]],[[19.925772,49.856352],[19.926035,49.855318]],[[19.925762,49.856351],[19.926025,49.855317]],[[19.925738,49.856348],[19.926,49.855316]],[[19.925714,49.856345],[19.925976,49.855316]],[[19.925704,49.856343],[19.925965,49.855315]],[[19.926035,49.855318],[19.926007,49.854943]],[[19.926025,49.855317],[19.925997,49.854943]],[[19.926,49.855316],[19.925973,49.854944]],[[19.925976,49.855316],[19.925948,49.854944]],[[19.925965,49.855315],[19.925938,49.854945]]]}},{"type":"Feature","properties":{"variant":"C","kind":"extent"},"geometry":{"type":"MultiLineString","coordinates":[[[19.923768,49.849509],[19.924319,49.84922]],[[19.923761,49.849503],[19.924322,49.84921]],[[19.923746,49.849491],[19.924327,49.849187]],[[19.923731,49.849479],[19.924333,49.849163]],[[19.923724,49.849474],[19.924336,49.849153]],[[19.924319,49.84922],[19.9249,49.849813]],[[19.924322,49.84921],[19.924909,49.84981]],[[19.924327,49.849187],[19.924931,49.849804]],[[19.924333,49.849163],[19.924954,49.849797]],[[19.924336,49.849153],[19.924963,49.849794]],[[19.9249,49.849813],[19.925387,49.850851]],[[19.924909,49.84981],[19.925397,49.850849]],[[19.924931,49.849804],[19.92542,49.850845]],[[19.924954,49.849797],[19.925444,49.85084]],[[19.924963,49.849794],[19.925454,49.850838]],[[19.925387,49.850851],[19.925716,49.851598]],[[19.925397,49.850849],[19.925726,49.851596]],[[19.92542,49.850845],[19.92575,49.851593]],[[19.925444,49.85084],[19.925774,49.85159]],[[19.925454,49.850838],[19.925784,49.851588]],[[19.925716,49.851598],[19.925943,49.852609]],[[19.925726,49.851596],[19.925954,49.852613]],[[19.92575,49.851593],[19.925981,49.852621]],[[19.925774,49.85159],[19.926007,49.85263]],[[19.925784,49.851588],[19.926019,49.852634]],[[19.925943,49.852609],[19.925517,49.852759]],[[19.925954,49.852613],[19.925523,49.852765]],[[19.925981,49.852621],[19.925538,49.852778]],[[19.926007,49.85263],[19.925552,49.85279]],[[19.926019,49.852634],[19.925559,49.852796]],[[19.925517,49.852759],[19.924988,49.853096]],[[19.925523,49.852765],[19.924998,49.853099]],[[19.925538,49.852778],[19.925023,49.853105]],[[19.925552,49.85279],[19.925047,49.853112]],[[19.925559,49.852796],[19.925057,49.853115]],[[19.924988,49.853096],[19.924981,49.853604]],[[19.924998,49.853099],[19.924991,49.853604]],[[19.925023,49.853105],[19.925016,49.853604]],[[19.925047,49.853112],[19.92504,49.853604]],[[19.925057,49.853115],[19.92505,49.853604]]]}},{"type":"Feature","properties":{"variant":"C","kind":"extent"},"geometry":{"type":"MultiLineString","coordinates":[[[19.925208,49.848552],[19.925111,49.849039]],[[19.925218,49.848552],[19.925121,49.849038]],[[19.925242,49.848555],[19.925146,49.849036]],[[19.925266,49.848557],[19.925171,49.849033]],[[19.925277,49.848557],[19.925182,49.849032]],[[19.925111,49.849039],[19.925871,49.850085]],[[19.925121,49.849038],[19.925881,49.850083]],[[19.925146,49.849036],[19.925903,49.850077]],[[19.925171,49.849033],[19.925926,49.850071]],[[19.925182,49.849032],[19.925936,49.850068]],[[19.925871,49.850085],[19.9265,49.851228]],[[19.925881,49.850083],[19.92651,49.851226]],[[19.925903,49.850077],[19.926534,49.851222]],[[19.925926,49.850071],[19.926557,49.851217]],[[19.925936,49.850068],[19.926567,49.851216]],[[19.9265,49.851228],[19.92699,49.852765]],[[19.92651,49.851226],[19.926999,49.85276]],[[19.926534,49.851222],[19.92702,49.852748]],[[19.926557,49.851217],[19.927041,49.852736]],[[19.926567,49.851216],[19.92705,49.85273]],[[19.92699,49.852765],[19.927817,49.852933]],[[19.926999,49.85276],[19.927825,49.852927]],[[19.92702,49.852748],[19.927843,49.852914]],[[19.927041,49.852736],[19.927861,49.852902]],[[19.92705,49.85273],[19.927869,49.852896]],[[19.927817,49.852933],[19.928131,49.853409]],[[19.927825,49.852927],[19.928137,49.853401]],[[19.927843,49.852914],[19.928152,49.853384]],[[19.927861,49.852902],[19.928167,49.853366]],[[19.927869,49.852896],[19.928173,49.853359]],[[19.928131,49.853409],[19.9285,49.853368]],[[19.928137,49.853401],[19.928498,49.853361]],[[19.928152,49.853384],[19.928494,49.853345]],[[19.928167,49.853366],[19.92849,49.85333]],[[19.928173,49.853359],[19.928488,49.853323]]]}},{"type":"Feature","properties":{"variant":"C","kind":"extent"},"geometry":{"type":"MultiLineString","coordinates":[[[19.922238,49.869313],[19.924131,49.868789]],[[19.922234,49.869307],[19.924123,49.868784]],[[19.922225,49.869293],[19.924103,49.868772]],[[19.922215,49.869278],[19.924083,49.86876]],[[19.922211,49.869272],[19.924075,49.868755]],[[19.924131,49.868789],[19.925075,49.866955]],[[19.924123,49.868784],[19.925063,49.866956]],[[19.924103,49.868772],[19.925036,49.866959]],[[19.924083,49.86876],[19.925009,49.866962]],[[19.924075,49.868755],[19.924997,49.866964]],[[19.925075,49.866955],[19.923384,49.865544]],[[19.925063,49.866956],[19.923372,49.865545]],[[19.925036,49.866959],[19.923346,49.865549]],[[19.925009,49.866962],[19.923319,49.865553]],[[19.924997,49.866964],[19.923308,49.865554]],[[19.923384,49.865544],[19.923379,49.865555]],[[19.923372,49.865545],[19.923369,49.865553]],[[19.923346,49.865549],[19.923346,49.865549]],[[19.923319,49.865553],[19.923322,49.865545]],[[19.923308,49.865554],[19.923312,49.865543]],[[19.923379,49.865555],[19.924062,49.864086]],[[19.923369,49.865553],[19.924051,49.864086]],[[19.923346,49.865549],[19.924025,49.864088]],[[19.923322,49.865545],[19.923999,49.864089]],[[19.923312,49.865543],[19.923988,49.86409]],[[19.924062,49.864086],[19.924061,49.864084]],[[19.924051,49.864086],[19.92405,49.864085]],[[19.924025,49.864088],[19.924025,49.864088]],[[19.923999,49.864089],[19.924,49.864091]],[[19.923988,49.86409],[19.923989,49.864092]],[[19.924061,49.864084],[19.924454,49.862114]],[[19.92405,49.864085],[19.924443,49.862113]],[[19.924025,49.864088],[19.924419,49.86211]],[[19.924,49.864091],[19.924395,49.862107]],[[19.923989,49.864092],[19.924385,49.862105]],[[19.924454,49.862114],[19.924725,49.861416]],[[19.924443,49.862113],[19.924714,49.861414]],[[19.924419,49.86211],[19.924691,49.861411]],[[19.924395,49.862107],[19.924667,49.861407]],[[19.924385,49.862105],[19.924657,49.861406]],[[19.924725,49.861416],[19.924948,49.86065]],[[19.924714,49.861414],[19.924938,49.860648]],[[19.924691,49.861411],[19.924914,49.860644]],[[19.924667,49.861407],[19.924891,49.86064]],[[19.924657,49.861406],[19.924881,49.860638]],[[19.924948,49.86065],[19.925191,49.860231]],[[19.924938,49.860648],[19.925181,49.860229]],[[19.924914,49.860644],[19.925158,49.860225]],[[19.924891,49.86064],[19.925134,49.860221]],[[19.924881,49.860638],[19.925124,49.860219]],[[19.925191,49.860231],[19.925348,49.859727]],[[19.925181,49.860229],[19.925337,49.859726]],[[19.925158,49.860225],[19.925314,49.859722]],[[19.925134,49.860221],[19.92529,49.859719]],[[19.925124,49.860219],[19.92528,49.859717]],[[19.925348,49.859727],[19.925449,49.859481]],[[19.925337,49.859726],[19.925439,49.859479]],[[19.925314,49.859722],[19.925415,49.859475]],[[19.92529,49.859719],[19.925392,49.859472]],[[19.92528,49.859717],[19.925382,49.85947]],[[19.925449,49.859481],[19.925721,49.858642]],[[19.925439,49.859479],[19.925711,49.858641]],[[19.925415,49.859475],[19.925687,49.858637]],[[19.925392,49.859472],[19.925664,49.858634]],[[19.925382,49.85947],[19.925653,49.858632]],[[19.925721,49.858642],[19.925986,49.857943]],[[19.925711,49.858641],[19.925976,49.857941]],[[19.925687,49.858637],[19.925953,49.857937]],[[19.925664,49.858634],[19.925929,49.857934]],[[19.925653,49.858632],[19.925919,49.857932]],[[19.925986,49.857943],[19.926215,49.857324]],[[19.925976,49.857941],[19.926205,49.857322]],[[19.925953,49.857937],[19.926181,49.857319]],[[19.925929,49.857934],[19.926157,49.857315]],[[19.925919,49.857932],[19.926147,49.857313]],[[19.926215,49.857324],[19.926473,49.856655]],[[19.926205,49.857322],[19.926462,49.856654]],[[19.926181,49.857319],[19.926439,49.85665]],[[19.926157,49.857315],[19.926415,49.856647]],[[19.926147,49.857313],[19.926405,49.856646]],[[19.926473,49.856655],[19.92681,49.855432]],[[19.926462,49.856654],[19.9268,49.855429]],[[19.926439,49.85665],[19.926777,49.855423]],[[19.926415,49.856647],[19.926754,49.855417]],[[19.926405,49.856646],[19.926744,49.855414]],[[19.92681,49.855432],[19.928496,49.853809]],[[19.9268,49.855429],[19.928487,49.853806]],[[19.926777,49.855423],[19.928467,49.853797]],[[19.926754,49.855417],[19.928447,49.853788]],[[19.926744,49.855414],[19.928438,49.853784]]]}},{"type":"Feature","properties":{"variant":"C","kind":"extent"},"geometry":{"type":"MultiLineString","coordinates":[[[19.924288,49.885459],[19.9249,49.884918]],[[19.924277,49.885454],[19.924892,49.884911]],[[19.924243,49.885438],[19.924866,49.884887]],[[19.92421,49.885422],[19.924841,49.884864]],[[19.924199,49.885417],[19.924833,49.884856]],[[19.9249,49.884918],[19.925249,49.884855]],[[19.924892,49.884911],[19.925246,49.884847]],[[19.924866,49.884887],[19.925234,49.884821]],[[19.924841,49.884864],[19.925223,49.884795]],[[19.924833,49.884856],[19.925219,49.884786]]]}},{"type":"Feature","properties":{"variant":"C","kind":"extent"},"geometry":{"type":"MultiLineString","coordinates":[[[19.928539,49.884302],[19.928812,49.884232]],[[19.928535,49.884296],[19.928798,49.884228]],[[19.928526,49.884281],[19.928765,49.88422]],[[19.928517,49.884267],[19.928732,49.884211]],[[19.928513,49.88426],[19.928718,49.884208]],[[19.928812,49.884232],[19.928056,49.883178]],[[19.928798,49.884228],[19.928048,49.883183]],[[19.928765,49.88422],[19.92803,49.883195]],[[19.928732,49.884211],[19.928011,49.883206]],[[19.928718,49.884208],[19.928003,49.883211]],[[19.928056,49.883178],[19.92738,49.882936]],[[19.928048,49.883183],[19.927378,49.882943]],[[19.92803,49.883195],[19.927372,49.882959]],[[19.928011,49.883206],[19.927367,49.882975]],[[19.928003,49.883211],[19.927365,49.882982]],[[19.92738,49.882936],[19.926329,49.882985]],[[19.927378,49.882943],[19.926323,49.882992]],[[19.927372,49.882959],[19.926309,49.883009]],[[19.927367,49.882975],[19.926295,49.883025]],[[19.927365,49.882982],[19.926289,49.883032]],[[19.926329,49.882985],[19.926084,49.882688]],[[19.926323,49.882992],[19.926074,49.882691]],[[19.926309,49.883009],[19.926053,49.882699]],[[19.926295,49.883025],[19.926031,49.882706]],[[19.926289,49.883032],[19.926022,49.882709]]]}},{"type":"Feature","properties":{"variant":"C","kind":"km","name":"1+000"},"geometry":{"type":"Point","coordinates":[19.993772,49.992035]}},{"type":"Feature","properties":{"variant":"C","kind":"km","name":"2+000"},"geometry":{"type":"Point","coordinates":[19.99282,49.983136]}},{"type":"Feature","properties":{"variant":"C","kind":"km","name":"3+000"},"geometry":{"type":"Point","coordinates":[19.993434,49.974182]}},{"type":"Feature","properties":{"variant":"C","kind":"km","name":"4+000"},"geometry":{"type":"Point","coordinates":[19.990255,49.96543]}},{"type":"Feature","properties":{"variant":"C","kind":"km","name":"5+000"},"geometry":{"type":"Point","coordinates":[19.985254,49.957055]}},{"type":"Feature","properties":{"variant":"C","kind":"km","name":"6+000"},"geometry":{"type":"Point","coordinates":[19.977921,49.949418]}},{"type":"Feature","properties":{"variant":"C","kind":"km","name":"7+000"},"geometry":{"type":"Point","coordinates":[19.970241,49.941916]}},{"type":"Feature","properties":{"variant":"C","kind":"km","name":"8+000"},"geometry":{"type":"Point","coordinates":[19.96388,49.933936]}},{"type":"Feature","properties":{"variant":"C","kind":"km","name":"9+000"},"geometry":{"type":"Point","coordinates":[19.958834,49.925556]}},{"type":"Feature","properties":{"variant":"C","kind":"km","name":"10+000"},"geometry":{"type":"Point","coordinates":[19.953493,49.91726]}},{"type":"Feature","properties":{"variant":"C","kind":"km","name":"11+000"},"geometry":{"type":"Point","coordinates":[19.943919,49.910866]}},{"type":"Feature","properties":{"variant":"C","kind":"km","name":"12+000"},"geometry":{"type":"Point","coordinates":[19.933068,49.905297]}},{"type":"Feature","properties":{"variant":"C","kind":"km","name":"13+000"},"geometry":{"type":"Point","coordinates":[19.928124,49.897044]}},{"type":"Feature","properties":{"variant":"C","kind":"km","name":"14+000"},"geometry":{"type":"Point","coordinates":[19.928184,49.888061]}},{"type":"Feature","properties":{"variant":"C","kind":"km","name":"15+000"},"geometry":{"type":"Point","coordinates":[19.923721,49.879573]}},{"type":"Feature","properties":{"variant":"C","kind":"km","name":"16+000"},"geometry":{"type":"Point","coordinates":[19.921387,49.870778]}},{"type":"Feature","properties":{"variant":"C","kind":"km","name":"17+000"},"geometry":{"type":"Point","coordinates":[19.924061,49.86197]}},{"type":"Feature","properties":{"variant":"C","kind":"km","name":"18+000"},"geometry":{"type":"Point","coordinates":[19.92655,49.853157]}},{"type":"Feature","properties":{"variant":"C","kind":"km","name":"19+000"},"geometry":{"type":"Point","coordinates":[19.921123,49.844991]}},{"type":"Feature","properties":{"variant":"C","kind":"km","name":"20+000"},"geometry":{"type":"Point","coordinates":[19.914123,49.837227]}},{"type":"Feature","properties":{"variant":"C","kind":"km","name":"21+000"},"geometry":{"type":"Point","coordinates":[19.911253,49.828533]}},{"type":"Feature","properties":{"variant":"C","kind":"km","name":"22+000"},"geometry":{"type":"Point","coordinates":[19.915132,49.819959]}},{"type":"Feature","properties":{"variant":"C","kind":"km","name":"23+000"},"geometry":{"type":"Point","coordinates":[19.921019,49.811815]}},{"type":"Feature","properties":{"variant":"C","kind":"km","name":"0+000"},"geometry":{"type":"Point","coordinates":[19.867636,49.907462]}},{"type":"Feature","properties":{"variant":"C","kind":"km","name":"1+000"},"geometry":{"type":"Point","coordinates":[19.881456,49.908542]}},{"type":"Feature","properties":{"variant":"C","kind":"km","name":"2+000"},"geometry":{"type":"Point","coordinates":[19.895277,49.90962]}},{"type":"Feature","properties":{"variant":"C","kind":"km","name":"3+000"},"geometry":{"type":"Point","coordinates":[19.908873,49.911392]}},{"type":"Feature","properties":{"variant":"C","kind":"km","name":"4+000"},"geometry":{"type":"Point","coordinates":[19.921893,49.914508]}},{"type":"Feature","properties":{"variant":"C","kind":"km","name":"5+000"},"geometry":{"type":"Point","coordinates":[19.93456,49.911665]}}],"attribution":"© GDDKiA — STEŚ S7 Kraków–Myślenice (2025), warianty A–F"}