{"type":"FeatureCollection","features":[{"type":"Feature","properties":{"variant":"D","kind":"axis"},"geometry":{"type":"MultiLineString","coordinates":[[[19.94266,50.004156],[19.942571,50.004032],[19.942536,50.003984],[19.942502,50.003936],[19.942467,50.003888],[19.942433,50.00384],[19.942398,50.003792],[19.942363,50.003744],[19.942328,50.003696],[19.942293,50.003648],[19.942258,50.0036],[19.942223,50.003553],[19.942187,50.003505],[19.942152,50.003457],[19.942116,50.00341],[19.94208,50.003362],[19.942043,50.003315],[19.942006,50.003267],[19.941969,50.00322],[19.941932,50.003173],[19.941894,50.003126],[19.941856,50.003079],[19.941818,50.003032],[19.941779,50.002986],[19.94174,50.002939],[19.9417,50.002893],[19.94166,50.002846],[19.94162,50.0028],[19.941579,50.002755],[19.941537,50.002709],[19.941495,50.002663],[19.941453,50.002618],[19.94141,50.002573],[19.941052,50.002225],[19.940661,50.001892],[19.940239,50.001575],[19.939787,50.001276],[19.939307,50.000995],[19.939245,50.000961],[19.939182,50.000927],[19.939118,50.000894],[19.939054,50.00086],[19.93899,50.000827],[19.938926,50.000795],[19.938861,50.000762],[19.938796,50.00073],[19.93873,50.000698],[19.938664,50.000666],[19.938598,50.000635],[19.938532,50.000603],[19.938466,50.000572],[19.938399,50.000541],[19.938332,50.000511],[19.938265,50.00048],[19.938198,50.00045],[19.93813,50.00042],[19.938063,50.00039],[19.937995,50.00036],[19.937927,50.00033],[19.937859,50.0003],[19.937791,50.00027],[19.937723,50.000241],[19.937655,50.000211],[19.937586,50.000182],[19.937518,50.000153],[19.93745,50.000123],[19.937381,50.000094],[19.937313,50.000065],[19.937244,50.000036],[19.936166,49.999576],[19.933205,49.998237],[19.930363,49.996795],[19.928324,49.995702],[19.928209,49.99564],[19.928093,49.995578],[19.927978,49.995516],[19.927863,49.995454],[19.927748,49.995392],[19.927634,49.99533],[19.92752,49.995267],[19.927406,49.995204],[19.927292,49.995141],[19.927179,49.995078],[19.927066,49.995014],[19.926953,49.99495],[19.926842,49.994886],[19.926731,49.994821],[19.92662,49.994756],[19.92651,49.99469],[19.926401,49.994623],[19.926293,49.994556],[19.926186,49.994489],[19.926079,49.994421],[19.925974,49.994352],[19.92587,49.994283],[19.925766,49.994213],[19.925664,49.994142],[19.925563,49.99407],[19.925464,49.993998],[19.925365,49.993925],[19.925269,49.993851],[19.925173,49.993776],[19.925079,49.993701],[19.924987,49.993625],[19.924564,49.993242],[19.924182,49.992841],[19.923845,49.992424],[19.923554,49.991993],[19.92331,49.99155],[19.923115,49.991097],[19.922969,49.990636],[19.922874,49.99017],[19.92286,49.990073],[19.922849,49.989977],[19.92284,49.989881],[19.922832,49.989784],[19.922827,49.989687],[19.922823,49.989591],[19.922821,49.989494],[19.922821,49.989397],[19.922822,49.989301],[19.922825,49.989204],[19.922829,49.989107],[19.922835,49.989011],[19.922842,49.988914],[19.92285,49.988818],[19.922859,49.988721],[19.92287,49.988625],[19.922881,49.988528],[19.922894,49.988432],[19.922907,49.988336],[19.922922,49.98824],[19.922937,49.988143],[19.922952,49.988047],[19.922968,49.987951],[19.922985,49.987855],[19.923003,49.987759],[19.92302,49.987663],[19.923038,49.987567],[19.923057,49.987471],[19.923075,49.987375],[19.923094,49.987279],[19.923113,49.987183],[19.923431,49.985561],[19.92345,49.985462],[19.923469,49.985364],[19.923488,49.985265],[19.923507,49.985166],[19.923526,49.985068],[19.923545,49.984969],[19.923563,49.98487],[19.923581,49.984772],[19.923598,49.984673],[19.923615,49.984574],[19.923632,49.984475],[19.923647,49.984376],[19.923663,49.984277],[19.923677,49.984178],[19.923691,49.984079],[19.923704,49.98398],[19.923716,49.983881],[19.923728,49.983782],[19.923738,49.983683],[19.923748,49.983583],[19.923756,49.983484],[19.923763,49.983385],[19.923769,49.983285],[19.923774,49.983186],[19.923778,49.983087],[19.92378,49.982987],[19.923781,49.982888],[19.923781,49.982788],[19.923779,49.982689],[19.923775,49.982589],[19.92377,49.98249],[19.92371,49.981918],[19.923595,49.981349],[19.923428,49.980785],[19.923207,49.980229],[19.922935,49.979683],[19.922611,49.979148],[19.922238,49.978627],[19.922168,49.978539],[19.922097,49.97845],[19.922025,49.978363],[19.921951,49.978275],[19.921877,49.978188],[19.9218,49.978102],[19.921723,49.978016],[19.921645,49.97793],[19.921566,49.977845],[19.921485,49.97776],[19.921404,49.977676],[19.921322,49.977591],[19.921239,49.977508],[19.921155,49.977424],[19.921071,49.977341],[19.920985,49.977258],[19.9209,49.977175],[19.920813,49.977093],[19.920726,49.977011],[19.920638,49.976929],[19.92055,49.976848],[19.920462,49.976766],[19.920373,49.976685],[19.920284,49.976604],[19.920194,49.976523],[19.920105,49.976442],[19.920015,49.976361],[19.919925,49.976281],[19.919834,49.9762],[19.919744,49.976119],[19.919654,49.976039],[19.919439,49.975848],[19.919344,49.975763],[19.919248,49.975677],[19.919152,49.975592],[19.919057,49.975507],[19.918962,49.975421],[19.918866,49.975336],[19.918772,49.97525],[19.918677,49.975164],[19.918583,49.975078],[19.918489,49.974992],[19.918395,49.974906],[19.918302,49.97482],[19.918209,49.974733],[19.918117,49.974646],[19.918025,49.974559],[19.917934,49.974472],[19.917843,49.974384],[19.917753,49.974296],[19.917664,49.974208],[19.917575,49.97412],[19.917488,49.974031],[19.917401,49.973942],[19.917315,49.973852],[19.917229,49.973763],[19.917145,49.973673],[19.917062,49.973582],[19.91698,49.973491],[19.916898,49.9734],[19.916818,49.973308],[19.91674,49.973216],[19.916662,49.973123],[19.916113,49.972407],[19.915639,49.97167],[19.91524,49.970913],[19.91492,49.970142],[19.914679,49.969358]],[[19.914746,49.965175],[19.914777,49.965071],[19.914808,49.964968],[19.914841,49.964865],[19.914875,49.964762],[19.91491,49.964659],[19.914946,49.964556],[19.914984,49.964454],[19.915022,49.964352],[19.915061,49.964249],[19.915101,49.964147],[19.915142,49.964045],[19.915183,49.963944],[19.915226,49.963842],[19.915269,49.96374],[19.915312,49.963639],[19.915357,49.963538],[19.915402,49.963436],[19.915447,49.963335],[19.915493,49.963234],[19.915539,49.963133],[19.915586,49.963033],[19.915633,49.962932],[19.915681,49.962831],[19.915728,49.96273],[19.915776,49.96263],[19.915824,49.962529],[19.915872,49.962429],[19.915921,49.962328],[19.915969,49.962228],[19.916269,49.961603],[19.916334,49.961469],[19.916398,49.961335],[19.916462,49.961201],[19.916525,49.961067],[19.916588,49.960933],[19.916651,49.960799],[19.916713,49.960665],[19.916773,49.960531],[19.916833,49.960396],[19.916892,49.960261],[19.91695,49.960126],[19.917006,49.959991],[19.917061,49.959856],[19.917115,49.95972],[19.917166,49.959584],[19.917216,49.959448],[19.917264,49.959311],[19.91731,49.959174],[19.917353,49.959037],[19.917395,49.958899],[19.917434,49.958762],[19.91747,49.958624],[19.917503,49.958485],[19.917534,49.958347],[19.917562,49.958208],[19.917587,49.958069],[19.917608,49.957929],[19.917626,49.95779],[19.917641,49.95765],[19.917652,49.95751],[19.917659,49.95737],[19.917652,49.956844],[19.91759,49.956319],[19.917475,49.955799],[19.917305,49.955284],[19.917083,49.954778],[19.916808,49.954282],[19.916483,49.9538],[19.916109,49.953332],[19.915687,49.952882],[19.915567,49.952765],[19.915443,49.95265],[19.915317,49.952536],[19.915188,49.952423],[19.915057,49.952312],[19.914923,49.952202],[19.914786,49.952093],[19.914647,49.951986],[19.914506,49.951879],[19.914363,49.951774],[19.914218,49.95167],[19.914071,49.951567],[19.913922,49.951465],[19.913772,49.951364],[19.91362,49.951264],[19.913466,49.951165],[19.913312,49.951066],[19.913156,49.950969],[19.912999,49.950872],[19.912841,49.950776],[19.912682,49.950681],[19.912522,49.950586],[19.912362,49.950492],[19.912201,49.950398],[19.912039,49.950305],[19.911877,49.950212],[19.911714,49.950119],[19.911551,49.950026],[19.911388,49.949934],[19.911224,49.949842],[19.911061,49.94975],[19.908485,49.948299],[19.908349,49.948222],[19.908213,49.948145],[19.908076,49.948069],[19.907941,49.947992],[19.907805,49.947914],[19.907669,49.947837],[19.907534,49.94776],[19.907399,49.947682],[19.907265,49.947604],[19.907131,49.947526],[19.906997,49.947447],[19.906864,49.947368],[19.906731,49.947289],[19.9066,49.947209],[19.906469,49.947128],[19.906338,49.947047],[19.906209,49.946966],[19.90608,49.946884],[19.905952,49.946801],[19.905825,49.946718],[19.905699,49.946634],[19.905575,49.94655],[19.905451,49.946465],[19.905329,49.946379],[19.905208,49.946292],[19.905088,49.946205],[19.90497,49.946116],[19.904853,49.946027],[19.904738,49.945937],[19.904624,49.945847],[19.904512,49.945755],[19.903991,49.945295],[19.903514,49.944816],[19.903083,49.944319],[19.902699,49.943807],[19.902364,49.94328],[19.902078,49.942741],[19.901843,49.942192],[19.901801,49.942079],[19.901762,49.941965],[19.901724,49.941851],[19.901689,49.941736],[19.901655,49.941622],[19.901623,49.941507],[19.901593,49.941392],[19.901565,49.941276],[19.901538,49.941161],[19.901513,49.941045],[19.901489,49.94093],[19.901467,49.940814],[19.901446,49.940698],[19.901426,49.940582],[19.901408,49.940466],[19.901391,49.94035],[19.901374,49.940233],[19.901359,49.940117],[19.901345,49.940001],[19.901332,49.939884],[19.901319,49.939768],[19.901307,49.939652],[19.901296,49.939535],[19.901286,49.939419],[19.901275,49.939302],[19.901266,49.939186],[19.901256,49.939069],[19.901247,49.938953],[19.901239,49.938836],[19.90123,49.938719],[19.901221,49.938603]],[[19.900842,49.934205],[19.900818,49.934051],[19.900793,49.933896],[19.900767,49.933742],[19.900739,49.933588],[19.900708,49.933434],[19.900676,49.93328],[19.900642,49.933126],[19.900606,49.932973],[19.900567,49.93282],[19.900526,49.932667],[19.900482,49.932514],[19.900436,49.932362],[19.900388,49.93221],[19.900337,49.932058],[19.900282,49.931907],[19.900225,49.931756],[19.899872,49.930963],[19.899437,49.930187],[19.89892,49.929432],[19.898325,49.928701],[19.897655,49.927998],[19.896912,49.927326],[19.896101,49.926688],[19.895941,49.926572],[19.895778,49.926458],[19.895614,49.926344],[19.895448,49.926232],[19.89528,49.926122],[19.895109,49.926012],[19.894938,49.925903],[19.894764,49.925796],[19.894589,49.925689],[19.894413,49.925584],[19.894235,49.92548],[19.894055,49.925376],[19.893875,49.925274],[19.893693,49.925172],[19.89351,49.925071],[19.893326,49.924971],[19.893142,49.924872],[19.892956,49.924773],[19.892769,49.924675],[19.892582,49.924578],[19.892394,49.924481],[19.892206,49.924385],[19.892017,49.924289],[19.891827,49.924194],[19.891637,49.924098],[19.891447,49.924004],[19.891256,49.923909],[19.891065,49.923815],[19.890874,49.923721],[19.890683,49.923626],[19.890492,49.923532],[19.883844,49.920264],[19.883549,49.920118],[19.883253,49.919973],[19.882958,49.919827],[19.882664,49.919681],[19.88237,49.919535],[19.882076,49.919388],[19.881783,49.919241],[19.881491,49.919093],[19.881201,49.918944],[19.880911,49.918794],[19.880622,49.918643],[19.880335,49.918491],[19.880049,49.918338],[19.879765,49.918184],[19.879483,49.918028],[19.879203,49.917871],[19.878925,49.917712],[19.878649,49.917551],[19.878376,49.917389],[19.878105,49.917225],[19.877837,49.917059],[19.877572,49.916892],[19.87731,49.916722],[19.877051,49.91655],[19.876796,49.916376],[19.876544,49.9162],[19.876296,49.916021],[19.876052,49.91584],[19.875813,49.915657],[19.875578,49.915472],[19.875347,49.915284],[19.874444,49.914479],[19.87363,49.913636],[19.872908,49.912759],[19.872281,49.911851],[19.871752,49.910918],[19.871325,49.909964],[19.871001,49.908992],[19.870781,49.908009],[19.870667,49.907018],[19.870656,49.906778],[19.87065,49.906539],[19.87065,49.906299],[19.870656,49.906059],[19.870667,49.90582],[19.870683,49.90558],[19.870704,49.905341],[19.87073,49.905102],[19.870761,49.904863],[19.870796,49.904624],[19.870835,49.904386],[19.870878,49.904148],[19.870925,49.90391],[19.870976,49.903672],[19.871029,49.903435],[19.871086,49.903198],[19.871146,49.902962],[19.871209,49.902726],[19.871274,49.90249],[19.871342,49.902254],[19.871412,49.902018],[19.871483,49.901783],[19.871557,49.901548],[19.871632,49.901313],[19.871708,49.901079],[19.871786,49.900844],[19.871864,49.90061],[19.871944,49.900376],[19.872023,49.900142],[19.872104,49.899908],[19.872184,49.899674]]]}},{"type":"Feature","properties":{"variant":"D","kind":"axis"},"geometry":{"type":"MultiLineString","coordinates":[[[19.872184,49.899674],[19.873272,49.896512],[19.873317,49.89638],[19.873363,49.896248],[19.873409,49.896116],[19.873455,49.895984],[19.873501,49.895852],[19.873548,49.89572],[19.873595,49.895588],[19.873644,49.895456],[19.873692,49.895325],[19.873742,49.895193],[19.873793,49.895062],[19.873844,49.894931],[19.873897,49.8948],[19.873951,49.894669],[19.874007,49.894538],[19.874063,49.894408],[19.874122,49.894278],[19.874181,49.894148],[19.874243,49.894019],[19.874306,49.89389],[19.874371,49.893761],[19.874438,49.893633],[19.874507,49.893505],[19.874578,49.893378],[19.874652,49.893251],[19.874727,49.893125],[19.874805,49.892999],[19.874885,49.892874],[19.874968,49.89275],[19.875054,49.892627],[19.875142,49.892504],[19.875594,49.891935],[19.876105,49.891387],[19.876673,49.890863],[19.877294,49.890365],[19.877966,49.889895],[19.878685,49.889456],[19.879449,49.889049],[19.880254,49.888676],[19.880429,49.888602],[19.880605,49.888529],[19.880784,49.888458],[19.880963,49.888388],[19.881144,49.88832],[19.881326,49.888253],[19.88151,49.888188],[19.881694,49.888124],[19.88188,49.888061],[19.882066,49.888],[19.882254,49.887939],[19.882442,49.88788],[19.882631,49.887822],[19.882821,49.887764],[19.883011,49.887708],[19.883203,49.887653],[19.883394,49.887598],[19.883587,49.887545],[19.883779,49.887492],[19.883973,49.887439],[19.884166,49.887388],[19.88436,49.887337],[19.884555,49.887286],[19.884749,49.887236],[19.884944,49.887187],[19.885139,49.887137],[19.885335,49.887088],[19.88553,49.887039],[19.885726,49.886991],[19.885921,49.886942],[19.886117,49.886894],[19.890043,49.885922],[19.890584,49.885789],[19.891124,49.885655],[19.891664,49.88552],[19.892204,49.885386],[19.892744,49.88525],[19.893282,49.885114],[19.893821,49.884977],[19.894358,49.884838],[19.894895,49.884698],[19.895431,49.884557],[19.895966,49.884414],[19.896499,49.884269],[19.897031,49.884122],[19.897562,49.883974],[19.898092,49.883822],[19.898619,49.883669],[19.899145,49.883512],[19.899669,49.883353],[19.90019,49.883191],[19.900709,49.883026],[19.901226,49.882858],[19.90174,49.882687],[19.902252,49.882512],[19.90276,49.882333],[19.903265,49.88215],[19.903767,49.881964],[19.904265,49.881774],[19.904759,49.881579],[19.905249,49.88138],[19.905735,49.881177],[19.906216,49.880969],[19.90824,49.880019],[19.910164,49.878987],[19.911983,49.877878],[19.913687,49.876695],[19.91527,49.875444],[19.916726,49.874129],[19.918048,49.872757],[19.919231,49.871333],[19.919485,49.870997],[19.91973,49.870659],[19.919969,49.870318],[19.920201,49.869975],[19.920425,49.869631],[19.920643,49.869284],[19.920855,49.868936],[19.92106,49.868587],[19.921259,49.868236],[19.921453,49.867883],[19.921641,49.86753],[19.921824,49.867175],[19.922001,49.866819],[19.922174,49.866462],[19.922343,49.866105],[19.922507,49.865746],[19.922668,49.865387],[19.922824,49.865027],[19.922977,49.864666],[19.923127,49.864305],[19.923274,49.863944],[19.923418,49.863581],[19.92356,49.863219],[19.9237,49.862856],[19.923838,49.862493],[19.923974,49.862129],[19.924109,49.861766],[19.924242,49.861402],[19.924375,49.861038],[19.924508,49.860674],[19.92464,49.86031],[19.925926,49.856765],[19.92598,49.856614],[19.926035,49.856463],[19.92609,49.856312],[19.926144,49.856161],[19.926198,49.856009],[19.926251,49.855858],[19.926304,49.855707],[19.926356,49.855555],[19.926407,49.855404],[19.926458,49.855252],[19.926507,49.8551],[19.926556,49.854948],[19.926603,49.854796],[19.926649,49.854643],[19.926693,49.854491],[19.926737,49.854338],[19.926778,49.854185],[19.926818,49.854032],[19.926856,49.853879],[19.926893,49.853726],[19.926927,49.853572],[19.926959,49.853418],[19.926989,49.853264],[19.927017,49.85311],[19.927043,49.852956],[19.927066,49.852801],[19.927086,49.852646],[19.927104,49.852492],[19.927119,49.852337],[19.927131,49.852182],[19.927141,49.852027],[19.927142,49.851272],[19.92707,49.850518],[19.926927,49.849769],[19.926711,49.849027],[19.926425,49.848295],[19.926069,49.847576],[19.925644,49.846873],[19.925548,49.84673],[19.92545,49.846589],[19.925349,49.846448],[19.925246,49.846308],[19.92514,49.846169],[19.925032,49.84603],[19.924921,49.845892],[19.924809,49.845755],[19.924694,49.845619],[19.924578,49.845483],[19.92446,49.845348],[19.92434,49.845213],[19.924218,49.845079],[19.924095,49.844946],[19.923971,49.844814],[19.923845,49.844681],[19.923718,49.84455],[19.923589,49.844419],[19.92346,49.844288],[19.92333,49.844157],[19.923198,49.844028],[19.923066,49.843898],[19.922933,49.843769],[19.9228,49.84364],[19.922666,49.843511],[19.922531,49.843382],[19.922396,49.843254],[19.922261,49.843126],[19.922125,49.842998],[19.92199,49.84287],[19.921854,49.842742],[19.920046,49.841038],[19.919814,49.84082],[19.919582,49.840601],[19.919351,49.840382],[19.91912,49.840164],[19.91889,49.839944],[19.918661,49.839725],[19.918433,49.839505],[19.918206,49.839284],[19.91798,49.839063],[19.917757,49.838841],[19.917534,49.838618],[19.917314,49.838395],[19.917096,49.838171],[19.91688,49.837945],[19.916667,49.837719],[19.916457,49.837492],[19.916249,49.837264],[19.916045,49.837034],[19.915843,49.836803],[19.915646,49.836571],[19.915452,49.836338],[19.915262,49.836103],[19.915075,49.835867],[19.914894,49.83563],[19.914717,49.835391],[19.914544,49.83515],[19.914377,49.834909],[19.914215,49.834665],[19.914058,49.834421],[19.913907,49.834174],[19.913762,49.833927],[19.913209,49.83285],[19.912772,49.831752],[19.912451,49.830637],[19.912248,49.82951]],[[19.91704,49.817315],[19.923437,49.808475]]]}},{"type":"Feature","properties":{"variant":"D","kind":"axisTunnel"},"geometry":{"type":"MultiLineString","coordinates":[[[19.914841,49.969884],[19.914679,49.969358],[19.914519,49.968566],[19.914439,49.967769],[19.914442,49.96697],[19.914525,49.966174],[19.91469,49.965382],[19.914717,49.965278],[19.914746,49.965175],[19.914749,49.965166]],[[19.901222,49.938618],[19.901221,49.938603],[19.901069,49.936528],[19.901057,49.936373],[19.901046,49.936218],[19.901034,49.936063],[19.901022,49.935908],[19.901009,49.935753],[19.900996,49.935598],[19.900983,49.935443],[19.900969,49.935288],[19.900954,49.935133],[19.900938,49.934979],[19.900921,49.934824],[19.900903,49.934669],[19.900884,49.934514],[19.900863,49.93436],[19.900842,49.934205],[19.900825,49.934097]]]}},{"type":"Feature","properties":{"variant":"D","kind":"axisTunnel"},"geometry":{"type":"MultiLineString","coordinates":[[[19.91236,49.830131],[19.912248,49.82951],[19.912165,49.828377],[19.912201,49.827243],[19.912357,49.826113],[19.912631,49.824993],[19.912712,49.824733],[19.912799,49.824475],[19.912892,49.824217],[19.912991,49.823959],[19.913095,49.823703],[19.913205,49.823448],[19.91332,49.823194],[19.913439,49.82294],[19.913563,49.822688],[19.913692,49.822436],[19.913824,49.822186],[19.913961,49.821936],[19.914102,49.821687],[19.914246,49.821439],[19.914393,49.821192],[19.914543,49.820945],[19.914697,49.8207],[19.914853,49.820455],[19.915012,49.82021],[19.915172,49.819967],[19.915336,49.819724],[19.915501,49.819481],[19.915667,49.819239],[19.915836,49.818998],[19.916005,49.818757],[19.916176,49.818516],[19.916348,49.818275],[19.91652,49.818035],[19.916693,49.817795],[19.916867,49.817555],[19.91704,49.817315],[19.921155,49.811629]]]}},{"type":"Feature","properties":{"variant":"D","kind":"tunnel","name":"SOLID"},"geometry":{"type":"Polygon","coordinates":[[[19.915106,49.969852],[19.914558,49.969919],[19.914506,49.969741],[19.914404,49.969388],[19.914337,49.969105],[19.914286,49.968841],[19.914227,49.968488],[19.9142,49.968268],[19.914175,49.968001],[19.914155,49.967621],[19.914157,49.96709],[19.914174,49.966788],[19.914232,49.96627],[19.914289,49.965917],[19.914352,49.965613],[19.914417,49.965342],[19.914475,49.965134],[19.915024,49.965197],[19.914967,49.965402],[19.914903,49.965664],[19.914842,49.965959],[19.914787,49.966301],[19.914731,49.966807],[19.914715,49.967097],[19.914712,49.967615],[19.914732,49.967984],[19.914756,49.968242],[19.914783,49.968454],[19.91484,49.9688],[19.91489,49.969055],[19.914954,49.969328],[19.915054,49.969675],[19.915106,49.969852]]]}},{"type":"Feature","properties":{"variant":"D","kind":"tunnel","name":"SOLID"},"geometry":{"type":"Polygon","coordinates":[[[19.901503,49.938609],[19.900946,49.938626],[19.90088,49.937723],[19.900809,49.93682],[19.900745,49.935942],[19.900675,49.935136],[19.900583,49.934357],[19.900548,49.934114],[19.901103,49.93408],[19.901138,49.934326],[19.901231,49.935112],[19.901302,49.935923],[19.901365,49.936803],[19.901437,49.937705],[19.901503,49.938609]]]}},{"type":"Feature","properties":{"variant":"D","kind":"tunnel","name":"SOLID"},"geometry":{"type":"Polygon","coordinates":[[[19.912622,49.830113],[19.912069,49.83015],[19.911986,49.829633],[19.911913,49.828937],[19.911888,49.828406],[19.911894,49.827697],[19.911987,49.826661],[19.912293,49.825183],[19.912727,49.823901],[19.913708,49.821859],[19.915986,49.818353],[19.917776,49.815874],[19.920458,49.812169],[19.920903,49.811553],[19.921407,49.811706],[19.920961,49.812321],[19.91828,49.816026],[19.916495,49.818499],[19.914231,49.821983],[19.913265,49.823993],[19.912841,49.825245],[19.912541,49.826695],[19.91245,49.827708],[19.912444,49.828402],[19.912468,49.828919],[19.91254,49.829602],[19.912622,49.830113]]]}},{"type":"Feature","properties":{"variant":"D","kind":"bridge","name":"SOLID"},"geometry":{"type":"Polygon","coordinates":[[[19.922861,49.992682],[19.922616,49.99222],[19.922853,49.992123],[19.92312,49.9926],[19.922861,49.992682]]]}},{"type":"Feature","properties":{"variant":"D","kind":"bridge","name":"SOLID"},"geometry":{"type":"Polygon","coordinates":[[[19.924064,49.99138],[19.923819,49.990919],[19.924057,49.990822],[19.924324,49.991298],[19.924064,49.99138]]]}},{"type":"Feature","properties":{"variant":"D","kind":"bridge","name":"SOLID"},"geometry":{"type":"Polygon","coordinates":[[[19.928985,49.995823],[19.928629,49.996099],[19.928055,49.995792],[19.928412,49.995515],[19.928985,49.995823]]]}},{"type":"Feature","properties":{"variant":"D","kind":"bridge","name":"SOLID"},"geometry":{"type":"Polygon","coordinates":[[[19.91982,49.976582],[19.920052,49.976742],[19.920576,49.976416],[19.920341,49.976253],[19.91982,49.976582]]]}},{"type":"Feature","properties":{"variant":"D","kind":"bridge","name":"SOLID"},"geometry":{"type":"Polygon","coordinates":[[[19.916635,49.959765],[19.916663,49.959495],[19.917594,49.959508],[19.917577,49.959795],[19.916635,49.959765]]]}},{"type":"Feature","properties":{"variant":"D","kind":"bridge","name":"SOLID"},"geometry":{"type":"Polygon","coordinates":[[[19.923987,49.992194],[19.923471,49.99233],[19.923219,49.991932],[19.923005,49.991522],[19.923534,49.991407],[19.923742,49.991807],[19.923987,49.992194]]]}},{"type":"Feature","properties":{"variant":"D","kind":"bridge","name":"SOLID"},"geometry":{"type":"Polygon","coordinates":[[[19.940607,50.002352],[19.940488,50.001965],[19.941592,50.001874],[19.941629,50.002159],[19.940607,50.002352]],[[19.941226,50.002681],[19.940985,50.002469],[19.941731,50.00226],[19.941901,50.002459],[19.941226,50.002681]]]}},{"type":"Feature","properties":{"variant":"D","kind":"bridge","name":"SOLID"},"geometry":{"type":"Polygon","coordinates":[[[19.938652,50.001889],[19.938279,50.001226],[19.938594,50.001195],[19.939029,50.001843],[19.938652,50.001889]]]}},{"type":"Feature","properties":{"variant":"D","kind":"bridge","name":"SOLID"},"geometry":{"type":"Polygon","coordinates":[[[19.937702,50.001775],[19.937601,50.001158],[19.938092,50.001163],[19.938213,50.001787],[19.937702,50.001775]]]}},{"type":"Feature","properties":{"variant":"D","kind":"bridge","name":"SOLID"},"geometry":{"type":"Polygon","coordinates":[[[19.93806,50.000885],[19.937897,50.00071],[19.938456,50.00032],[19.938684,50.00045],[19.93806,50.000885]]]}},{"type":"Feature","properties":{"variant":"D","kind":"bridge","name":"SOLID"},"geometry":{"type":"Polygon","coordinates":[[[19.93772,50.000552],[19.937499,50.0004],[19.938092,50.000142],[19.938282,50.000296],[19.93772,50.000552]]]}},{"type":"Feature","properties":{"variant":"D","kind":"bridge","name":"SOLID"},"geometry":{"type":"Polygon","coordinates":[[[19.941236,50.000712],[19.940893,50.000372],[19.941076,50.000276],[19.941484,50.000659],[19.941236,50.000712]]]}},{"type":"Feature","properties":{"variant":"D","kind":"bridge","name":"SOLID"},"geometry":{"type":"Polygon","coordinates":[[[19.941694,50.000791],[19.941493,50.000466],[19.941758,50.000424],[19.94193,50.000781],[19.941694,50.000791]]]}},{"type":"Feature","properties":{"variant":"D","kind":"bridge","name":"SOLID"},"geometry":{"type":"Polygon","coordinates":[[[19.908599,49.948691],[19.908896,49.948861],[19.909473,49.948465],[19.909188,49.948287],[19.908599,49.948691]]]}},{"type":"Feature","properties":{"variant":"D","kind":"bridge","name":"SOLID"},"geometry":{"type":"Polygon","coordinates":[[[19.941454,50.001594],[19.94146,50.001149],[19.941708,50.001136],[19.941682,50.001606],[19.941454,50.001594]]]}},{"type":"Feature","properties":{"variant":"D","kind":"bridge","name":"SOLID"},"geometry":{"type":"Polygon","coordinates":[[[19.941858,50.001602],[19.941868,50.00113],[19.942112,50.00111],[19.942054,50.001598],[19.941858,50.001602]]]}},{"type":"Feature","properties":{"variant":"D","kind":"bridge","name":"SOLID"},"geometry":{"type":"Polygon","coordinates":[[[19.939776,50.001801],[19.939051,50.001332],[19.93996,50.000912],[19.940666,50.001443],[19.939776,50.001801]]]}},{"type":"Feature","properties":{"variant":"D","kind":"bridge","name":"SOLID"},"geometry":{"type":"Polygon","coordinates":[[[19.886224,49.921886],[19.886899,49.921314],[19.887056,49.921391],[19.887213,49.921468],[19.887353,49.921537],[19.887689,49.921702],[19.887858,49.921786],[19.887183,49.922358],[19.887014,49.922274],[19.886679,49.92211],[19.886538,49.92204],[19.886381,49.921963],[19.886224,49.921886]]]}},{"type":"Feature","properties":{"variant":"D","kind":"bridge","name":"SOLID"},"geometry":{"type":"Polygon","coordinates":[[[19.871341,49.90842],[19.871416,49.908203],[19.870393,49.907959],[19.870274,49.908201],[19.871341,49.90842]]]}},{"type":"Feature","properties":{"variant":"D","kind":"bridge","name":"SOLID"},"geometry":{"type":"Polygon","coordinates":[[[19.871271,49.906955],[19.871212,49.906698],[19.870135,49.906738],[19.870158,49.906993],[19.871271,49.906955]]]}},{"type":"Feature","properties":{"variant":"D","kind":"bridge","name":"SOLID"},"geometry":{"type":"Polygon","coordinates":[[[19.88349,49.920563],[19.884009,49.920857],[19.884739,49.920264],[19.884251,49.920003],[19.88349,49.920563]]]}},{"type":"Feature","properties":{"variant":"D","kind":"bridge","name":"SOLID"},"geometry":{"type":"Polygon","coordinates":[[[19.895191,49.926579],[19.895419,49.926745],[19.896094,49.926302],[19.89589,49.926171],[19.895191,49.926579]]]}},{"type":"Feature","properties":{"variant":"D","kind":"bridge","name":"SOLID"},"geometry":{"type":"Polygon","coordinates":[[[19.88068,49.888735],[19.880959,49.888782],[19.881157,49.888056],[19.880856,49.888022],[19.88068,49.888735]]]}},{"type":"Feature","properties":{"variant":"D","kind":"bridge","name":"SOLID"},"geometry":{"type":"Polygon","coordinates":[[[19.911726,49.878495],[19.912013,49.878313],[19.91133,49.877798],[19.911062,49.877975],[19.911726,49.878495]]]}},{"type":"Feature","properties":{"variant":"D","kind":"bridge","name":"SOLID"},"geometry":{"type":"Polygon","coordinates":[[[19.918015,49.873689],[19.916822,49.873246],[19.917013,49.873064],[19.918156,49.873462],[19.918015,49.873689]]]}},{"type":"Feature","properties":{"variant":"D","kind":"bridge","name":"SOLID"},"geometry":{"type":"Polygon","coordinates":[[[19.9266,49.853936],[19.926663,49.853411],[19.927272,49.853394],[19.927115,49.853939],[19.9266,49.853936]]]}},{"type":"Feature","properties":{"variant":"D","kind":"bridge","name":"SOLID"},"geometry":{"type":"Polygon","coordinates":[[[19.927669,49.853856],[19.927459,49.853803],[19.927735,49.85326],[19.927951,49.853301],[19.927669,49.853856]]]}},{"type":"Feature","properties":{"variant":"D","kind":"bridge","name":"SOLID"},"geometry":{"type":"Polygon","coordinates":[[[19.926702,49.852508],[19.92744,49.852778],[19.927582,49.852623],[19.926842,49.852324],[19.926702,49.852508]]]}},{"type":"Feature","properties":{"variant":"D","kind":"bridge","name":"SOLID"},"geometry":{"type":"Polygon","coordinates":[[[19.912356,49.831896],[19.912292,49.83168],[19.91331,49.831807],[19.913306,49.831996],[19.912356,49.831896]]]}},{"type":"Feature","properties":{"variant":"D","kind":"bridge","name":"SOLID"},"geometry":{"type":"Polygon","coordinates":[[[19.912252,49.831459],[19.912256,49.831307],[19.91324,49.831482],[19.913227,49.831632],[19.912252,49.831459]]]}},{"type":"Feature","properties":{"variant":"D","kind":"bridge","name":"SOLID"},"geometry":{"type":"Polygon","coordinates":[[[19.925946,49.847504],[19.9254,49.847435],[19.925632,49.846666],[19.926178,49.846735],[19.925946,49.847504]]]}},{"type":"Feature","properties":{"variant":"D","kind":"bridge","name":"SOLID"},"geometry":{"type":"Polygon","coordinates":[[[19.943444,50.001456],[19.943672,50.001497],[19.944516,50.000716],[19.944315,50.000652],[19.943444,50.001456]]]}},{"type":"Feature","properties":{"variant":"D","kind":"interchangeName","name":"Węzeł Kraków Łagiewniki"},"geometry":{"type":"Point","coordinates":[19.945409,50.003381]}},{"type":"Feature","properties":{"variant":"D","kind":"interchangeName","name":"Węzeł Myślenice Północ"},"geometry":{"type":"Point","coordinates":[19.930335,49.855232]}},{"type":"Feature","properties":{"variant":"D","kind":"interchangeName","name":"Węzeł Głogoczów"},"geometry":{"type":"Point","coordinates":[19.874156,49.907383]}},{"type":"Feature","properties":{"variant":"D","kind":"interchangeName","name":"Węzeł Lusina"},"geometry":{"type":"Point","coordinates":[19.923285,49.976558]}},{"type":"Feature","properties":{"variant":"D","kind":"extent"},"geometry":{"type":"MultiLineString","coordinates":[[[-34.627626,0.002011],[-34.628194,0.001578]],[[-34.627629,0.002014],[-34.628195,0.001582]],[[-34.627634,0.002021],[-34.628197,0.001591]],[[-34.627639,0.002028],[-34.628199,0.001601]],[[-34.627642,0.002032],[-34.6282,0.001605]],[[-34.628194,0.001578],[-34.628626,0.001651]],[[-34.628195,0.001582],[-34.628627,0.001655]],[[-34.628197,0.001591],[-34.62863,0.001664]],[[-34.628199,0.001601],[-34.628633,0.001674]],[[-34.6282,0.001605],[-34.628634,0.001678]],[[-34.628626,0.001651],[-34.628848,0.001438]],[[-34.628627,0.001655],[-34.62885,0.001442]],[[-34.62863,0.001664],[-34.628855,0.001449]],[[-34.628633,0.001674],[-34.62886,0.001457]],[[-34.628634,0.001678],[-34.628862,0.001461]],[[-34.628848,0.001438],[-34.629472,0.001215]],[[-34.62885,0.001442],[-34.629473,0.001219]],[[-34.628855,0.001449],[-34.629476,0.001227]],[[-34.62886,0.001457],[-34.629479,0.001236]],[[-34.628862,0.001461],[-34.629481,0.001239]]]}},{"type":"Feature","properties":{"variant":"D","kind":"extent"},"geometry":{"type":"MultiLineString","coordinates":[[[-34.627566,0.001358],[-34.627778,0.001393]],[[-34.627565,0.001362],[-34.627779,0.001397]],[[-34.627564,0.001371],[-34.62778,0.001406]],[[-34.627562,0.00138],[-34.627782,0.001416]],[[-34.627562,0.001383],[-34.627782,0.00142]],[[-34.627778,0.001393],[-34.628287,0.001134]],[[-34.627779,0.001397],[-34.628288,0.001138]],[[-34.62778,0.001406],[-34.628292,0.001146]],[[-34.627782,0.001416],[-34.628295,0.001154]],[[-34.627782,0.00142],[-34.628297,0.001158]],[[-34.628287,0.001134],[-34.628741,0.000965]],[[-34.628288,0.001138],[-34.628742,0.000969]],[[-34.628292,0.001146],[-34.628745,0.000977]],[[-34.628295,0.001154],[-34.628748,0.000986]],[[-34.628297,0.001158],[-34.628749,0.000989]],[[-34.628741,0.000965],[-34.629152,0.000836]],[[-34.628742,0.000969],[-34.629155,0.000839]],[[-34.628745,0.000977],[-34.629161,0.000847]],[[-34.628748,0.000986],[-34.629166,0.000855]],[[-34.628749,0.000989],[-34.629169,0.000858]],[[-34.629152,0.000836],[-34.629208,0.000751]],[[-34.629155,0.000839],[-34.62921,0.000754]],[[-34.629161,0.000847],[-34.629216,0.000761]],[[-34.629166,0.000855],[-34.629222,0.000768]],[[-34.629169,0.000858],[-34.629224,0.000771]],[[-34.629208,0.000751],[-34.629282,0.00072]],[[-34.62921,0.000754],[-34.629283,0.000724]],[[-34.629216,0.000761],[-34.629286,0.000732]],[[-34.629222,0.000768],[-34.62929,0.00074]],[[-34.629224,0.000771],[-34.629291,0.000743]],[[-34.629282,0.00072],[-34.629394,0.000673]],[[-34.629283,0.000724],[-34.629394,0.000677]],[[-34.629286,0.000732],[-34.629394,0.000687]],[[-34.62929,0.00074],[-34.629394,0.000696]],[[-34.629291,0.000743],[-34.629394,0.0007]],[[-34.629394,0.000673],[-34.629514,0.000723]],[[-34.629394,0.000677],[-34.629514,0.000727]],[[-34.629394,0.000687],[-34.629514,0.000736]],[[-34.629394,0.000696],[-34.629514,0.000746]],[[-34.629394,0.0007],[-34.629514,0.00075]],[[-34.629514,0.000723],[-34.629814,0.000598]],[[-34.629514,0.000727],[-34.629815,0.000601]],[[-34.629514,0.000736],[-34.629819,0.000609]],[[-34.629514,0.000746],[-34.629822,0.000618]],[[-34.629514,0.00075],[-34.629823,0.000621]]]}},{"type":"Feature","properties":{"variant":"D","kind":"extent"},"geometry":{"type":"MultiLineString","coordinates":[[[19.933735,50.000386],[19.933862,50.000163]],[[19.933725,50.000383],[19.933856,50.000155]],[[19.933702,50.000378],[19.933841,50.000135]],[[19.933679,50.000373],[19.933827,50.000115]],[[19.933669,50.00037],[19.93382,50.000107]],[[19.933862,50.000163],[19.934535,50.000307]],[[19.933856,50.000155],[19.934539,50.000301]],[[19.933841,50.000135],[19.93455,50.000287]],[[19.933827,50.000115],[19.93456,50.000272]],[[19.93382,50.000107],[19.934564,50.000266]],[[19.934535,50.000307],[19.935627,50.000744]],[[19.934539,50.000301],[19.935627,50.000736]],[[19.93455,50.000287],[19.935628,50.000718]],[[19.93456,50.000272],[19.935628,50.000699]],[[19.934564,50.000266],[19.935628,50.000691]],[[19.935627,50.000744],[19.93667,50.000341]],[[19.935627,50.000736],[19.936652,50.000341]],[[19.935628,50.000718],[19.936608,50.000339]],[[19.935628,50.000699],[19.936564,50.000338]],[[19.935628,50.000691],[19.936546,50.000337]],[[19.93667,50.000341],[19.934362,49.999223]],[[19.936652,50.000341],[19.934356,49.999229]],[[19.936608,50.000339],[19.934341,49.999241]],[[19.936564,50.000338],[19.934327,49.999254]],[[19.936546,50.000337],[19.93432,49.999259]],[[19.934362,49.999223],[19.932966,49.998559]],[[19.934356,49.999229],[19.932963,49.998566]],[[19.934341,49.999241],[19.932955,49.998582]],[[19.934327,49.999254],[19.932946,49.998597]],[[19.93432,49.999259],[19.932943,49.998604]],[[19.932966,49.998559],[19.931598,49.998547]],[[19.932963,49.998566],[19.931594,49.998554]],[[19.932955,49.998582],[19.931584,49.998569]],[[19.932946,49.998597],[19.931574,49.998585]],[[19.932943,49.998604],[19.93157,49.998592]],[[19.931598,49.998547],[19.931207,49.998302]],[[19.931594,49.998554],[19.931197,49.998305]],[[19.931584,49.998569],[19.931173,49.998312]],[[19.931574,49.998585],[19.931149,49.998319]],[[19.93157,49.998592],[19.931139,49.998322]],[[19.931207,49.998302],[19.931182,49.997867]],[[19.931197,49.998305],[19.931172,49.997871]],[[19.931173,49.998312],[19.931148,49.997879]],[[19.931149,49.998319],[19.931124,49.997887]],[[19.931139,49.998322],[19.931114,49.99789]],[[19.931182,49.997867],[19.929389,49.996983]],[[19.931172,49.997871],[19.929383,49.996988]],[[19.931148,49.997879],[19.929367,49.997]],[[19.931124,49.997887],[19.929351,49.997012]],[[19.931114,49.99789],[19.929345,49.997018]],[[19.929389,49.996983],[19.928547,49.996496]],[[19.929383,49.996988],[19.92854,49.996501]],[[19.929367,49.997],[19.928522,49.996512]],[[19.929351,49.997012],[19.928504,49.996523]],[[19.929345,49.997018],[19.928496,49.996527]],[[19.928547,49.996496],[19.928044,49.996085]],[[19.92854,49.996501],[19.928036,49.996089]],[[19.928522,49.996512],[19.928017,49.996099]],[[19.928504,49.996523],[19.927997,49.996109]],[[19.928496,49.996527],[19.927989,49.996113]]]}},{"type":"Feature","properties":{"variant":"D","kind":"extent"},"geometry":{"type":"MultiLineString","coordinates":[[[19.928041,49.996084],[19.927588,49.995783]],[[19.928034,49.996088],[19.927581,49.995788]],[[19.928017,49.996099],[19.927564,49.9958]],[[19.927999,49.99611],[19.927548,49.995812]],[[19.927992,49.996115],[19.927541,49.995817]],[[19.927588,49.995783],[19.926842,49.995405]],[[19.927581,49.995788],[19.926835,49.99541]],[[19.927564,49.9958],[19.92682,49.995422]],[[19.927548,49.995812],[19.926804,49.995434]],[[19.927541,49.995817],[19.926797,49.995439]],[[19.926842,49.995405],[19.925822,49.994814]],[[19.926835,49.99541],[19.925815,49.994819]],[[19.92682,49.995422],[19.925799,49.994831]],[[19.926804,49.995434],[19.925783,49.994843]],[[19.926797,49.995439],[19.925776,49.994848]],[[19.925822,49.994814],[19.924734,49.99419]],[[19.925815,49.994819],[19.924726,49.994195]],[[19.925799,49.994831],[19.924708,49.994205]],[[19.925783,49.994843],[19.92469,49.994216]],[[19.925776,49.994848],[19.924683,49.994221]],[[19.924734,49.99419],[19.92372,49.993339]],[[19.924726,49.994195],[19.923711,49.993343]],[[19.924708,49.994205],[19.923691,49.993352]],[[19.92469,49.994216],[19.923671,49.993361]],[[19.924683,49.994221],[19.923662,49.993365]],[[19.92372,49.993339],[19.923039,49.992591]],[[19.923711,49.993343],[19.92303,49.992594]],[[19.923691,49.993352],[19.923007,49.992601]],[[19.923671,49.993361],[19.922985,49.992607]],[[19.923662,49.993365],[19.922975,49.99261]],[[19.923039,49.992591],[19.922658,49.991853]],[[19.92303,49.992594],[19.922647,49.991855]],[[19.923007,49.992601],[19.922624,49.99186]],[[19.922985,49.992607],[19.922601,49.991864]],[[19.922975,49.99261],[19.922591,49.991866]],[[19.922658,49.991853],[19.92223,49.990764]],[[19.922647,49.991855],[19.92222,49.990765]],[[19.922624,49.99186],[19.922196,49.990767]],[[19.922601,49.991864],[19.922171,49.990769]],[[19.922591,49.991866],[19.922161,49.99077]],[[19.92223,49.990764],[19.92221,49.989756]],[[19.92222,49.990765],[19.922199,49.989756]],[[19.922196,49.990767],[19.922175,49.989756]],[[19.922171,49.990769],[19.92215,49.989755]],[[19.922161,49.99077],[19.92214,49.989755]],[[19.92221,49.989756],[19.922318,49.988583]],[[19.922199,49.989756],[19.922307,49.988582]],[[19.922175,49.989756],[19.922283,49.988581]],[[19.92215,49.989755],[19.922258,49.98858]],[[19.92214,49.989755],[19.922248,49.988579]],[[19.922318,49.988583],[19.922398,49.988107]],[[19.922307,49.988582],[19.922387,49.988106]],[[19.922283,49.988581],[19.922363,49.988104]],[[19.922258,49.98858],[19.922339,49.988102]],[[19.922248,49.988579],[19.922329,49.988101]],[[19.922398,49.988107],[19.922487,49.987727]],[[19.922387,49.988106],[19.922477,49.987726]],[[19.922363,49.988104],[19.922452,49.987723]],[[19.922339,49.988102],[19.922428,49.987721]],[[19.922329,49.988101],[19.922418,49.98772]],[[19.922487,49.987727],[19.922487,49.987727]],[[19.922477,49.987726],[19.922477,49.987726]],[[19.922452,49.987723],[19.922452,49.987723]],[[19.922428,49.987721],[19.922428,49.987721]],[[19.922418,49.98772],[19.922418,49.98772]]]}},{"type":"Feature","properties":{"variant":"D","kind":"extent"},"geometry":{"type":"MultiLineString","coordinates":[[[19.937033,49.999425],[19.934887,49.998579]],[[19.937027,49.999431],[19.934881,49.998585]],[[19.937014,49.999445],[19.934868,49.998598]],[[19.937002,49.999458],[19.934854,49.998611]],[[19.936996,49.999464],[19.934848,49.998617]],[[19.934887,49.998579],[19.933472,49.997902]],[[19.934881,49.998585],[19.933466,49.997907]],[[19.934868,49.998598],[19.933452,49.99792]],[[19.934854,49.998611],[19.933438,49.997933]],[[19.934848,49.998617],[19.933432,49.997938]],[[19.933472,49.997902],[19.932371,49.997408]],[[19.933466,49.997907],[19.932365,49.997413]],[[19.933452,49.99792],[19.93235,49.997426]],[[19.933438,49.997933],[19.932335,49.997438]],[[19.933432,49.997938],[19.932329,49.997444]],[[19.932371,49.997408],[19.930761,49.996536]],[[19.932365,49.997413],[19.930754,49.996541]],[[19.93235,49.997426],[19.930738,49.996553]],[[19.932335,49.997438],[19.930721,49.996565]],[[19.932329,49.997444],[19.930715,49.99657]],[[19.930761,49.996536],[19.929823,49.995966]],[[19.930754,49.996541],[19.929816,49.995971]],[[19.930738,49.996553],[19.929799,49.995982]],[[19.930721,49.996565],[19.929783,49.995994]],[[19.930715,49.99657],[19.929775,49.995999]],[[19.929823,49.995966],[19.92918,49.99558]],[[19.929816,49.995971],[19.929173,49.995585]],[[19.929799,49.995982],[19.929156,49.995596]],[[19.929783,49.995994],[19.92914,49.995608]],[[19.929775,49.995999],[19.929132,49.995613]]]}},{"type":"Feature","properties":{"variant":"D","kind":"extent"},"geometry":{"type":"MultiLineString","coordinates":[[[19.929182,49.995581],[19.928044,49.994912]],[[19.929175,49.995586],[19.928036,49.994917]],[[19.929159,49.995598],[19.92802,49.994929]],[[19.929142,49.995609],[19.928003,49.99494]],[[19.929135,49.995614],[19.927996,49.994945]],[[19.928044,49.994912],[19.926604,49.993988]],[[19.928036,49.994917],[19.926596,49.993993]],[[19.92802,49.994929],[19.926578,49.994003]],[[19.928003,49.99494],[19.92656,49.994014]],[[19.927996,49.994945],[19.926552,49.994018]],[[19.926604,49.993988],[19.925536,49.993091]],[[19.926596,49.993993],[19.925527,49.993095]],[[19.926578,49.994003],[19.925507,49.993104]],[[19.92656,49.994014],[19.925486,49.993112]],[[19.926552,49.994018],[19.925478,49.993116]],[[19.925536,49.993091],[19.9245,49.991906]],[[19.925527,49.993095],[19.924491,49.991909]],[[19.925507,49.993104],[19.924468,49.991915]],[[19.925486,49.993112],[19.924446,49.991922]],[[19.925478,49.993116],[19.924436,49.991924]],[[19.9245,49.991906],[19.923986,49.990875]],[[19.924491,49.991909],[19.923976,49.990877]],[[19.924468,49.991915],[19.923952,49.99088]],[[19.924446,49.991922],[19.923928,49.990884]],[[19.924436,49.991924],[19.923918,49.990886]],[[19.923986,49.990875],[19.923644,49.989523]],[[19.923976,49.990877],[19.923633,49.989523]],[[19.923952,49.99088],[19.923609,49.989525]],[[19.923928,49.990884],[19.923585,49.989526]],[[19.923918,49.990886],[19.923574,49.989527]],[[19.923644,49.989523],[19.923608,49.988433]],[[19.923633,49.989523],[19.923598,49.988433]],[[19.923609,49.989525],[19.923573,49.988432]],[[19.923585,49.989526],[19.923549,49.988432]],[[19.923574,49.989527],[19.923538,49.988432]],[[19.923608,49.988433],[19.923705,49.987451]],[[19.923598,49.988433],[19.923694,49.987451]],[[19.923573,49.988432],[19.92367,49.98745]],[[19.923549,49.988432],[19.923646,49.987449]],[[19.923538,49.988432],[19.923635,49.987448]]]}},{"type":"Feature","properties":{"variant":"D","kind":"extent"},"geometry":{"type":"MultiLineString","coordinates":[[[19.922487,49.987726],[19.922806,49.98618]],[[19.922477,49.987726],[19.922795,49.986179]],[[19.922452,49.987723],[19.922771,49.986177]],[[19.922428,49.987721],[19.922747,49.986175]],[[19.922418,49.987721],[19.922737,49.986174]],[[19.922806,49.98618],[19.923079,49.98487]],[[19.922795,49.986179],[19.923069,49.984869]],[[19.922771,49.986177],[19.923045,49.984867]],[[19.922747,49.986175],[19.92302,49.984866]],[[19.922737,49.986174],[19.92301,49.984865]],[[19.923079,49.98487],[19.923213,49.983907]],[[19.923069,49.984869],[19.923202,49.983906]],[[19.923045,49.984867],[19.923178,49.983905]],[[19.92302,49.984866],[19.923154,49.983904]],[[19.92301,49.984865],[19.923143,49.983904]],[[19.923213,49.983907],[19.92331,49.982652]],[[19.923202,49.983906],[19.9233,49.982652]],[[19.923178,49.983905],[19.923275,49.982653]],[[19.923154,49.983904],[19.923251,49.982654]],[[19.923143,49.983904],[19.92324,49.982654]],[[19.92331,49.982652],[19.923015,49.98119]],[[19.9233,49.982652],[19.923005,49.981191]],[[19.923275,49.982653],[19.922981,49.981194]],[[19.923251,49.982654],[19.922957,49.981196]],[[19.92324,49.982654],[19.922947,49.981197]],[[19.923015,49.98119],[19.922658,49.980046]],[[19.923005,49.981191],[19.922648,49.980048]],[[19.922981,49.981194],[19.922625,49.980052]],[[19.922957,49.981196],[19.922601,49.980057]],[[19.922947,49.981197],[19.922591,49.980058]],[[19.922658,49.980046],[19.921892,49.97877]],[[19.922648,49.980048],[19.921883,49.978774]],[[19.922625,49.980052],[19.921862,49.978782]],[[19.922601,49.980057],[19.921841,49.97879]],[[19.922591,49.980058],[19.921832,49.978794]],[[19.921892,49.97877],[19.920379,49.977683]],[[19.921883,49.978774],[19.920371,49.977688]],[[19.921862,49.978782],[19.920353,49.977699]],[[19.921841,49.97879],[19.920335,49.97771]],[[19.921832,49.978794],[19.920328,49.977714]],[[19.920379,49.977683],[19.91948,49.977085]],[[19.920371,49.977688],[19.919474,49.977091]],[[19.920353,49.977699],[19.91946,49.977105]],[[19.920335,49.97771],[19.919447,49.977118]],[[19.920328,49.977714],[19.919441,49.977124]],[[19.91948,49.977085],[19.919472,49.977084]],[[19.919474,49.977091],[19.919468,49.97709]],[[19.91946,49.977105],[19.91946,49.977105]],[[19.919447,49.977118],[19.919452,49.97712]],[[19.919441,49.977124],[19.919449,49.977126]],[[19.919472,49.977084],[19.919472,49.977084]],[[19.919468,49.97709],[19.919468,49.97709]],[[19.91946,49.977105],[19.91946,49.977105]],[[19.919452,49.97712],[19.919452,49.97712]],[[19.919449,49.977126],[19.919449,49.977126]],[[19.919472,49.977084],[19.919472,49.977084]],[[19.919468,49.97709],[19.919468,49.97709]],[[19.91946,49.977105],[19.91946,49.977105]],[[19.919452,49.97712],[19.919452,49.97712]],[[19.919449,49.977126],[19.919449,49.977126]],[[19.919472,49.977084],[19.919472,49.977084]],[[19.919468,49.97709],[19.919468,49.97709]],[[19.91946,49.977105],[19.91946,49.977105]],[[19.919452,49.97712],[19.919452,49.97712]],[[19.919449,49.977126],[19.919449,49.977126]],[[19.919472,49.977084],[19.919472,49.977084]],[[19.919468,49.97709],[19.919468,49.97709]],[[19.91946,49.977105],[19.91946,49.977105]],[[19.919452,49.97712],[19.919452,49.97712]],[[19.919449,49.977126],[19.919449,49.977126]]]}},{"type":"Feature","properties":{"variant":"D","kind":"extent"},"geometry":{"type":"MultiLineString","coordinates":[[[19.923715,49.980295],[19.923889,49.980705]],[[19.923725,49.980294],[19.923899,49.980704]],[[19.923749,49.980289],[19.923923,49.980701]],[[19.923772,49.980285],[19.923947,49.980698]],[[19.923782,49.980284],[19.923957,49.980697]],[[19.923889,49.980705],[19.923889,49.980705]],[[19.923899,49.980704],[19.923899,49.980704]],[[19.923923,49.980701],[19.923923,49.980701]],[[19.923947,49.980698],[19.923947,49.980698]],[[19.923957,49.980697],[19.923957,49.980697]],[[19.923889,49.980705],[19.924099,49.981214]],[[19.923899,49.980704],[19.92411,49.981213]],[[19.923923,49.980701],[19.924134,49.98121]],[[19.923947,49.980698],[19.924157,49.981207]],[[19.923957,49.980697],[19.924168,49.981206]],[[19.924099,49.981214],[19.92433,49.982303]],[[19.92411,49.981213],[19.924341,49.982303]],[[19.924134,49.98121],[19.924365,49.982302]],[[19.924157,49.981207],[19.92439,49.982301]],[[19.924168,49.981206],[19.9244,49.982301]],[[19.92433,49.982303],[19.924208,49.984572]],[[19.924341,49.982303],[19.924218,49.984572]],[[19.924365,49.982302],[19.924243,49.984573]],[[19.92439,49.982301],[19.924267,49.984574]],[[19.9244,49.982301],[19.924278,49.984575]],[[19.924208,49.984572],[19.923858,49.986527]],[[19.924218,49.984572],[19.923868,49.986528]],[[19.924243,49.984573],[19.923892,49.98653]],[[19.924267,49.984574],[19.923917,49.986532]],[[19.924278,49.984575],[19.923927,49.986533]],[[19.923858,49.986527],[19.923635,49.987446]],[[19.923868,49.986528],[19.923646,49.987447]],[[19.923892,49.98653],[19.92367,49.98745]],[[19.923917,49.986532],[19.923694,49.987452]],[[19.923927,49.986533],[19.923704,49.987453]]]}},{"type":"Feature","properties":{"variant":"D","kind":"extent"},"geometry":{"type":"MultiLineString","coordinates":[[[19.903407,49.945419],[19.90362,49.945691]],[[19.903416,49.945416],[19.903629,49.945687]],[[19.903438,49.945409],[19.903649,49.945678]],[[19.90346,49.945401],[19.903669,49.945669]],[[19.903469,49.945398],[19.903678,49.945665]],[[19.90362,49.945691],[19.904658,49.946382]],[[19.903629,49.945687],[19.904667,49.946378]],[[19.903649,49.945678],[19.904686,49.946369]],[[19.903669,49.945669],[19.904706,49.946359]],[[19.903678,49.945665],[19.904714,49.946355]],[[19.904658,49.946382],[19.904788,49.946523]],[[19.904667,49.946378],[19.904798,49.946521]],[[19.904686,49.946369],[19.904823,49.946517]],[[19.904706,49.946359],[19.904847,49.946513]],[[19.904714,49.946355],[19.904858,49.946511]],[[19.904788,49.946523],[19.904776,49.946888]],[[19.904798,49.946521],[19.904786,49.946888]],[[19.904823,49.946517],[19.90481,49.946889]],[[19.904847,49.946513],[19.904835,49.946889]],[[19.904858,49.946511],[19.904845,49.94689]],[[19.904776,49.946888],[19.904681,49.947867]],[[19.904786,49.946888],[19.904692,49.947867]],[[19.90481,49.946889],[19.904716,49.947866]],[[19.904835,49.946889],[19.904741,49.947865]],[[19.904845,49.94689],[19.904751,49.947865]],[[19.904681,49.947867],[19.904893,49.948627]],[[19.904692,49.947867],[19.904903,49.948624]],[[19.904716,49.947866],[19.904925,49.948618]],[[19.904741,49.947865],[19.904948,49.948611]],[[19.904751,49.947865],[19.904958,49.948608]],[[19.904893,49.948627],[19.905464,49.949083]],[[19.904903,49.948624],[19.905471,49.949078]],[[19.904925,49.948618],[19.905487,49.949066]],[[19.904948,49.948611],[19.905504,49.949054]],[[19.904958,49.948608],[19.905511,49.949049]],[[19.905464,49.949083],[19.906091,49.949331]],[[19.905471,49.949078],[19.906095,49.949325]],[[19.905487,49.949066],[19.906105,49.94931]],[[19.905504,49.949054],[19.906115,49.949296]],[[19.905511,49.949049],[19.90612,49.94929]],[[19.906091,49.949331],[19.906927,49.94949]],[[19.906095,49.949325],[19.906927,49.949483]],[[19.906105,49.94931],[19.906929,49.949467]],[[19.906115,49.949296],[19.906931,49.94945]],[[19.90612,49.94929],[19.906931,49.949444]],[[19.906927,49.94949],[19.90776,49.9494]],[[19.906927,49.949483],[19.907757,49.949394]],[[19.906929,49.949467],[19.90775,49.949379]],[[19.906931,49.94945],[19.907743,49.949363]],[[19.906931,49.949444],[19.90774,49.949357]],[[19.90776,49.9494],[19.908084,49.949312]],[[19.907757,49.949394],[19.908079,49.949306]],[[19.90775,49.949379],[19.908069,49.949292]],[[19.907743,49.949363],[19.908058,49.949278]],[[19.90774,49.949357],[19.908054,49.949271]],[[19.908084,49.949312],[19.90853,49.949161]],[[19.908079,49.949306],[19.908525,49.949155]],[[19.908069,49.949292],[19.908514,49.949141]],[[19.908058,49.949278],[19.908503,49.949127]],[[19.908054,49.949271],[19.908498,49.949121]],[[19.90853,49.949161],[19.908864,49.949054]],[[19.908525,49.949155],[19.908862,49.949047]],[[19.908514,49.949141],[19.908859,49.94903]],[[19.908503,49.949127],[19.908855,49.949014]],[[19.908498,49.949121],[19.908853,49.949007]],[[19.908864,49.949054],[19.909155,49.949086]],[[19.908862,49.949047],[19.90916,49.94908]],[[19.908859,49.94903],[19.909171,49.949065]],[[19.908855,49.949014],[19.909183,49.94905]],[[19.908853,49.949007],[19.909188,49.949044]],[[19.909155,49.949086],[19.911106,49.950334]],[[19.90916,49.94908],[19.911113,49.950329]],[[19.909171,49.949065],[19.91113,49.950318]],[[19.909183,49.94905],[19.911147,49.950307]],[[19.909188,49.949044],[19.911155,49.950302]],[[19.911106,49.950334],[19.914241,49.952312]],[[19.911113,49.950329],[19.914249,49.952308]],[[19.91113,49.950318],[19.914268,49.952298]],[[19.911147,49.950307],[19.914286,49.952287]],[[19.911155,49.950302],[19.914294,49.952283]],[[19.914241,49.952312],[19.915639,49.953569]],[[19.914249,49.952308],[19.915648,49.953566]],[[19.914268,49.952298],[19.91567,49.953558]],[[19.914286,49.952287],[19.915691,49.953551]],[[19.914294,49.952283],[19.915701,49.953548]],[[19.915639,49.953569],[19.91644,49.954977]],[[19.915648,49.953566],[19.91645,49.954975]],[[19.91567,49.953558],[19.916473,49.954969]],[[19.915691,49.953551],[19.916495,49.954964]],[[19.915701,49.953548],[19.916505,49.954962]]]}},{"type":"Feature","properties":{"variant":"D","kind":"extent"},"geometry":{"type":"MultiLineString","coordinates":[[[19.904888,49.945575],[19.904143,49.944757]],[[19.904879,49.945578],[19.904134,49.944761]],[[19.904858,49.945586],[19.904114,49.94477]],[[19.904837,49.945594],[19.904093,49.944778]],[[19.904828,49.945597],[19.904084,49.944782]],[[19.904143,49.944757],[19.903572,49.94422]],[[19.904134,49.944761],[19.903562,49.944223]],[[19.904114,49.94477],[19.90354,49.94423]],[[19.904093,49.944778],[19.903518,49.944237]],[[19.904084,49.944782],[19.903508,49.94424]],[[19.903572,49.94422],[19.902946,49.94293]],[[19.903562,49.944223],[19.902936,49.942932]],[[19.90354,49.94423],[19.902913,49.942937]],[[19.903518,49.944237],[19.90289,49.942942]],[[19.903508,49.94424],[19.90288,49.942945]],[[19.902946,49.94293],[19.902354,49.941868]],[[19.902936,49.942932],[19.902344,49.941869]],[[19.902913,49.942937],[19.90232,49.941873]],[[19.90289,49.942942],[19.902296,49.941876]],[[19.90288,49.942945],[19.902286,49.941878]],[[19.902354,49.941868],[19.902223,49.941016]],[[19.902344,49.941869],[19.902213,49.941017]],[[19.90232,49.941873],[19.902188,49.941019]],[[19.902296,49.941876],[19.902164,49.94102]],[[19.902286,49.941878],[19.902154,49.941021]],[[19.902223,49.941016],[19.902055,49.94008]],[[19.902213,49.941017],[19.902045,49.940082]],[[19.902188,49.941019],[19.902021,49.940084]],[[19.902164,49.94102],[19.901997,49.940087]],[[19.902154,49.941021],[19.901986,49.940088]],[[19.902055,49.94008],[19.901822,49.939403]],[[19.902045,49.940082],[19.901812,49.939403]],[[19.902021,49.940084],[19.901787,49.939403]],[[19.901997,49.940087],[19.901762,49.939404]],[[19.901986,49.940088],[19.901751,49.939404]],[[19.901822,49.939403],[19.902066,49.938637]],[[19.901812,49.939403],[19.902056,49.938637]],[[19.901787,49.939403],[19.902031,49.938636]],[[19.901762,49.939404],[19.902006,49.938635]],[[19.901751,49.939404],[19.901996,49.938635]],[[19.902066,49.938637],[19.901983,49.938048]],[[19.902056,49.938637],[19.901972,49.938049]],[[19.902031,49.938636],[19.901948,49.93805]],[[19.902006,49.938635],[19.901924,49.938052]],[[19.901996,49.938635],[19.901913,49.938052]]]}},{"type":"Feature","properties":{"variant":"D","kind":"extent"},"geometry":{"type":"MultiLineString","coordinates":[[[19.927528,49.996359],[19.929881,49.995316]],[[19.927522,49.996353],[19.929875,49.99531]],[[19.9275,49.996333],[19.929854,49.99529]],[[19.927478,49.996313],[19.929832,49.995269]],[[19.927473,49.996307],[19.929826,49.995264]]]}},{"type":"Feature","properties":{"variant":"D","kind":"extent"},"geometry":{"type":"MultiLineString","coordinates":[[[19.91981,49.976788],[19.920655,49.976244]],[[19.919803,49.976783],[19.920647,49.976239]],[[19.919776,49.976765],[19.92062,49.976222]],[[19.919749,49.976748],[19.920593,49.976204]],[[19.919741,49.976743],[19.920586,49.9762]]]}},{"type":"Feature","properties":{"variant":"D","kind":"extent"},"geometry":{"type":"MultiLineString","coordinates":[[[19.923782,49.980282],[19.92311,49.978983]],[[19.923772,49.980285],[19.9231,49.978985]],[[19.923749,49.980289],[19.923077,49.97899]],[[19.923726,49.980294],[19.923054,49.978995]],[[19.923716,49.980297],[19.923044,49.978997]]]}},{"type":"Feature","properties":{"variant":"D","kind":"extent"},"geometry":{"type":"MultiLineString","coordinates":[[[19.918028,49.972642],[19.917605,49.973329]],[[19.918038,49.972645],[19.917615,49.97333]],[[19.918061,49.972651],[19.917639,49.973333]],[[19.918083,49.972656],[19.917664,49.973336]],[[19.918093,49.972659],[19.917674,49.973338]],[[19.917605,49.973329],[19.917602,49.973443]],[[19.917615,49.97333],[19.917612,49.973443]],[[19.917639,49.973333],[19.917637,49.973443]],[[19.917664,49.973336],[19.917661,49.973443]],[[19.917674,49.973338],[19.917672,49.973443]],[[19.917602,49.973443],[19.917599,49.973574]],[[19.917612,49.973443],[19.91761,49.973573]],[[19.917637,49.973443],[19.917634,49.973569]],[[19.917661,49.973443],[19.917658,49.973565]],[[19.917672,49.973443],[19.917669,49.973563]],[[19.917599,49.973574],[19.917791,49.973806]],[[19.91761,49.973573],[19.9178,49.973802]],[[19.917634,49.973569],[19.917819,49.973793]],[[19.917658,49.973565],[19.917839,49.973783]],[[19.917669,49.973563],[19.917848,49.973779]],[[19.917791,49.973806],[19.919557,49.974939]],[[19.9178,49.973802],[19.919564,49.974934]],[[19.917819,49.973793],[19.919582,49.974923]],[[19.917839,49.973783],[19.919599,49.974912]],[[19.917848,49.973779],[19.919606,49.974907]]]}},{"type":"Feature","properties":{"variant":"D","kind":"extent"},"geometry":{"type":"MultiLineString","coordinates":[[[19.914104,49.962677],[19.914793,49.962781]],[[19.914107,49.96267],[19.914789,49.962773]],[[19.914115,49.962649],[19.914774,49.962748]],[[19.914123,49.962627],[19.914759,49.962723]],[[19.914125,49.96262],[19.914755,49.962715]],[[19.914793,49.962781],[19.915285,49.962336]],[[19.914789,49.962773],[19.915277,49.962332]],[[19.914774,49.962748],[19.915249,49.962319]],[[19.914759,49.962723],[19.915221,49.962305]],[[19.914755,49.962715],[19.915212,49.962301]],[[19.915285,49.962336],[19.915693,49.961998]],[[19.915277,49.962332],[19.915683,49.961996]],[[19.915249,49.962319],[19.915649,49.961987]],[[19.915221,49.962305],[19.915615,49.961978]],[[19.915212,49.962301],[19.915605,49.961976]],[[19.915693,49.961998],[19.915775,49.961492]],[[19.915683,49.961996],[19.915764,49.961491]],[[19.915649,49.961987],[19.91573,49.961487]],[[19.915615,49.961978],[19.915696,49.961483]],[[19.915605,49.961976],[19.915685,49.961482]],[[19.915775,49.961492],[19.916066,49.960704]],[[19.915764,49.961491],[19.916056,49.960702]],[[19.91573,49.961487],[19.916022,49.960696]],[[19.915696,49.961483],[19.915988,49.960691]],[[19.915685,49.961482],[19.915978,49.960689]],[[19.916066,49.960704],[19.916542,49.959627]],[[19.916056,49.960702],[19.916532,49.959625]],[[19.916022,49.960696],[19.916499,49.959619]],[[19.915988,49.960691],[19.916465,49.959613]],[[19.915978,49.960689],[19.916455,49.959611]]]}},{"type":"Feature","properties":{"variant":"D","kind":"extent"},"geometry":{"type":"MultiLineString","coordinates":[[[19.916613,49.962325],[19.915453,49.964542]],[[19.916623,49.962328],[19.915462,49.964544]],[[19.916646,49.962333],[19.915486,49.964549]],[[19.916669,49.962338],[19.915509,49.964554]],[[19.916679,49.96234],[19.915519,49.964556]]]}},{"type":"Feature","properties":{"variant":"D","kind":"extent"},"geometry":{"type":"MultiLineString","coordinates":[[[19.916439,49.954974],[19.91707,49.956752]],[[19.916449,49.954973],[19.917081,49.956752]],[[19.916473,49.954969],[19.917106,49.956752]],[[19.916496,49.954966],[19.917131,49.956752]],[[19.916506,49.954964],[19.917142,49.956752]],[[19.91707,49.956752],[19.917027,49.956873]],[[19.917081,49.956752],[19.917038,49.956874]],[[19.917106,49.956752],[19.917061,49.956878]],[[19.917131,49.956752],[19.917085,49.956881]],[[19.917142,49.956752],[19.917095,49.956883]]]}},{"type":"Feature","properties":{"variant":"D","kind":"extent"},"geometry":{"type":"MultiLineString","coordinates":[[[19.918439,49.955074],[19.918432,49.955936]],[[19.918449,49.955074],[19.918443,49.955937]],[[19.918473,49.955074],[19.918467,49.955938]],[[19.918498,49.955074],[19.918492,49.955939]],[[19.918508,49.955074],[19.918502,49.955939]],[[19.918432,49.955936],[19.918146,49.957376]],[[19.918443,49.955937],[19.918156,49.957377]],[[19.918467,49.955938],[19.91818,49.957378]],[[19.918492,49.955939],[19.918205,49.95738]],[[19.918502,49.955939],[19.918215,49.957381]],[[19.918146,49.957376],[19.917977,49.958598]],[[19.918156,49.957377],[19.917987,49.958599]],[[19.91818,49.957378],[19.918011,49.958601]],[[19.918205,49.95738],[19.918035,49.958602]],[[19.918215,49.957381],[19.918046,49.958603]],[[19.917977,49.958598],[19.917763,49.959673]],[[19.917987,49.958599],[19.917773,49.959674]],[[19.918011,49.958601],[19.917797,49.959676]],[[19.918035,49.958602],[19.917822,49.959678]],[[19.918046,49.958603],[19.917832,49.959679]]]}},{"type":"Feature","properties":{"variant":"D","kind":"extent"},"geometry":{"type":"MultiLineString","coordinates":[[[19.916532,49.959626],[19.916938,49.958834]],[[19.916522,49.959624],[19.916928,49.958832]],[[19.916499,49.959619],[19.916905,49.958827]],[[19.916475,49.959614],[19.916882,49.958822]],[[19.916465,49.959612],[19.916872,49.958819]],[[19.916938,49.958834],[19.916938,49.958834]],[[19.916928,49.958832],[19.916928,49.958832]],[[19.916905,49.958827],[19.916905,49.958827]],[[19.916882,49.958822],[19.916882,49.958821]],[[19.916872,49.958819],[19.916872,49.958819]],[[19.916938,49.958834],[19.916938,49.958834]],[[19.916928,49.958832],[19.916928,49.958832]],[[19.916905,49.958827],[19.916905,49.958827]],[[19.916882,49.958821],[19.916882,49.958821]],[[19.916872,49.958819],[19.916872,49.958819]],[[19.916938,49.958834],[19.916938,49.958834]],[[19.916928,49.958832],[19.916928,49.958832]],[[19.916905,49.958827],[19.916905,49.958827]],[[19.916882,49.958821],[19.916882,49.958821]],[[19.916872,49.958819],[19.916872,49.958819]]]}},{"type":"Feature","properties":{"variant":"D","kind":"extent"},"geometry":{"type":"MultiLineString","coordinates":[[[19.915842,49.958947],[19.915777,49.959305]],[[19.915852,49.958948],[19.915788,49.959305]],[[19.915891,49.958951],[19.915827,49.959303]],[[19.915929,49.958954],[19.915865,49.959302]],[[19.915939,49.958955],[19.915876,49.959302]],[[19.915777,49.959305],[19.915831,49.959451]],[[19.915788,49.959305],[19.91584,49.959448]],[[19.915827,49.959303],[19.915874,49.959434]],[[19.915865,49.959302],[19.915909,49.95942]],[[19.915876,49.959302],[19.915918,49.959417]],[[19.915831,49.959451],[19.916094,49.959593]],[[19.91584,49.959448],[19.916099,49.959587]],[[19.915874,49.959434],[19.916117,49.959564]],[[19.915909,49.95942],[19.916135,49.959542]],[[19.915918,49.959417],[19.91614,49.959536]],[[19.916094,49.959593],[19.916378,49.959642]],[[19.916099,49.959587],[19.91638,49.959636]],[[19.916117,49.959564],[19.916386,49.959611]],[[19.916135,49.959542],[19.916392,49.959587]],[[19.91614,49.959536],[19.916394,49.95958]],[[19.916378,49.959642],[19.917726,49.959693]],[[19.91638,49.959636],[19.91773,49.959686]],[[19.916386,49.959611],[19.917743,49.959662]],[[19.916392,49.959587],[19.917755,49.959638]],[[19.916394,49.95958],[19.917759,49.959631]],[[19.917726,49.959693],[19.917956,49.959792]],[[19.91773,49.959686],[19.917964,49.959788]],[[19.917743,49.959662],[19.917993,49.95977]],[[19.917755,49.959638],[19.918022,49.959753]],[[19.917759,49.959631],[19.91803,49.959748]],[[19.917956,49.959792],[19.918047,49.959897]],[[19.917964,49.959788],[19.918057,49.959894]],[[19.917993,49.95977],[19.918093,49.959885]],[[19.918022,49.959753],[19.918129,49.959876]],[[19.91803,49.959748],[19.918139,49.959874]],[[19.918047,49.959897],[19.91812,49.960105]],[[19.918057,49.959894],[19.918131,49.960104]],[[19.918093,49.959885],[19.918169,49.960101]],[[19.918129,49.959876],[19.918207,49.960098]],[[19.918139,49.959874],[19.918218,49.960098]],[[19.91812,49.960105],[19.918122,49.960318]],[[19.918131,49.960104],[19.918132,49.960318]],[[19.918169,49.960101],[19.918171,49.960318]],[[19.918207,49.960098],[19.918209,49.960318]],[[19.918218,49.960098],[19.91822,49.960318]]]}},{"type":"Feature","properties":{"variant":"D","kind":"extent"},"geometry":{"type":"MultiLineString","coordinates":[[[19.918692,49.95357],[19.918848,49.95244]],[[19.918682,49.953569],[19.918838,49.95244]],[[19.918657,49.953568],[19.918813,49.952438]],[[19.918633,49.953566],[19.918789,49.952437]],[[19.918623,49.953566],[19.918779,49.952436]],[[19.918848,49.95244],[19.919054,49.950931]],[[19.918838,49.95244],[19.919043,49.950934]],[[19.918813,49.952438],[19.919018,49.95094]],[[19.918789,49.952437],[19.918993,49.950947]],[[19.918779,49.952436],[19.918982,49.95095]],[[19.919054,49.950931],[19.915198,49.948706]],[[19.919043,49.950934],[19.915193,49.948712]],[[19.919018,49.95094],[19.915181,49.948726]],[[19.918993,49.950947],[19.915169,49.94874]],[[19.918982,49.95095],[19.915163,49.948746]],[[19.915198,49.948706],[19.910412,49.947831]],[[19.915193,49.948712],[19.91041,49.947837]],[[19.915181,49.948726],[19.910403,49.947852]],[[19.915169,49.94874],[19.910397,49.947868]],[[19.915163,49.948746],[19.910394,49.947874]],[[19.910412,49.947831],[19.908185,49.947469]],[[19.91041,49.947837],[19.908182,49.947476]],[[19.910403,49.947852],[19.908174,49.947491]],[[19.910397,49.947868],[19.908167,49.947506]],[[19.910394,49.947874],[19.908164,49.947513]],[[19.908185,49.947469],[19.907881,49.947398]],[[19.908182,49.947476],[19.907876,49.947404]],[[19.908174,49.947491],[19.907864,49.947418]],[[19.908167,49.947506],[19.907853,49.947432]],[[19.908164,49.947513],[19.907848,49.947438]],[[19.907881,49.947398],[19.907626,49.947276]],[[19.907876,49.947404],[19.907619,49.947281]],[[19.907864,49.947418],[19.907604,49.947293]],[[19.907853,49.947432],[19.907588,49.947305]],[[19.907848,49.947438],[19.907582,49.94731]],[[19.907626,49.947276],[19.907399,49.94714]],[[19.907619,49.947281],[19.907391,49.947145]],[[19.907604,49.947293],[19.907375,49.947157]],[[19.907588,49.947305],[19.907358,49.947168]],[[19.907582,49.94731],[19.907351,49.947173]],[[19.907399,49.94714],[19.905767,49.946168]],[[19.907391,49.947145],[19.905759,49.946173]],[[19.907375,49.947157],[19.905742,49.946184]],[[19.907358,49.947168],[19.905725,49.946195]],[[19.907351,49.947173],[19.905718,49.9462]],[[19.905767,49.946168],[19.904883,49.94557]],[[19.905759,49.946173],[19.904876,49.945575]],[[19.905742,49.946184],[19.904858,49.945586]],[[19.905725,49.946195],[19.90484,49.945597]],[[19.905718,49.9462],[19.904833,49.945601]]]}},{"type":"Feature","properties":{"variant":"D","kind":"extent"},"geometry":{"type":"MultiLineString","coordinates":[[[19.918692,49.95357],[19.918848,49.95244]],[[19.918682,49.953569],[19.918838,49.95244]],[[19.918657,49.953568],[19.918813,49.952438]],[[19.918633,49.953566],[19.918789,49.952437]],[[19.918623,49.953566],[19.918779,49.952436]],[[19.918848,49.95244],[19.919054,49.950931]],[[19.918838,49.95244],[19.919043,49.950934]],[[19.918813,49.952438],[19.919018,49.95094]],[[19.918789,49.952437],[19.918993,49.950947]],[[19.918779,49.952436],[19.918982,49.95095]],[[19.919054,49.950931],[19.915198,49.948706]],[[19.919043,49.950934],[19.915193,49.948712]],[[19.919018,49.95094],[19.915181,49.948726]],[[19.918993,49.950947],[19.915169,49.94874]],[[19.918982,49.95095],[19.915163,49.948746]],[[19.915198,49.948706],[19.910412,49.947831]],[[19.915193,49.948712],[19.91041,49.947837]],[[19.915181,49.948726],[19.910403,49.947852]],[[19.915169,49.94874],[19.910397,49.947868]],[[19.915163,49.948746],[19.910394,49.947874]],[[19.910412,49.947831],[19.908185,49.947469]],[[19.91041,49.947837],[19.908182,49.947476]],[[19.910403,49.947852],[19.908174,49.947491]],[[19.910397,49.947868],[19.908167,49.947506]],[[19.910394,49.947874],[19.908164,49.947513]],[[19.908185,49.947469],[19.907881,49.947398]],[[19.908182,49.947476],[19.907876,49.947404]],[[19.908174,49.947491],[19.907864,49.947418]],[[19.908167,49.947506],[19.907853,49.947432]],[[19.908164,49.947513],[19.907848,49.947438]],[[19.907881,49.947398],[19.907626,49.947276]],[[19.907876,49.947404],[19.907619,49.947281]],[[19.907864,49.947418],[19.907604,49.947293]],[[19.907853,49.947432],[19.907588,49.947305]],[[19.907848,49.947438],[19.907582,49.94731]],[[19.907626,49.947276],[19.907399,49.94714]],[[19.907619,49.947281],[19.907391,49.947145]],[[19.907604,49.947293],[19.907375,49.947157]],[[19.907588,49.947305],[19.907358,49.947168]],[[19.907582,49.94731],[19.907351,49.947173]],[[19.907399,49.94714],[19.905767,49.946168]],[[19.907391,49.947145],[19.905759,49.946173]],[[19.907375,49.947157],[19.905742,49.946184]],[[19.907358,49.947168],[19.905725,49.946195]],[[19.907351,49.947173],[19.905718,49.9462]],[[19.905767,49.946168],[19.904883,49.94557]],[[19.905759,49.946173],[19.904876,49.945575]],[[19.905742,49.946184],[19.904858,49.945586]],[[19.905725,49.946195],[19.90484,49.945597]],[[19.905718,49.9462],[19.904833,49.945601]]]}},{"type":"Feature","properties":{"variant":"D","kind":"extent"},"geometry":{"type":"MultiLineString","coordinates":[[[19.893439,49.927309],[19.894328,49.927329]],[[19.89344,49.927303],[19.894324,49.927323]],[[19.893441,49.92728],[19.89431,49.9273]],[[19.893442,49.927258],[19.894297,49.927277]],[[19.893443,49.927251],[19.894293,49.92727]],[[19.894328,49.927329],[19.896357,49.926047]],[[19.894324,49.927323],[19.896357,49.926037]],[[19.89431,49.9273],[19.896359,49.926005]],[[19.894297,49.927277],[19.896361,49.925972]],[[19.894293,49.92727],[19.896362,49.925962]],[[19.896357,49.926047],[19.898542,49.92766]],[[19.896357,49.926037],[19.89855,49.927655]],[[19.896359,49.926005],[19.898576,49.927641]],[[19.896361,49.925972],[19.898603,49.927626]],[[19.896362,49.925962],[19.898611,49.927621]]]}},{"type":"Feature","properties":{"variant":"D","kind":"extent"},"geometry":{"type":"MultiLineString","coordinates":[[[19.883132,49.924479],[19.883573,49.923901]],[[19.883123,49.924476],[19.883563,49.9239]],[[19.883101,49.924469],[19.883539,49.923896]],[[19.883079,49.924462],[19.883514,49.923892]],[[19.88307,49.924459],[19.883504,49.923891]],[[19.883573,49.923901],[19.883603,49.922198]],[[19.883563,49.9239],[19.883592,49.922194]],[[19.883539,49.923896],[19.883568,49.922185]],[[19.883514,49.923892],[19.883544,49.922176]],[[19.883504,49.923891],[19.883534,49.922173]],[[19.883603,49.922198],[19.884786,49.921722]],[[19.883592,49.922194],[19.884786,49.921714]],[[19.883568,49.922185],[19.884786,49.921696]],[[19.883544,49.922176],[19.884786,49.921677]],[[19.883534,49.922173],[19.884786,49.921669]],[[19.884786,49.921722],[19.888081,49.923029]],[[19.884786,49.921714],[19.888087,49.923023]],[[19.884786,49.921696],[19.888101,49.92301]],[[19.884786,49.921677],[19.888114,49.922997]],[[19.884786,49.921669],[19.88812,49.922991]],[[19.888081,49.923029],[19.889545,49.92374]],[[19.888087,49.923023],[19.889551,49.923734]],[[19.888101,49.92301],[19.889565,49.923721]],[[19.888114,49.922997],[19.889579,49.923708]],[[19.88812,49.922991],[19.889585,49.923703]],[[19.889545,49.92374],[19.890861,49.924279]],[[19.889551,49.923734],[19.890867,49.924274]],[[19.889565,49.923721],[19.890882,49.924261]],[[19.889579,49.923708],[19.890897,49.924249]],[[19.889585,49.923703],[19.890904,49.924243]],[[19.890861,49.924279],[19.892081,49.925033]],[[19.890867,49.924274],[19.892087,49.925028]],[[19.890882,49.924261],[19.892102,49.925015]],[[19.890897,49.924249],[19.892117,49.925003]],[[19.890904,49.924243],[19.892124,49.924997]],[[19.892081,49.925033],[19.893144,49.925457]],[[19.892087,49.925028],[19.893151,49.925452]],[[19.892102,49.925015],[19.893166,49.925439]],[[19.892117,49.925003],[19.893182,49.925427]],[[19.892124,49.924997],[19.893188,49.925422]],[[19.893144,49.925457],[19.89371,49.925841]],[[19.893151,49.925452],[19.893717,49.925836]],[[19.893166,49.925439],[19.893734,49.925825]],[[19.893182,49.925427],[19.893751,49.925813]],[[19.893188,49.925422],[19.893758,49.925808]],[[19.89371,49.925841],[19.893911,49.925954]],[[19.893717,49.925836],[19.893918,49.925949]],[[19.893734,49.925825],[19.893934,49.925937]],[[19.893751,49.925813],[19.893949,49.925925]],[[19.893758,49.925808],[19.893956,49.92592]],[[19.893911,49.925954],[19.894285,49.926144]],[[19.893918,49.925949],[19.894292,49.926139]],[[19.893934,49.925937],[19.894306,49.926126]],[[19.893949,49.925925],[19.894321,49.926113]],[[19.893956,49.92592],[19.894327,49.926108]],[[19.894285,49.926144],[19.894522,49.926251]],[[19.894292,49.926139],[19.894538,49.92625]],[[19.894306,49.926126],[19.894573,49.926247]],[[19.894321,49.926113],[19.894609,49.926244]],[[19.894327,49.926108],[19.894624,49.926242]],[[19.894522,49.926251],[19.894216,49.926491]],[[19.894538,49.92625],[19.894225,49.926494]],[[19.894573,49.926247],[19.894246,49.926503]],[[19.894609,49.926244],[19.894267,49.926511]],[[19.894624,49.926242],[19.894276,49.926515]],[[19.894216,49.926491],[19.894112,49.926642]],[[19.894225,49.926494],[19.894124,49.926642]],[[19.894246,49.926503],[19.894151,49.92664]],[[19.894267,49.926511],[19.894179,49.926639]],[[19.894276,49.926515],[19.894191,49.926639]],[[19.894112,49.926642],[19.894243,49.926777]],[[19.894124,49.926642],[19.894251,49.926773]],[[19.894151,49.92664],[19.894269,49.926762]],[[19.894179,49.926639],[19.894288,49.926752]],[[19.894191,49.926639],[19.894295,49.926747]],[[19.894243,49.926777],[19.89455,49.926937]],[[19.894251,49.926773],[19.894556,49.926931]],[[19.894269,49.926762],[19.89457,49.926918]],[[19.894288,49.926752],[19.894584,49.926905]],[[19.894295,49.926747],[19.89459,49.9269]],[[19.89455,49.926937],[19.894608,49.926959]],[[19.894556,49.926931],[19.894614,49.926953]],[[19.89457,49.926918],[19.894627,49.92694]],[[19.894584,49.926905],[19.89464,49.926927]],[[19.89459,49.9269],[19.894646,49.926922]],[[19.894608,49.926959],[19.894752,49.927026]],[[19.894614,49.926953],[19.894758,49.927021]],[[19.894627,49.92694],[19.894772,49.927008]],[[19.89464,49.926927],[19.894787,49.926995]],[[19.894646,49.926922],[19.894793,49.926989]]]}},{"type":"Feature","properties":{"variant":"D","kind":"extent"},"geometry":{"type":"MultiLineString","coordinates":[[[19.876068,49.915039],[19.877131,49.915916]],[[19.876076,49.915034],[19.87714,49.915912]],[[19.876095,49.915025],[19.877158,49.915902]],[[19.876114,49.915015],[19.877177,49.915892]],[[19.876123,49.915011],[19.877185,49.915888]],[[19.877131,49.915916],[19.87825,49.916774]],[[19.87714,49.915912],[19.878258,49.91677]],[[19.877158,49.915902],[19.878275,49.916759]],[[19.877177,49.915892],[19.878292,49.916748]],[[19.877185,49.915888],[19.8783,49.916743]],[[19.87825,49.916774],[19.879749,49.91762]],[[19.878258,49.91677],[19.879756,49.917614]],[[19.878275,49.916759],[19.879771,49.917602]],[[19.878292,49.916748],[19.879787,49.91759]],[[19.8783,49.916743],[19.879793,49.917585]],[[19.879749,49.91762],[19.88156,49.918551]],[[19.879756,49.917614],[19.881564,49.918544]],[[19.879771,49.917602],[19.881574,49.918529]],[[19.879787,49.91759],[19.881584,49.918514]],[[19.879793,49.917585],[19.881588,49.918507]],[[19.88156,49.918551],[19.883371,49.918678]],[[19.881564,49.918544],[19.883372,49.918672]],[[19.881574,49.918529],[19.883373,49.918656]],[[19.881584,49.918514],[19.883375,49.91864]],[[19.881588,49.918507],[19.883376,49.918633]],[[19.883371,49.918678],[19.885066,49.918699]],[[19.883372,49.918672],[19.885072,49.918692]],[[19.883373,49.918656],[19.885086,49.918677]],[[19.883375,49.91864],[19.8851,49.918661]],[[19.883376,49.918633],[19.885106,49.918655]],[[19.885066,49.918699],[19.885797,49.919494]],[[19.885072,49.918692],[19.885808,49.919493]],[[19.885086,49.918677],[19.885836,49.919492]],[[19.8851,49.918661],[19.885863,49.91949]],[[19.885106,49.918655],[19.885874,49.91949]],[[19.885797,49.919494],[19.885205,49.920442]],[[19.885808,49.919493],[19.885218,49.92044]],[[19.885836,49.919492],[19.885247,49.920435]],[[19.885863,49.91949],[19.885277,49.92043]],[[19.885874,49.91949],[19.885289,49.920427]],[[19.885205,49.920442],[19.889872,49.92274]],[[19.885218,49.92044],[19.889878,49.922734]],[[19.885247,49.920435],[19.889893,49.922722]],[[19.885277,49.92043],[19.889907,49.922709]],[[19.885289,49.920427],[19.889914,49.922704]],[[19.889872,49.92274],[19.891029,49.923295]],[[19.889878,49.922734],[19.891035,49.92329]],[[19.889893,49.922722],[19.891049,49.923277]],[[19.889907,49.922709],[19.891063,49.923264]],[[19.889914,49.922704],[19.891069,49.923259]],[[19.891029,49.923295],[19.892925,49.924135]],[[19.891035,49.92329],[19.892932,49.92413]],[[19.891049,49.923277],[19.892948,49.924118]],[[19.891063,49.923264],[19.892964,49.924106]],[[19.891069,49.923259],[19.892971,49.924101]],[[19.892925,49.924135],[19.893592,49.924621]],[[19.892932,49.92413],[19.893598,49.924616]],[[19.892948,49.924118],[19.893613,49.924603]],[[19.892964,49.924106],[19.893628,49.92459]],[[19.892971,49.924101],[19.893634,49.924584]],[[19.893592,49.924621],[19.89481,49.924966]],[[19.893598,49.924616],[19.894815,49.924961]],[[19.893613,49.924603],[19.894828,49.924947]],[[19.893628,49.92459],[19.89484,49.924933]],[[19.893634,49.924584],[19.894846,49.924927]],[[19.89481,49.924966],[19.895751,49.925437]],[[19.894815,49.924961],[19.895758,49.925432]],[[19.894828,49.924947],[19.895776,49.925421]],[[19.89484,49.924933],[19.895794,49.92541]],[[19.894846,49.924927],[19.895802,49.925405]],[[19.895751,49.925437],[19.896333,49.925975]],[[19.895758,49.925432],[19.896342,49.925971]],[[19.895776,49.925421],[19.896362,49.925962]],[[19.895794,49.92541],[19.896382,49.925953]],[[19.895802,49.925405],[19.89639,49.925949]]]}},{"type":"Feature","properties":{"variant":"D","kind":"extent"},"geometry":{"type":"MultiLineString","coordinates":[[[19.894321,49.927352],[19.895998,49.927515]],[[19.894323,49.927345],[19.896003,49.927509]],[[19.894326,49.927329],[19.896016,49.927494]],[[19.89433,49.927314],[19.896029,49.927479]],[[19.894331,49.927307],[19.896034,49.927473]],[[19.895998,49.927515],[19.897629,49.928755]],[[19.896003,49.927509],[19.897638,49.928752]],[[19.896016,49.927494],[19.897658,49.928743]],[[19.896029,49.927479],[19.897679,49.928735]],[[19.896034,49.927473],[19.897688,49.928731]],[[19.897629,49.928755],[19.89854,49.930058]],[[19.897638,49.928752],[19.898549,49.930055]],[[19.897658,49.928743],[19.898572,49.930049]],[[19.897679,49.928735],[19.898594,49.930042]],[[19.897688,49.928731],[19.898603,49.93004]],[[19.89854,49.930058],[19.899443,49.931421]],[[19.898549,49.930055],[19.899453,49.931419]],[[19.898572,49.930049],[19.899476,49.931414]],[[19.898594,49.930042],[19.8995,49.93141]],[[19.898603,49.93004],[19.89951,49.931408]],[[19.899443,49.931421],[19.899822,49.932838]],[[19.899453,49.931419],[19.899833,49.932837]],[[19.899476,49.931414],[19.899857,49.932835]],[[19.8995,49.93141],[19.899881,49.932834]],[[19.89951,49.931408],[19.899891,49.932833]],[[19.899822,49.932838],[19.899931,49.934189]],[[19.899833,49.932837],[19.899942,49.934186]],[[19.899857,49.932835],[19.899965,49.934179]],[[19.899881,49.932834],[19.899989,49.934172]],[[19.899891,49.932833],[19.899999,49.934169]],[[19.899931,49.934189],[19.900494,49.934548]],[[19.899942,49.934186],[19.900504,49.934545]],[[19.899965,49.934179],[19.900527,49.934538]],[[19.899989,49.934172],[19.900551,49.934531]],[[19.899999,49.934169],[19.900561,49.934528]],[[19.900494,49.934548],[19.900762,49.936686]],[[19.900504,49.934545],[19.900772,49.936686]],[[19.900527,49.934538],[19.900797,49.936684]],[[19.900551,49.934531],[19.900821,49.936683]],[[19.900561,49.934528],[19.900831,49.936683]]]}},{"type":"Feature","properties":{"variant":"D","kind":"extent"},"geometry":{"type":"MultiLineString","coordinates":[[[19.900057,49.929315],[19.900296,49.930085]],[[19.900067,49.929314],[19.900306,49.930082]],[[19.900091,49.929311],[19.900329,49.930076]],[[19.900115,49.929308],[19.900352,49.930069]],[[19.900125,49.929307],[19.900361,49.930067]],[[19.900296,49.930085],[19.9003,49.930089]],[[19.900306,49.930082],[19.900309,49.930085]],[[19.900329,49.930076],[19.900329,49.930076]],[[19.900352,49.930069],[19.900349,49.930067]],[[19.900361,49.930067],[19.900357,49.930063]],[[19.9003,49.930089],[19.900301,49.930089]],[[19.900309,49.930085],[19.900309,49.930085]],[[19.900329,49.930076],[19.900329,49.930076]],[[19.900349,49.930067],[19.900348,49.930066]],[[19.900357,49.930063],[19.900356,49.930062]],[[19.900301,49.930089],[19.900295,49.930084]],[[19.900309,49.930085],[19.900305,49.930082]],[[19.900329,49.930076],[19.900329,49.930076]],[[19.900348,49.930066],[19.900353,49.93007]],[[19.900356,49.930062],[19.900363,49.930067]],[[19.900295,49.930084],[19.900374,49.931116]],[[19.900305,49.930082],[19.900385,49.931114]],[[19.900329,49.930076],[19.900409,49.93111]],[[19.900353,49.93007],[19.900433,49.931106]],[[19.900363,49.930067],[19.900443,49.931105]],[[19.900374,49.931116],[19.900783,49.931693]],[[19.900385,49.931114],[19.900793,49.931691]],[[19.900409,49.93111],[19.900815,49.931685]],[[19.900433,49.931106],[19.900838,49.93168]],[[19.900443,49.931105],[19.900848,49.931677]],[[19.900783,49.931693],[19.901322,49.932817]],[[19.900793,49.931691],[19.901333,49.932815]],[[19.900815,49.931685],[19.901357,49.932812]],[[19.900838,49.93168],[19.901381,49.932809]],[[19.900848,49.931677],[19.901391,49.932808]],[[19.901322,49.932817],[19.901546,49.934207]],[[19.901333,49.932815],[19.901557,49.934208]],[[19.901357,49.932812],[19.901581,49.934209]],[[19.901381,49.932809],[19.901606,49.93421]],[[19.901391,49.932808],[19.901617,49.93421]],[[19.901546,49.934207],[19.901435,49.934493]],[[19.901557,49.934208],[19.901444,49.934498]],[[19.901581,49.934209],[19.901464,49.93451]],[[19.901606,49.93421],[19.901485,49.934521]],[[19.901617,49.93421],[19.901494,49.934526]],[[19.901435,49.934493],[19.900551,49.934729]],[[19.901444,49.934498],[19.900555,49.934736]],[[19.901464,49.93451],[19.900564,49.93475]],[[19.901485,49.934521],[19.900573,49.934765]],[[19.901494,49.934526],[19.900577,49.934771]]]}},{"type":"Feature","properties":{"variant":"D","kind":"extent"},"geometry":{"type":"MultiLineString","coordinates":[[[19.872192,49.901303],[19.871359,49.90596]],[[19.872202,49.901304],[19.87137,49.905958]],[[19.872226,49.901306],[19.871396,49.905954]],[[19.872251,49.901307],[19.871421,49.90595]],[[19.872261,49.901308],[19.871432,49.905948]],[[19.871359,49.90596],[19.873381,49.907756]],[[19.87137,49.905958],[19.873394,49.907756]],[[19.871396,49.905954],[19.873424,49.907756]],[[19.871421,49.90595],[19.873454,49.907756]],[[19.871432,49.905948],[19.873466,49.907755]],[[19.873381,49.907756],[19.872351,49.908698]],[[19.873394,49.907756],[19.872361,49.9087]],[[19.873424,49.907756],[19.872386,49.908704]],[[19.873454,49.907756],[19.872411,49.908709]],[[19.873466,49.907755],[19.872422,49.908711]],[[19.872351,49.908698],[19.872501,49.910587]],[[19.872361,49.9087],[19.872511,49.910586]],[[19.872386,49.908704],[19.872535,49.910582]],[[19.872411,49.908709],[19.87256,49.910579]],[[19.872422,49.908711],[19.87257,49.910577]],[[19.872501,49.910587],[19.874314,49.913482]],[[19.872511,49.910586],[19.874323,49.913479]],[[19.872535,49.910582],[19.874345,49.913471]],[[19.87256,49.910579],[19.874366,49.913464]],[[19.87257,49.910577],[19.874375,49.91346]],[[19.874314,49.913482],[19.876067,49.915038]],[[19.874323,49.913479],[19.876076,49.915034]],[[19.874345,49.913471],[19.876095,49.915025]],[[19.874366,49.913464],[19.876115,49.915015]],[[19.874375,49.91346],[19.876123,49.915012]]]}},{"type":"Feature","properties":{"variant":"D","kind":"extent"},"geometry":{"type":"MultiLineString","coordinates":[[[19.868819,49.906881],[19.869518,49.906305]],[[19.868811,49.906877],[19.869509,49.906302]],[[19.868792,49.906867],[19.869486,49.906295]],[[19.868773,49.906858],[19.869464,49.906288]],[[19.868765,49.906854],[19.869454,49.906285]],[[19.869518,49.906305],[19.870236,49.904309]],[[19.869509,49.906302],[19.870226,49.904308]],[[19.869486,49.906295],[19.870202,49.904305]],[[19.869464,49.906288],[19.870178,49.904302]],[[19.869454,49.906285],[19.870168,49.904301]],[[19.870236,49.904309],[19.87059,49.902957]],[[19.870226,49.904308],[19.87058,49.902956]],[[19.870202,49.904305],[19.870556,49.902953]],[[19.870178,49.904302],[19.870532,49.90295]],[[19.870168,49.904301],[19.870522,49.902949]],[[19.87059,49.902957],[19.871009,49.901316]],[[19.87058,49.902956],[19.870997,49.901319]],[[19.870556,49.902953],[19.870971,49.901326]],[[19.870532,49.90295],[19.870944,49.901333]],[[19.870522,49.902949],[19.870933,49.901336]],[[19.871009,49.901316],[19.870105,49.900871]],[[19.870997,49.901319],[19.870098,49.900876]],[[19.870971,49.901326],[19.870083,49.900889]],[[19.870944,49.901333],[19.870069,49.900901]],[[19.870933,49.901336],[19.870062,49.900907]]]}},{"type":"Feature","properties":{"variant":"D","kind":"extent"},"geometry":{"type":"MultiLineString","coordinates":[[[19.871003,49.901335],[19.871335,49.900834]],[[19.870993,49.901332],[19.871325,49.900832]],[[19.870971,49.901326],[19.871302,49.900827]],[[19.870948,49.90132],[19.871278,49.900823]],[[19.870939,49.901317],[19.871268,49.900821]],[[19.871335,49.900834],[19.872199,49.898249]],[[19.871325,49.900832],[19.872189,49.898248]],[[19.871302,49.900827],[19.872165,49.898244]],[[19.871278,49.900823],[19.872141,49.898241]],[[19.871268,49.900821],[19.872131,49.89824]],[[19.872199,49.898249],[19.872971,49.895974]],[[19.872189,49.898248],[19.872961,49.895972]],[[19.872165,49.898244],[19.872937,49.895969]],[[19.872141,49.898241],[19.872914,49.895965]],[[19.872131,49.89824],[19.872904,49.895964]],[[19.872971,49.895974],[19.873525,49.894568]],[[19.872961,49.895972],[19.873515,49.894567]],[[19.872937,49.895969],[19.873491,49.894564]],[[19.872914,49.895965],[19.873467,49.89456]],[[19.872904,49.895964],[19.873457,49.894559]],[[19.873525,49.894568],[19.873963,49.893077]],[[19.873515,49.894567],[19.873953,49.893075]],[[19.873491,49.894564],[19.87393,49.893068]],[[19.873467,49.89456],[19.873907,49.893062]],[[19.873457,49.894559],[19.873897,49.89306]],[[19.873963,49.893077],[19.87489,49.892188]],[[19.873953,49.893075],[19.874881,49.892184]],[[19.87393,49.893068],[19.87486,49.892176]],[[19.873907,49.893062],[19.874839,49.892168]],[[19.873897,49.89306],[19.87483,49.892164]],[[19.87489,49.892188],[19.875945,49.890968]],[[19.874881,49.892184],[19.875936,49.890964]],[[19.87486,49.892176],[19.875916,49.890956]],[[19.874839,49.892168],[19.875895,49.890947]],[[19.87483,49.892164],[19.875887,49.890944]],[[19.875945,49.890968],[19.876672,49.890338]],[[19.875936,49.890964],[19.876663,49.890333]],[[19.875916,49.890956],[19.876645,49.890323]],[[19.875895,49.890947],[19.876626,49.890313]],[[19.875887,49.890944],[19.876618,49.890309]],[[19.876672,49.890338],[19.878234,49.88923]],[[19.876663,49.890333],[19.878222,49.889229]],[[19.876645,49.890323],[19.878196,49.889224]],[[19.876626,49.890313],[19.878169,49.88922]],[[19.876618,49.890309],[19.878158,49.889218]],[[19.878234,49.88923],[19.877635,49.887566]],[[19.878222,49.889229],[19.877625,49.887567]],[[19.878196,49.889224],[19.877601,49.887569]],[[19.878169,49.88922],[19.877577,49.887572]],[[19.878158,49.889218],[19.877566,49.887573]],[[19.877635,49.887566],[19.877363,49.884979]],[[19.877625,49.887567],[19.877353,49.884979]],[[19.877601,49.887569],[19.877329,49.884979]],[[19.877577,49.887572],[19.877304,49.88498]],[[19.877566,49.887573],[19.877294,49.88498]],[[19.877363,49.884979],[19.877374,49.884532]],[[19.877353,49.884979],[19.877363,49.884532]],[[19.877329,49.884979],[19.877339,49.884532]],[[19.877304,49.88498],[19.877315,49.884532]],[[19.877294,49.88498],[19.877304,49.884533]],[[19.877374,49.884532],[19.877233,49.88275]],[[19.877363,49.884532],[19.877223,49.88275]],[[19.877339,49.884532],[19.877198,49.882751]],[[19.877315,49.884532],[19.877174,49.882753]],[[19.877304,49.884533],[19.877164,49.882753]],[[19.877233,49.88275],[19.877188,49.882461]],[[19.877223,49.88275],[19.877177,49.882454]],[[19.877198,49.882751],[19.87715,49.882438]],[[19.877174,49.882753],[19.877123,49.882422]],[[19.877164,49.882753],[19.877111,49.882415]],[[19.877188,49.882461],[19.877324,49.882462]],[[19.877177,49.882454],[19.877324,49.882456]],[[19.87715,49.882438],[19.877325,49.88244]],[[19.877123,49.882422],[19.877325,49.882424]],[[19.877111,49.882415],[19.877325,49.882417]]]}},{"type":"Feature","properties":{"variant":"D","kind":"extent"},"geometry":{"type":"MultiLineString","coordinates":[[[19.877622,49.882473],[19.877841,49.882475]],[[19.877623,49.882466],[19.877852,49.882468]],[[19.877623,49.88245],[19.877876,49.882453]],[[19.877623,49.882434],[19.877901,49.882437]],[[19.877624,49.882428],[19.877912,49.88243]],[[19.877841,49.882475],[19.877804,49.884059]],[[19.877852,49.882468],[19.877815,49.884059]],[[19.877876,49.882453],[19.877839,49.884058]],[[19.877901,49.882437],[19.877863,49.884057]],[[19.877912,49.88243],[19.877874,49.884057]],[[19.877804,49.884059],[19.877944,49.884799]],[[19.877815,49.884059],[19.877954,49.884796]],[[19.877839,49.884058],[19.877977,49.88479]],[[19.877863,49.884057],[19.878001,49.884784]],[[19.877874,49.884057],[19.878011,49.884781]],[[19.877944,49.884799],[19.879561,49.88617]],[[19.877954,49.884796],[19.879569,49.886166]],[[19.877977,49.88479],[19.879589,49.886156]],[[19.878001,49.884784],[19.879608,49.886147]],[[19.878011,49.884781],[19.879617,49.886143]],[[19.879561,49.88617],[19.88038,49.886931]],[[19.879569,49.886166],[19.880389,49.886927]],[[19.879589,49.886156],[19.880409,49.886918]],[[19.879608,49.886147],[19.880429,49.886909]],[[19.879617,49.886143],[19.880438,49.886905]],[[19.88038,49.886931],[19.881386,49.887915]],[[19.880389,49.886927],[19.88139,49.887907]],[[19.880409,49.886918],[19.881399,49.887887]],[[19.880429,49.886909],[19.881408,49.887867]],[[19.880438,49.886905],[19.881412,49.887859]],[[19.881386,49.887915],[19.882881,49.88749]],[[19.88139,49.887907],[19.882876,49.887484]],[[19.881399,49.887887],[19.882864,49.88747]],[[19.881408,49.887867],[19.882852,49.887457]],[[19.881412,49.887859],[19.882847,49.887451]],[[19.882881,49.88749],[19.883843,49.88707]],[[19.882876,49.887484],[19.883838,49.887064]],[[19.882864,49.88747],[19.883829,49.887049]],[[19.882852,49.887457],[19.883819,49.887034]],[[19.882847,49.887451],[19.883815,49.887027]],[[19.883843,49.88707],[19.885494,49.886863]],[[19.883838,49.887064],[19.885491,49.886856]],[[19.883829,49.887049],[19.885483,49.886841]],[[19.883819,49.887034],[19.885474,49.886826]],[[19.883815,49.887027],[19.885471,49.88682]],[[19.885494,49.886863],[19.887011,49.886354]],[[19.885491,49.886856],[19.887006,49.886348]],[[19.885483,49.886841],[19.886994,49.886334]],[[19.885474,49.886826],[19.886983,49.886321]],[[19.885471,49.88682],[19.886978,49.886315]],[[19.887011,49.886354],[19.888287,49.885862]],[[19.887006,49.886348],[19.888283,49.885856]],[[19.886994,49.886334],[19.888273,49.885841]],[[19.886983,49.886321],[19.888263,49.885827]],[[19.886978,49.886315],[19.888258,49.885821]],[[19.888287,49.885862],[19.89029,49.885454]],[[19.888283,49.885856],[19.890287,49.885448]],[[19.888273,49.885841],[19.89028,49.885433]],[[19.888263,49.885827],[19.890272,49.885418]],[[19.888258,49.885821],[19.890269,49.885412]],[[19.89029,49.885454],[19.893079,49.884845]],[[19.890287,49.885448],[19.893076,49.884839]],[[19.89028,49.885433],[19.893067,49.884824]],[[19.890272,49.885418],[19.893058,49.88481]],[[19.890269,49.885412],[19.893054,49.884803]],[[19.893079,49.884845],[19.896542,49.883885]],[[19.893076,49.884839],[19.896538,49.883879]],[[19.893067,49.884824],[19.896527,49.883865]],[[19.893058,49.88481],[19.896517,49.883851]],[[19.893054,49.884803],[19.896512,49.883844]],[[19.896542,49.883885],[19.898948,49.883081]],[[19.896538,49.883879],[19.898943,49.883075]],[[19.896527,49.883865],[19.898932,49.883061]],[[19.896517,49.883851],[19.898922,49.883047]],[[19.896512,49.883844],[19.898917,49.883041]],[[19.898948,49.883081],[19.902356,49.882056]],[[19.898943,49.883075],[19.902351,49.88205]],[[19.898932,49.883061],[19.90234,49.882037]],[[19.898922,49.883047],[19.902328,49.882023]],[[19.898917,49.883041],[19.902323,49.882017]],[[19.902356,49.882056],[19.903282,49.881681]],[[19.902351,49.88205],[19.903271,49.881677]],[[19.90234,49.882037],[19.903246,49.881669]],[[19.902328,49.882023],[19.903221,49.881661]],[[19.902323,49.882017],[19.90321,49.881657]],[[19.903282,49.881681],[19.903079,49.879336]],[[19.903271,49.881677],[19.903068,49.879333]],[[19.903246,49.881669],[19.903043,49.879324]],[[19.903221,49.881661],[19.903018,49.879316]],[[19.90321,49.881657],[19.903007,49.879312]],[[19.903079,49.879336],[19.906297,49.87807]],[[19.903068,49.879333],[19.906295,49.878062]],[[19.903043,49.879324],[19.906293,49.878045]],[[19.903018,49.879316],[19.90629,49.878028]],[[19.903007,49.879312],[19.906289,49.87802]],[[19.906297,49.87807],[19.908846,49.878666]],[[19.906295,49.878062],[19.908845,49.878658]],[[19.906293,49.878045],[19.908842,49.878641]],[[19.90629,49.878028],[19.90884,49.878624]],[[19.906289,49.87802],[19.908839,49.878616]],[[19.908846,49.878666],[19.911142,49.87778]],[[19.908845,49.878658],[19.911137,49.877775]],[[19.908842,49.878641],[19.911125,49.877761]],[[19.90884,49.878624],[19.911112,49.877748]],[[19.908839,49.878616],[19.911107,49.877742]]]}},{"type":"Feature","properties":{"variant":"D","kind":"extent"},"geometry":{"type":"MultiLineString","coordinates":[[[19.911135,49.877787],[19.911293,49.877676]],[[19.911127,49.877782],[19.911287,49.87767]],[[19.911109,49.877772],[19.911273,49.877656]],[[19.911091,49.877761],[19.91126,49.877643]],[[19.911084,49.877757],[19.911254,49.877637]],[[19.911293,49.877676],[19.911661,49.877598]],[[19.911287,49.87767],[19.911655,49.877592]],[[19.911273,49.877656],[19.911641,49.877578]],[[19.91126,49.877643],[19.911627,49.877565]],[[19.911254,49.877637],[19.911621,49.877559]],[[19.911661,49.877598],[19.912604,49.876871]],[[19.911655,49.877592],[19.912596,49.876867]],[[19.911641,49.877578],[19.912577,49.876857]],[[19.911627,49.877565],[19.912559,49.876846]],[[19.911621,49.877559],[19.912551,49.876842]],[[19.912604,49.876871],[19.913324,49.876346]],[[19.912596,49.876867],[19.913317,49.87634]],[[19.912577,49.876857],[19.913302,49.876328]],[[19.912559,49.876846],[19.913286,49.876316]],[[19.912551,49.876842],[19.913279,49.876311]],[[19.913324,49.876346],[19.914093,49.876054]],[[19.913317,49.87634],[19.914085,49.876049]],[[19.913302,49.876328],[19.914068,49.876037]],[[19.913286,49.876316],[19.914051,49.876025]],[[19.913279,49.876311],[19.914044,49.87602]],[[19.914093,49.876054],[19.915206,49.874993]],[[19.914085,49.876049],[19.915197,49.87499]],[[19.914068,49.876037],[19.915176,49.874982]],[[19.914051,49.876025],[19.915154,49.874974]],[[19.914044,49.87602],[19.915145,49.874971]],[[19.915206,49.874993],[19.915899,49.874051]],[[19.915197,49.87499],[19.91589,49.874048]],[[19.915176,49.874982],[19.915868,49.874041]],[[19.915154,49.874974],[19.915846,49.874034]],[[19.915145,49.874971],[19.915837,49.874031]],[[19.915899,49.874051],[19.916708,49.873097]],[[19.91589,49.874048],[19.9167,49.873092]],[[19.915868,49.874041],[19.91668,49.873083]],[[19.915846,49.874034],[19.91666,49.873073]],[[19.915837,49.874031],[19.916652,49.873069]],[[19.916708,49.873097],[19.916864,49.872999]],[[19.9167,49.873092],[19.916858,49.872993]],[[19.91668,49.873083],[19.916843,49.87298]],[[19.91666,49.873073],[19.916828,49.872968]],[[19.916652,49.873069],[19.916822,49.872962]],[[19.916864,49.872999],[19.917754,49.872675]],[[19.916858,49.872993],[19.917745,49.872671]],[[19.916843,49.87298],[19.917725,49.87266]],[[19.916828,49.872968],[19.917704,49.872649]],[[19.916822,49.872962],[19.917696,49.872645]],[[19.917754,49.872675],[19.918006,49.872173]],[[19.917745,49.872671],[19.917996,49.872171]],[[19.917725,49.87266],[19.917974,49.872165]],[[19.917704,49.872649],[19.917951,49.872159]],[[19.917696,49.872645],[19.917941,49.872156]],[[19.918006,49.872173],[19.918242,49.871863]],[[19.917996,49.872171],[19.918233,49.87186]],[[19.917974,49.872165],[19.918212,49.871853]],[[19.917951,49.872159],[19.91819,49.871846]],[[19.917941,49.872156],[19.918181,49.871842]],[[19.918242,49.871863],[19.918818,49.871189]],[[19.918233,49.87186],[19.918808,49.871186]],[[19.918212,49.871853],[19.918787,49.871178]],[[19.91819,49.871846],[19.918766,49.871171]],[[19.918181,49.871842],[19.918757,49.871167]],[[19.918818,49.871189],[19.919533,49.870353]],[[19.918808,49.871186],[19.919523,49.870351]],[[19.918787,49.871178],[19.9195,49.870345]],[[19.918766,49.871171],[19.919478,49.870338]],[[19.918757,49.871167],[19.919468,49.870336]],[[19.919533,49.870353],[19.920023,49.869313]],[[19.919523,49.870351],[19.920014,49.869311]],[[19.9195,49.870345],[19.919991,49.869305]],[[19.919478,49.870338],[19.919968,49.8693]],[[19.919468,49.870336],[19.919958,49.869297]],[[19.920023,49.869313],[19.921149,49.867669]],[[19.920014,49.869311],[19.921139,49.867666]],[[19.919991,49.869305],[19.921116,49.867661]],[[19.919968,49.8693],[19.921094,49.867655]],[[19.919958,49.869297],[19.921084,49.867652]],[[19.921149,49.867669],[19.922037,49.865986]],[[19.921139,49.867666],[19.922027,49.865984]],[[19.921116,49.867661],[19.922004,49.86598]],[[19.921094,49.867655],[19.92198,49.865975]],[[19.921084,49.867652],[19.92197,49.865973]],[[19.922037,49.865986],[19.922651,49.864331]],[[19.922027,49.865984],[19.922641,49.864329]],[[19.922004,49.86598],[19.922618,49.864325]],[[19.92198,49.865975],[19.922594,49.864322]],[[19.92197,49.865973],[19.922584,49.86432]],[[19.922651,49.864331],[19.923092,49.863174]],[[19.922641,49.864329],[19.923082,49.863172]],[[19.922618,49.864325],[19.923058,49.863168]],[[19.922594,49.864322],[19.923035,49.863164]],[[19.922584,49.86432],[19.923025,49.863162]],[[19.923092,49.863174],[19.92355,49.862096]],[[19.923082,49.863172],[19.92354,49.862095]],[[19.923058,49.863168],[19.923517,49.862091]],[[19.923035,49.863164],[19.923493,49.862086]],[[19.923025,49.863162],[19.923483,49.862085]],[[19.92355,49.862096],[19.924173,49.860627]],[[19.92354,49.862095],[19.924163,49.860625]],[[19.923517,49.862091],[19.924139,49.860622]],[[19.923493,49.862086],[19.924116,49.860618]],[[19.923483,49.862085],[19.924105,49.860617]],[[19.924173,49.860627],[19.92444,49.859695]],[[19.924163,49.860625],[19.92443,49.859693]],[[19.924139,49.860622],[19.924406,49.85969]],[[19.924116,49.860618],[19.924383,49.859686]],[[19.924105,49.860617],[19.924372,49.859684]],[[19.92444,49.859695],[19.924957,49.85861]],[[19.92443,49.859693],[19.924947,49.858608]],[[19.924406,49.85969],[19.924923,49.858604]],[[19.924383,49.859686],[19.9249,49.858601]],[[19.924372,49.859684],[19.924889,49.858599]],[[19.924957,49.85861],[19.925413,49.857067]],[[19.924947,49.858608],[19.925402,49.857066]],[[19.924923,49.858604],[19.925379,49.857063]],[[19.9249,49.858601],[19.925355,49.857059]],[[19.924889,49.858599],[19.925345,49.857058]],[[19.925413,49.857067],[19.926006,49.855539]],[[19.925402,49.857066],[19.925995,49.855539]],[[19.925379,49.857063],[19.92597,49.855539]],[[19.925355,49.857059],[19.925945,49.855539]],[[19.925345,49.857058],[19.925934,49.855539]],[[19.926006,49.855539],[19.92577,49.854933]],[[19.925995,49.855539],[19.925761,49.85494]],[[19.92597,49.855539],[19.925742,49.854955]],[[19.925945,49.855539],[19.925723,49.85497]],[[19.925934,49.855539],[19.925715,49.854977]],[[19.92577,49.854933],[19.925544,49.854927]],[[19.925761,49.85494],[19.925543,49.854934]],[[19.925742,49.854955],[19.925542,49.85495]],[[19.925723,49.85497],[19.925541,49.854965]],[[19.925715,49.854977],[19.925541,49.854972]],[[19.925544,49.854927],[19.925544,49.854927]],[[19.925543,49.854934],[19.925543,49.854934]],[[19.925542,49.85495],[19.925542,49.85495]],[[19.925541,49.854965],[19.925541,49.854965]],[[19.925541,49.854972],[19.925541,49.854972]],[[19.925544,49.854927],[19.925544,49.854927]],[[19.925543,49.854934],[19.925543,49.854934]],[[19.925542,49.85495],[19.925542,49.85495]],[[19.925541,49.854965],[19.925541,49.854965]],[[19.925541,49.854972],[19.925541,49.854972]],[[19.925544,49.854927],[19.925544,49.854927]],[[19.925543,49.854934],[19.925543,49.854934]],[[19.925542,49.85495],[19.925542,49.85495]],[[19.925541,49.854965],[19.925541,49.854965]],[[19.925541,49.854972],[19.925541,49.854972]],[[19.925544,49.854927],[19.925544,49.854927]],[[19.925543,49.854934],[19.925543,49.854934]],[[19.925542,49.85495],[19.925542,49.85495]],[[19.925541,49.854965],[19.925541,49.854965]],[[19.925541,49.854972],[19.925541,49.854972]],[[19.925544,49.854927],[19.925544,49.854927]],[[19.925543,49.854934],[19.925543,49.854934]],[[19.925542,49.85495],[19.925542,49.85495]],[[19.925541,49.854965],[19.925541,49.854965]],[[19.925541,49.854972],[19.925541,49.854972]],[[19.925544,49.854927],[19.925544,49.854927]],[[19.925543,49.854934],[19.925543,49.854934]],[[19.925542,49.85495],[19.925542,49.85495]],[[19.925541,49.854965],[19.925541,49.854965]],[[19.925541,49.854972],[19.925541,49.854972]],[[19.925544,49.854927],[19.925544,49.854927]],[[19.925543,49.854934],[19.925543,49.854934]],[[19.925542,49.85495],[19.925542,49.85495]],[[19.925541,49.854965],[19.925541,49.854965]],[[19.925541,49.854972],[19.925541,49.854972]]]}},{"type":"Feature","properties":{"variant":"D","kind":"extent"},"geometry":{"type":"MultiLineString","coordinates":[[[19.923245,49.853714],[19.92478,49.85364]],[[19.923245,49.853707],[19.92477,49.853634]],[[19.923243,49.853692],[19.924747,49.853619]],[[19.923241,49.853676],[19.924725,49.853604]],[[19.92324,49.853669],[19.924715,49.853598]],[[19.92478,49.85364],[19.924874,49.852818]],[[19.92477,49.853634],[19.924864,49.852815]],[[19.924747,49.853619],[19.924841,49.852808]],[[19.924725,49.853604],[19.924817,49.852801]],[[19.924715,49.853598],[19.924807,49.852798]],[[19.924874,49.852818],[19.925392,49.852472]],[[19.924864,49.852815],[19.925386,49.852466]],[[19.924841,49.852808],[19.925372,49.852453]],[[19.924817,49.852801],[19.925358,49.852439]],[[19.924807,49.852798],[19.925352,49.852434]],[[19.925392,49.852472],[19.926659,49.852151]],[[19.925386,49.852466],[19.926649,49.852146]],[[19.925372,49.852453],[19.926627,49.852135]],[[19.925358,49.852439],[19.926605,49.852123]],[[19.925352,49.852434],[19.926595,49.852119]],[[19.926659,49.852151],[19.926799,49.851484]],[[19.926649,49.852146],[19.926788,49.851484]],[[19.926627,49.852135],[19.926764,49.851483]],[[19.926605,49.852123],[19.926739,49.851483]],[[19.926595,49.852119],[19.926729,49.851482]],[[19.926799,49.851484],[19.926646,49.849846]],[[19.926788,49.851484],[19.926636,49.849847]],[[19.926764,49.851483],[19.926612,49.849849]],[[19.926739,49.851483],[19.926588,49.849852]],[[19.926729,49.851482],[19.926577,49.849853]],[[19.926646,49.849846],[19.926143,49.848435]],[[19.926636,49.849847],[19.926133,49.848437]],[[19.926612,49.849849],[19.926109,49.848441]],[[19.926588,49.849852],[19.926086,49.848445]],[[19.926577,49.849853],[19.926076,49.848447]],[[19.926143,49.848435],[19.925837,49.847792]],[[19.926133,49.848437],[19.925835,49.847812]],[[19.926109,49.848441],[19.925832,49.847859]],[[19.926086,49.848445],[19.925829,49.847905]],[[19.926076,49.848447],[19.925827,49.847925]],[[19.925837,49.847792],[19.925578,49.848201]],[[19.925835,49.847812],[19.925587,49.848204]],[[19.925832,49.847859],[19.92561,49.84821]],[[19.925829,49.847905],[19.925632,49.848216]],[[19.925827,49.847925],[19.925642,49.848218]]]}},{"type":"Feature","properties":{"variant":"D","kind":"extent"},"geometry":{"type":"MultiLineString","coordinates":[[[19.925176,49.848082],[19.925365,49.847693]],[[19.925166,49.84808],[19.925355,49.847692]],[[19.925143,49.848076],[19.92533,49.84769]],[[19.92512,49.848071],[19.925306,49.847688]],[[19.92511,49.848069],[19.925295,49.847687]],[[19.925365,49.847693],[19.925285,49.847034]],[[19.925355,49.847692],[19.925275,49.847036]],[[19.92533,49.84769],[19.925251,49.847041]],[[19.925306,49.847688],[19.925227,49.847046]],[[19.925295,49.847687],[19.925217,49.847048]],[[19.925285,49.847034],[19.923854,49.845446]],[[19.925275,49.847036],[19.923845,49.845449]],[[19.925251,49.847041],[19.923823,49.845457]],[[19.925227,49.847046],[19.923802,49.845464]],[[19.925217,49.847048],[19.923792,49.845467]],[[19.923854,49.845446],[19.922976,49.844262]],[[19.923845,49.845449],[19.922967,49.844266]],[[19.923823,49.845457],[19.922946,49.844274]],[[19.923802,49.845464],[19.922925,49.844282]],[[19.923792,49.845467],[19.922916,49.844286]],[[19.922976,49.844262],[19.920955,49.842501]],[[19.922967,49.844266],[19.920946,49.842505]],[[19.922946,49.844274],[19.920926,49.842514]],[[19.922925,49.844282],[19.920906,49.842523]],[[19.922916,49.844286],[19.920897,49.842526]],[[19.920955,49.842501],[19.918955,49.840376]],[[19.920946,49.842505],[19.918946,49.840379]],[[19.920926,49.842514],[19.918926,49.840388]],[[19.920906,49.842523],[19.918905,49.840396]],[[19.920897,49.842526],[19.918896,49.8404]],[[19.918955,49.840376],[19.916619,49.838082]],[[19.918946,49.840379],[19.916611,49.838086]],[[19.918926,49.840388],[19.916591,49.838094]],[[19.918905,49.840396],[19.91657,49.838103]],[[19.918896,49.8404],[19.916562,49.838107]],[[19.916619,49.838082],[19.914887,49.836452]],[[19.916611,49.838086],[19.914877,49.836455]],[[19.916591,49.838094],[19.914856,49.836463]],[[19.91657,49.838103],[19.914835,49.83647]],[[19.916562,49.838107],[19.914826,49.836474]],[[19.914887,49.836452],[19.914319,49.835603]],[[19.914877,49.836455],[19.914309,49.835605]],[[19.914856,49.836463],[19.914287,49.835611]],[[19.914835,49.83647],[19.914264,49.835617]],[[19.914826,49.836474],[19.914254,49.835619]],[[19.914319,49.835603],[19.913333,49.833752]],[[19.914309,49.835605],[19.913323,49.833754]],[[19.914287,49.835611],[19.9133,49.833759]],[[19.914264,49.835617],[19.913277,49.833764]],[[19.914254,49.835619],[19.913267,49.833767]],[[19.913333,49.833752],[19.912613,49.832505]],[[19.913323,49.833754],[19.912603,49.832507]],[[19.9133,49.833759],[19.91258,49.832512]],[[19.913277,49.833764],[19.912557,49.832517]],[[19.913267,49.833767],[19.912547,49.832519]],[[19.912613,49.832505],[19.912261,49.831757]],[[19.912603,49.832507],[19.912251,49.831759]],[[19.91258,49.832512],[19.912227,49.831763]],[[19.912557,49.832517],[19.912204,49.831768]],[[19.912547,49.832519],[19.912194,49.83177]]]}},{"type":"Feature","properties":{"variant":"D","kind":"extent"},"geometry":{"type":"MultiLineString","coordinates":[[[19.911715,49.829398],[19.912085,49.830419]],[[19.911725,49.829397],[19.912096,49.830419]],[[19.911749,49.829393],[19.912121,49.83042]],[[19.911773,49.82939],[19.912147,49.830422]],[[19.911783,49.829388],[19.912157,49.830422]],[[19.912085,49.830419],[19.911577,49.831254]],[[19.912096,49.830419],[19.911587,49.831257]],[[19.912121,49.83042],[19.91161,49.831262]],[[19.912147,49.830422],[19.911632,49.831268]],[[19.912157,49.830422],[19.911642,49.831271]]]}},{"type":"Feature","properties":{"variant":"D","kind":"extent"},"geometry":{"type":"MultiLineString","coordinates":[[[19.875177,49.893406],[19.876164,49.891968]],[[19.875168,49.893403],[19.876155,49.891965]],[[19.875146,49.893397],[19.876134,49.891957]],[[19.875123,49.893391],[19.876113,49.891949]],[[19.875114,49.893388],[19.876104,49.891945]],[[19.876164,49.891968],[19.876798,49.891408]],[[19.876155,49.891965],[19.876789,49.891404]],[[19.876134,49.891957],[19.87677,49.891395]],[[19.876113,49.891949],[19.87675,49.891385]],[[19.876104,49.891945],[19.876742,49.891381]],[[19.876798,49.891408],[19.878021,49.890363]],[[19.876789,49.891404],[19.878013,49.890359]],[[19.87677,49.891395],[19.877994,49.890349]],[[19.87675,49.891385],[19.877976,49.890338]],[[19.876742,49.891381],[19.877968,49.890334]],[[19.878021,49.890363],[19.878891,49.889789]],[[19.878013,49.890359],[19.878884,49.889783]],[[19.877994,49.890349],[19.87887,49.88977]],[[19.877976,49.890338],[19.878856,49.889757]],[[19.877968,49.890334],[19.87885,49.889752]],[[19.878891,49.889789],[19.880146,49.889403]],[[19.878884,49.889783],[19.880141,49.889397]],[[19.87887,49.88977],[19.880128,49.889384]],[[19.878856,49.889757],[19.880115,49.88937]],[[19.87885,49.889752],[19.880109,49.889364]],[[19.880146,49.889403],[19.881023,49.88895]],[[19.880141,49.889397],[19.881016,49.888945]],[[19.880128,49.889384],[19.881,49.888934]],[[19.880115,49.88937],[19.880983,49.888922]],[[19.880109,49.889364],[19.880976,49.888917]],[[19.881023,49.88895],[19.881963,49.888325]],[[19.881016,49.888945],[19.881957,49.88832]],[[19.881,49.888934],[19.881943,49.888306]],[[19.880983,49.888922],[19.881929,49.888293]],[[19.880976,49.888917],[19.881922,49.888288]],[[19.881963,49.888325],[19.883112,49.887996]],[[19.881957,49.88832],[19.883109,49.88799]],[[19.881943,49.888306],[19.883102,49.887975]],[[19.881929,49.888293],[19.883094,49.88796]],[[19.881922,49.888288],[19.883091,49.887953]],[[19.883112,49.887996],[19.883947,49.887896]],[[19.883109,49.88799],[19.883944,49.887889]],[[19.883102,49.887975],[19.883935,49.887874]],[[19.883094,49.88796],[19.883927,49.887859]],[[19.883091,49.887953],[19.883923,49.887853]],[[19.883947,49.887896],[19.885575,49.887295]],[[19.883944,49.887889],[19.88557,49.887289]],[[19.883935,49.887874],[19.88556,49.887274]],[[19.883927,49.887859],[19.885551,49.88726]],[[19.883923,49.887853],[19.885546,49.887254]],[[19.885575,49.887295],[19.887221,49.886951]],[[19.88557,49.887289],[19.887218,49.886945]],[[19.88556,49.887274],[19.887212,49.88693]],[[19.885551,49.88726],[19.887205,49.886914]],[[19.885546,49.887254],[19.887202,49.886908]],[[19.887221,49.886951],[19.889205,49.886637]],[[19.887218,49.886945],[19.889201,49.886631]],[[19.887212,49.88693],[19.889193,49.886616]],[[19.887205,49.886914],[19.889184,49.886601]],[[19.887202,49.886908],[19.889181,49.886595]],[[19.889205,49.886637],[19.890774,49.886127]],[[19.889201,49.886631],[19.89077,49.886121]],[[19.889193,49.886616],[19.890761,49.886106]],[[19.889184,49.886601],[19.890751,49.886092]],[[19.889181,49.886595],[19.890747,49.886086]],[[19.890774,49.886127],[19.894023,49.885368]],[[19.89077,49.886121],[19.894022,49.885361]],[[19.890761,49.886106],[19.894021,49.885345]],[[19.890751,49.886092],[19.89402,49.885328]],[[19.890747,49.886086],[19.894019,49.885321]],[[19.894023,49.885368],[19.898542,49.886098]],[[19.894022,49.885361],[19.898541,49.886091]],[[19.894021,49.885345],[19.898539,49.886075]],[[19.89402,49.885328],[19.898538,49.886058]],[[19.894019,49.885321],[19.898537,49.886051]],[[19.898542,49.886098],[19.902176,49.885177]],[[19.898541,49.886091],[19.902167,49.885172]],[[19.898539,49.886075],[19.902145,49.88516]],[[19.898538,49.886058],[19.902124,49.885149]],[[19.898537,49.886051],[19.902114,49.885144]],[[19.902176,49.885177],[19.902814,49.882782]],[[19.902167,49.885172],[19.902805,49.882778]],[[19.902145,49.88516],[19.902782,49.882769]],[[19.902124,49.885149],[19.90276,49.882759]],[[19.902114,49.885144],[19.902751,49.882755]],[[19.902814,49.882782],[19.905695,49.881542]],[[19.902805,49.882778],[19.905689,49.881536]],[[19.902782,49.882769],[19.905676,49.881523]],[[19.90276,49.882759],[19.905662,49.88151]],[[19.902751,49.882755],[19.905656,49.881505]],[[19.905695,49.881542],[19.90822,49.880357]],[[19.905689,49.881536],[19.908214,49.880352]],[[19.905676,49.881523],[19.9082,49.880339]],[[19.905662,49.88151],[19.908186,49.880326]],[[19.905656,49.881505],[19.90818,49.88032]],[[19.90822,49.880357],[19.909505,49.879774]],[[19.908214,49.880352],[19.9095,49.879768]],[[19.9082,49.880339],[19.909488,49.879755]],[[19.908186,49.880326],[19.909475,49.879741]],[[19.90818,49.88032],[19.90947,49.879735]],[[19.909505,49.879774],[19.91257,49.87884]],[[19.9095,49.879768],[19.912566,49.878834]],[[19.909488,49.879755],[19.912555,49.878819]],[[19.909475,49.879741],[19.912545,49.878805]],[[19.90947,49.879735],[19.91254,49.878799]]]}},{"type":"Feature","properties":{"variant":"D","kind":"extent"},"geometry":{"type":"MultiLineString","coordinates":[[[19.912072,49.878553],[19.912272,49.878438]],[[19.912065,49.878548],[19.912262,49.878434]],[[19.912049,49.878537],[19.912239,49.878426]],[[19.912032,49.878525],[19.912216,49.878418]],[[19.912025,49.87852],[19.912206,49.878415]],[[19.912272,49.878438],[19.912336,49.878155]],[[19.912262,49.878434],[19.912326,49.878151]],[[19.912239,49.878426],[19.912303,49.878144]],[[19.912216,49.878418],[19.91228,49.878136]],[[19.912206,49.878415],[19.912271,49.878133]],[[19.912336,49.878155],[19.913319,49.877552]],[[19.912326,49.878151],[19.913312,49.877547]],[[19.912303,49.878144],[19.913296,49.877536]],[[19.91228,49.878136],[19.913279,49.877525]],[[19.912271,49.878133],[19.913272,49.87752]],[[19.913319,49.877552],[19.914356,49.876923]],[[19.913312,49.877547],[19.914347,49.876919]],[[19.913296,49.877536],[19.914326,49.87691]],[[19.913279,49.877525],[19.914305,49.876901]],[[19.913272,49.87752],[19.914296,49.876898]],[[19.914356,49.876923],[19.914709,49.876277]],[[19.914347,49.876919],[19.9147,49.876273]],[[19.914326,49.87691],[19.914679,49.876265]],[[19.914305,49.876901],[19.914657,49.876257]],[[19.914296,49.876898],[19.914648,49.876253]],[[19.914709,49.876277],[19.916495,49.875048]],[[19.9147,49.876273],[19.916489,49.875043]],[[19.914679,49.876265],[19.916473,49.875031]],[[19.914657,49.876257],[19.916458,49.875018]],[[19.914648,49.876253],[19.916451,49.875013]],[[19.916495,49.875048],[19.917089,49.874818]],[[19.916489,49.875043],[19.917083,49.874812]],[[19.916473,49.875031],[19.917071,49.874798]],[[19.916458,49.875018],[19.917058,49.874785]],[[19.916451,49.875013],[19.917053,49.874779]]]}},{"type":"Feature","properties":{"variant":"D","kind":"extent"},"geometry":{"type":"MultiLineString","coordinates":[[[19.92121,49.869854],[19.921131,49.869634]],[[19.9212,49.869855],[19.92112,49.869634]],[[19.921176,49.869859],[19.921095,49.869634]],[[19.921153,49.869863],[19.92107,49.869633]],[[19.921142,49.869864],[19.921059,49.869633]],[[19.921131,49.869634],[19.921129,49.86964]],[[19.92112,49.869634],[19.921119,49.869638]],[[19.921095,49.869634],[19.921095,49.869634]],[[19.92107,49.869633],[19.921072,49.869629]],[[19.921059,49.869633],[19.921062,49.869627]],[[19.921129,49.86964],[19.921129,49.86964]],[[19.921119,49.869638],[19.921119,49.869638]],[[19.921095,49.869634],[19.921095,49.869634]],[[19.921072,49.869629],[19.921072,49.869629]],[[19.921062,49.869627],[19.921062,49.869627]],[[19.921129,49.86964],[19.921129,49.86964]],[[19.921119,49.869638],[19.921119,49.869638]],[[19.921095,49.869634],[19.921095,49.869634]],[[19.921072,49.869629],[19.921072,49.869629]],[[19.921062,49.869627],[19.921062,49.869627]],[[19.921129,49.86964],[19.921128,49.869641]],[[19.921119,49.869638],[19.921118,49.869639]],[[19.921095,49.869634],[19.921095,49.869634]],[[19.921072,49.869629],[19.921072,49.869629]],[[19.921062,49.869627],[19.921062,49.869627]],[[19.921128,49.869641],[19.921284,49.869356]],[[19.921118,49.869639],[19.921274,49.869353]],[[19.921095,49.869634],[19.921251,49.869347]],[[19.921072,49.869629],[19.921229,49.869341]],[[19.921062,49.869627],[19.921219,49.869339]],[[19.921284,49.869356],[19.921507,49.86904]],[[19.921274,49.869353],[19.921498,49.869038]],[[19.921251,49.869347],[19.921475,49.869032]],[[19.921229,49.869341],[19.921452,49.869026]],[[19.921219,49.869339],[19.921443,49.869023]],[[19.921507,49.86904],[19.92173,49.868634]],[[19.921498,49.869038],[19.92172,49.868632]],[[19.921475,49.869032],[19.921697,49.868627]],[[19.921452,49.869026],[19.921673,49.868622]],[[19.921443,49.869023],[19.921663,49.86862]],[[19.92173,49.868634],[19.922287,49.867342]],[[19.92172,49.868632],[19.922277,49.86734]],[[19.921697,49.868627],[19.922254,49.867336]],[[19.921673,49.868622],[19.92223,49.867332]],[[19.921663,49.86862],[19.92222,49.867331]],[[19.922287,49.867342],[19.922887,49.865781]],[[19.922277,49.86734],[19.922877,49.865779]],[[19.922254,49.867336],[19.922853,49.865775]],[[19.92223,49.867332],[19.92283,49.865771]],[[19.92222,49.867331],[19.92282,49.865769]],[[19.922887,49.865781],[19.923818,49.863988]],[[19.922877,49.865779],[19.923808,49.863987]],[[19.922853,49.865775],[19.923784,49.863983]],[[19.92283,49.865771],[19.92376,49.86398]],[[19.92282,49.865769],[19.92375,49.863978]],[[19.923818,49.863988],[19.924019,49.862979]],[[19.923808,49.863987],[19.924009,49.862978]],[[19.923784,49.863983],[19.923985,49.862974]],[[19.92376,49.86398],[19.923961,49.862971]],[[19.92375,49.863978],[19.923951,49.862969]],[[19.924019,49.862979],[19.924526,49.861985]],[[19.924009,49.862978],[19.924516,49.861984]],[[19.923985,49.862974],[19.924493,49.86198]],[[19.923961,49.862971],[19.924469,49.861976]],[[19.923951,49.862969],[19.924459,49.861974]],[[19.924526,49.861985],[19.924943,49.860641]],[[19.924516,49.861984],[19.924932,49.860639]],[[19.924493,49.86198],[19.924908,49.860636]],[[19.924469,49.861976],[19.924885,49.860633]],[[19.924459,49.861974],[19.924874,49.860632]],[[19.924943,49.860641],[19.925517,49.858953]],[[19.924932,49.860639],[19.925507,49.858952]],[[19.924908,49.860636],[19.925483,49.858948]],[[19.924885,49.860633],[19.92546,49.858945]],[[19.924874,49.860632],[19.92545,49.858943]],[[19.925517,49.858953],[19.926186,49.857247]],[[19.925507,49.858952],[19.926176,49.857246]],[[19.925483,49.858948],[19.926152,49.857242]],[[19.92546,49.858945],[19.926128,49.857238]],[[19.92545,49.858943],[19.926118,49.857237]],[[19.926186,49.857247],[19.926833,49.855452]],[[19.926176,49.857246],[19.926823,49.85545]],[[19.926152,49.857242],[19.926799,49.855447]],[[19.926128,49.857238],[19.926775,49.855444]],[[19.926118,49.857237],[19.926765,49.855442]],[[19.926833,49.855452],[19.927096,49.854597]],[[19.926823,49.85545],[19.927086,49.854595]],[[19.926799,49.855447],[19.927063,49.854591]],[[19.926775,49.855444],[19.927039,49.854587]],[[19.926765,49.855442],[19.927029,49.854586]],[[19.927096,49.854597],[19.927258,49.854265]],[[19.927086,49.854595],[19.927248,49.854261]],[[19.927063,49.854591],[19.927227,49.854252]],[[19.927039,49.854587],[19.927206,49.854243]],[[19.927029,49.854586],[19.927197,49.854239]],[[19.927258,49.854265],[19.927735,49.853994]],[[19.927248,49.854261],[19.927728,49.853989]],[[19.927227,49.854252],[19.927712,49.853977]],[[19.927206,49.854243],[19.927696,49.853965]],[[19.927197,49.854239],[19.927689,49.85396]]]}},{"type":"Feature","properties":{"variant":"D","kind":"extent"},"geometry":{"type":"MultiLineString","coordinates":[[[19.929708,49.853151],[19.929051,49.853258]],[[19.929711,49.853157],[19.92905,49.853265]],[[19.929717,49.853173],[19.929049,49.853282]],[[19.929723,49.853188],[19.929048,49.853298]],[[19.929725,49.853194],[19.929047,49.853305]],[[19.929051,49.853258],[19.928379,49.853104]],[[19.92905,49.853265],[19.928372,49.853109]],[[19.929049,49.853282],[19.928356,49.853123]],[[19.929048,49.853298],[19.928341,49.853136]],[[19.929047,49.853305],[19.928334,49.853141]],[[19.928379,49.853104],[19.92761,49.852381]],[[19.928372,49.853109],[19.9276,49.852383]],[[19.928356,49.853123],[19.927576,49.852388]],[[19.928341,49.853136],[19.927552,49.852393]],[[19.928334,49.853141],[19.927542,49.852396]],[[19.92761,49.852381],[19.927523,49.851389]],[[19.9276,49.852383],[19.927512,49.851389]],[[19.927576,49.852388],[19.927488,49.85139]],[[19.927552,49.852393],[19.927464,49.851391]],[[19.927542,49.852396],[19.927453,49.851392]],[[19.927523,49.851389],[19.927422,49.850265]],[[19.927512,49.851389],[19.927412,49.850266]],[[19.927488,49.85139],[19.927388,49.850268]],[[19.927464,49.851391],[19.927363,49.85027]],[[19.927453,49.851392],[19.927353,49.85027]],[[19.927422,49.850265],[19.927111,49.849021]],[[19.927412,49.850266],[19.9271,49.849022]],[[19.927388,49.850268],[19.927077,49.849025]],[[19.927363,49.85027],[19.927053,49.849028]],[[19.927353,49.85027],[19.927042,49.84903]],[[19.927111,49.849021],[19.926732,49.847965]],[[19.9271,49.849022],[19.926722,49.847967]],[[19.927077,49.849025],[19.926699,49.847971]],[[19.927053,49.849028],[19.926675,49.847975]],[[19.927042,49.84903],[19.926665,49.847977]],[[19.926732,49.847965],[19.92635,49.847178]],[[19.926722,49.847967],[19.926339,49.847179]],[[19.926699,49.847971],[19.926315,49.847182]],[[19.926675,49.847975],[19.926291,49.847186]],[[19.926665,49.847977],[19.926281,49.847187]],[[19.92635,49.847178],[19.926256,49.84653]],[[19.926339,49.847179],[19.926245,49.84653]],[[19.926315,49.847182],[19.926221,49.846529]],[[19.926291,49.847186],[19.926196,49.846528]],[[19.926281,49.847187],[19.926185,49.846528]],[[19.926256,49.84653],[19.926449,49.845983]],[[19.926245,49.84653],[19.926439,49.845982]],[[19.926221,49.846529],[19.926415,49.845978]],[[19.926196,49.846528],[19.926391,49.845975]],[[19.926185,49.846528],[19.926381,49.845973]]]}},{"type":"Feature","properties":{"variant":"D","kind":"extent"},"geometry":{"type":"MultiLineString","coordinates":[[[19.926026,49.845593],[19.925278,49.845503]],[[19.926024,49.845599],[19.925271,49.845509]],[[19.926019,49.845615],[19.925257,49.845523]],[[19.926015,49.84563],[19.925242,49.845537]],[[19.926013,49.845637],[19.925236,49.845543]],[[19.925278,49.845503],[19.923783,49.844073]],[[19.925271,49.845509],[19.923775,49.844076]],[[19.925257,49.845523],[19.923754,49.844085]],[[19.925242,49.845537],[19.923734,49.844093]],[[19.925236,49.845543],[19.923725,49.844097]],[[19.923783,49.844073],[19.922669,49.842915]],[[19.923775,49.844076],[19.92266,49.842918]],[[19.923754,49.844085],[19.92264,49.842927]],[[19.923734,49.844093],[19.922619,49.842935]],[[19.923725,49.844097],[19.92261,49.842939]],[[19.922669,49.842915],[19.921494,49.841749]],[[19.92266,49.842918],[19.921485,49.841753]],[[19.92264,49.842927],[19.921465,49.841763]],[[19.922619,49.842935],[19.921446,49.841772]],[[19.92261,49.842939],[19.921437,49.841776]],[[19.921494,49.841749],[19.919431,49.840054]],[[19.921485,49.841753],[19.919422,49.840058]],[[19.921465,49.841763],[19.919403,49.840067]],[[19.921446,49.841772],[19.919383,49.840076]],[[19.921437,49.841776],[19.919375,49.84008]],[[19.919431,49.840054],[19.918091,49.838767]],[[19.919422,49.840058],[19.918082,49.838771]],[[19.919403,49.840067],[19.918061,49.838779]],[[19.919383,49.840076],[19.918041,49.838787]],[[19.919375,49.84008],[19.918032,49.838791]],[[19.918091,49.838767],[19.916939,49.837476]],[[19.918082,49.838771],[19.91693,49.837479]],[[19.918061,49.838779],[19.916908,49.837486]],[[19.918041,49.838787],[19.916887,49.837494]],[[19.918032,49.838791],[19.916878,49.837497]],[[19.916939,49.837476],[19.915838,49.836062]],[[19.91693,49.837479],[19.915828,49.836065]],[[19.916908,49.837486],[19.915807,49.836072]],[[19.916887,49.837494],[19.915785,49.83608]],[[19.916878,49.837497],[19.915776,49.836083]],[[19.915838,49.836062],[19.914738,49.83478]],[[19.915828,49.836065],[19.914729,49.834783]],[[19.915807,49.836072],[19.914707,49.83479]],[[19.915785,49.83608],[19.914685,49.834797]],[[19.915776,49.836083],[19.914676,49.8348]],[[19.914738,49.83478],[19.914199,49.834003]],[[19.914729,49.834783],[19.914189,49.834005]],[[19.914707,49.83479],[19.914167,49.834011]],[[19.914685,49.834797],[19.914144,49.834016]],[[19.914676,49.8348],[19.914134,49.834018]],[[19.914199,49.834003],[19.913822,49.833201]],[[19.914189,49.834005],[19.913812,49.833203]],[[19.914167,49.834011],[19.913788,49.833207]],[[19.914144,49.834016],[19.913765,49.83321]],[[19.914134,49.834018],[19.913755,49.833212]],[[19.913822,49.833201],[19.913654,49.832611]],[[19.913812,49.833203],[19.913643,49.832611]],[[19.913788,49.833207],[19.913618,49.832611]],[[19.913765,49.83321],[19.913594,49.832611]],[[19.913755,49.833212],[19.913583,49.832612]],[[19.913654,49.832611],[19.913801,49.832017]],[[19.913643,49.832611],[19.91379,49.832016]],[[19.913618,49.832611],[19.913766,49.832013]],[[19.913594,49.832611],[19.913742,49.832011]],[[19.913583,49.832612],[19.913732,49.83201]]]}},{"type":"Feature","properties":{"variant":"D","kind":"extent"},"geometry":{"type":"MultiLineString","coordinates":[[[19.913192,49.829936],[19.912964,49.830615]],[[19.913203,49.829937],[19.912975,49.830614]],[[19.913226,49.82994],[19.913001,49.830612]],[[19.91325,49.829944],[19.913026,49.830611]],[[19.91326,49.829945],[19.913037,49.83061]],[[19.912964,49.830615],[19.913316,49.831127]],[[19.912975,49.830614],[19.913327,49.831126]],[[19.913001,49.830612],[19.913351,49.831122]],[[19.913026,49.830611],[19.913376,49.831119]],[[19.913037,49.83061],[19.913386,49.831118]],[[19.913316,49.831127],[19.913307,49.831559]],[[19.913327,49.831126],[19.913317,49.831559]],[[19.913351,49.831122],[19.913341,49.831559]],[[19.913376,49.831119],[19.913366,49.831559]],[[19.913386,49.831118],[19.913376,49.831559]]]}},{"type":"Feature","properties":{"variant":"D","kind":"extent"},"geometry":{"type":"MultiLineString","coordinates":[[[19.913706,49.87874],[19.91292,49.878751]],[[19.913706,49.878747],[19.912919,49.878758]],[[19.913707,49.878772],[19.912917,49.878783]],[[19.913708,49.878797],[19.912915,49.878807]],[[19.913708,49.878803],[19.912915,49.878814]],[[19.91292,49.878751],[19.912514,49.878717]],[[19.912919,49.878758],[19.91251,49.878724]],[[19.912917,49.878783],[19.912495,49.878748]],[[19.912915,49.878807],[19.91248,49.878771]],[[19.912915,49.878814],[19.912476,49.878778]],[[19.912514,49.878717],[19.91206,49.878497]],[[19.91251,49.878724],[19.912053,49.878502]],[[19.912495,49.878748],[19.912025,49.87852]],[[19.91248,49.878771],[19.911998,49.878538]],[[19.912476,49.878778],[19.911991,49.878542]],[[19.91206,49.878497],[19.911088,49.877671]],[[19.912053,49.878502],[19.911079,49.877675]],[[19.912025,49.87852],[19.911048,49.877689]],[[19.911998,49.878538],[19.911016,49.877703]],[[19.911991,49.878542],[19.911007,49.877707]],[[19.911088,49.877671],[19.910734,49.877306]],[[19.911079,49.877675],[19.910725,49.87731]],[[19.911048,49.877689],[19.910693,49.877323]],[[19.911016,49.877703],[19.91066,49.877336]],[[19.911007,49.877707],[19.910651,49.877339]]]}},{"type":"Feature","properties":{"variant":"D","kind":"extent"},"geometry":{"type":"MultiLineString","coordinates":[[[19.917182,49.87488],[19.917615,49.874432]],[[19.917173,49.874876],[19.917607,49.874427]],[[19.91714,49.874863],[19.917579,49.874409]],[[19.917108,49.87485],[19.917551,49.874392]],[[19.917099,49.874847],[19.917544,49.874387]],[[19.917615,49.874432],[19.917971,49.874279]],[[19.917607,49.874427],[19.917967,49.874273]],[[19.917579,49.874409],[19.91795,49.874251]],[[19.917551,49.874392],[19.917934,49.874228]],[[19.917544,49.874387],[19.91793,49.874222]],[[19.917971,49.874279],[19.918295,49.874219]],[[19.917967,49.874273],[19.918291,49.874213]],[[19.91795,49.874251],[19.918274,49.87419]],[[19.917934,49.874228],[19.918258,49.874167]],[[19.91793,49.874222],[19.918253,49.874161]],[[19.918295,49.874219],[19.918621,49.874076]],[[19.918291,49.874213],[19.918611,49.874073]],[[19.918274,49.87419],[19.918573,49.87406]],[[19.918258,49.874167],[19.918535,49.874046]],[[19.918253,49.874161],[19.918525,49.874043]],[[19.918621,49.874076],[19.918625,49.873919]],[[19.918611,49.874073],[19.918614,49.87392]],[[19.918573,49.87406],[19.918576,49.873926]],[[19.918535,49.874046],[19.918537,49.873933]],[[19.918525,49.874043],[19.918527,49.873934]],[[19.918625,49.873919],[19.918415,49.873668]],[[19.918614,49.87392],[19.918407,49.873673]],[[19.918576,49.873926],[19.918379,49.873691]],[[19.918537,49.873933],[19.918351,49.873709]],[[19.918527,49.873934],[19.918343,49.873714]],[[19.918415,49.873668],[19.916697,49.87305]],[[19.918407,49.873673],[19.916689,49.873055]],[[19.918379,49.873691],[19.91666,49.873073]],[[19.918351,49.873709],[19.916631,49.873091]],[[19.918343,49.873714],[19.916624,49.873096]],[[19.916697,49.87305],[19.916241,49.872466]],[[19.916689,49.873055],[19.916231,49.872467]],[[19.91666,49.873073],[19.916192,49.872472]],[[19.916631,49.873091],[19.916153,49.872477]],[[19.916624,49.873096],[19.916142,49.872479]],[[19.916241,49.872466],[19.916313,49.871853]],[[19.916231,49.872467],[19.916302,49.871852]],[[19.916192,49.872472],[19.916264,49.871851]],[[19.916153,49.872477],[19.916226,49.871849]],[[19.916142,49.872479],[19.916216,49.871848]]]}},{"type":"Feature","properties":{"variant":"D","kind":"extent"},"geometry":{"type":"MultiLineString","coordinates":[[[19.918508,49.873818],[19.91874,49.8737]],[[19.918502,49.873812],[19.918729,49.873696]],[[19.918478,49.873793],[19.918691,49.873684]],[[19.918454,49.873774],[19.918653,49.873672]],[[19.918448,49.873768],[19.918643,49.873669]],[[19.91874,49.8737],[19.918746,49.87342]],[[19.918729,49.873696],[19.918735,49.87342]],[[19.918691,49.873684],[19.918697,49.873423]],[[19.918653,49.873672],[19.918659,49.873425]],[[19.918643,49.873669],[19.918648,49.873426]],[[19.918746,49.87342],[19.918566,49.872845]],[[19.918735,49.87342],[19.918555,49.872843]],[[19.918697,49.873423],[19.918514,49.872836]],[[19.918659,49.873425],[19.918473,49.87283]],[[19.918648,49.873426],[19.918462,49.872828]],[[19.918566,49.872845],[19.919522,49.872097]],[[19.918555,49.872843],[19.919513,49.872094]],[[19.918514,49.872836],[19.91948,49.872081]],[[19.918473,49.87283],[19.919447,49.872068]],[[19.918462,49.872828],[19.919438,49.872064]],[[19.919522,49.872097],[19.920039,49.871284]],[[19.919513,49.872094],[19.920029,49.871282]],[[19.91948,49.872081],[19.919993,49.871274]],[[19.919447,49.872068],[19.919957,49.871265]],[[19.919438,49.872064],[19.919947,49.871263]],[[19.920039,49.871284],[19.920363,49.870582]],[[19.920029,49.871282],[19.920354,49.87058]],[[19.919993,49.871274],[19.920318,49.870569]],[[19.919957,49.871265],[19.920283,49.870559]],[[19.919947,49.871263],[19.920274,49.870556]],[[19.920363,49.870582],[19.920987,49.869927]],[[19.920354,49.87058],[19.92098,49.869921]],[[19.920318,49.870569],[19.920957,49.869899]],[[19.920283,49.870559],[19.920933,49.869877]],[[19.920274,49.870556],[19.920926,49.869871]],[[19.920987,49.869927],[19.921662,49.869843]],[[19.92098,49.869921],[19.92166,49.869837]],[[19.920957,49.869899],[19.921653,49.869812]],[[19.920933,49.869877],[19.921646,49.869788]],[[19.920926,49.869871],[19.921644,49.869781]]]}},{"type":"Feature","properties":{"variant":"D","kind":"extent"},"geometry":{"type":"MultiLineString","coordinates":[[[19.911214,49.831712],[19.912166,49.83178]],[[19.911215,49.831706],[19.912168,49.831774]],[[19.911219,49.831681],[19.912174,49.831749]],[[19.911223,49.831656],[19.912181,49.831725]],[[19.911224,49.83165],[19.912183,49.831718]],[[19.912166,49.83178],[19.91352,49.831992]],[[19.912168,49.831774],[19.913524,49.831985]],[[19.912174,49.831749],[19.913536,49.831962]],[[19.912181,49.831725],[19.913548,49.831938]],[[19.912183,49.831718],[19.913551,49.831932]],[[19.91352,49.831992],[19.914268,49.832196]],[[19.913524,49.831985],[19.914272,49.83219]],[[19.913536,49.831962],[19.914287,49.832167]],[[19.913548,49.831938],[19.914302,49.832144]],[[19.913551,49.831932],[19.914306,49.832138]]]}},{"type":"Feature","properties":{"variant":"D","kind":"extent"},"geometry":{"type":"MultiLineString","coordinates":[[[19.911193,49.831259],[19.911598,49.83133]],[[19.911196,49.831252],[19.911601,49.831323]],[[19.911206,49.831228],[19.911609,49.831299]],[[19.911216,49.831204],[19.911618,49.831275]],[[19.911218,49.831198],[19.91162,49.831268]],[[19.911598,49.83133],[19.912006,49.831379]],[[19.911601,49.831323],[19.912009,49.831373]],[[19.911609,49.831299],[19.912018,49.831348]],[[19.911618,49.831275],[19.912027,49.831324]],[[19.91162,49.831268],[19.912029,49.831318]],[[19.912006,49.831379],[19.913581,49.831677]],[[19.912009,49.831373],[19.913584,49.831671]],[[19.912018,49.831348],[19.913597,49.831647]],[[19.912027,49.831324],[19.91361,49.831624]],[[19.912029,49.831318],[19.913614,49.831618]],[[19.913581,49.831677],[19.91405,49.831806]],[[19.913584,49.831671],[19.914054,49.831799]],[[19.913597,49.831647],[19.914069,49.831777]],[[19.91361,49.831624],[19.914084,49.831754]],[[19.913614,49.831618],[19.914088,49.831748]]]}},{"type":"Feature","properties":{"variant":"D","kind":"extent"},"geometry":{"type":"MultiLineString","coordinates":[[[19.945846,49.998572],[19.946074,49.998591]],[[19.945848,49.998565],[19.946086,49.998585]],[[19.945851,49.998549],[19.946114,49.998571]],[[19.945854,49.998534],[19.946142,49.998558]],[[19.945855,49.998527],[19.946154,49.998552]],[[19.946074,49.998591],[19.945957,49.999076]],[[19.946086,49.998585],[19.945967,49.999076]],[[19.946114,49.998571],[19.945992,49.999077]],[[19.946142,49.998558],[19.946016,49.999077]],[[19.946154,49.998552],[19.946027,49.999077]],[[19.945957,49.999076],[19.946057,49.999643]],[[19.945967,49.999076],[19.946067,49.999639]],[[19.945992,49.999077],[19.94609,49.999632]],[[19.946016,49.999077],[19.946113,49.999624]],[[19.946027,49.999077],[19.946123,49.999621]],[[19.946057,49.999643],[19.94735,50.000394]],[[19.946067,49.999639],[19.947353,50.000386]],[[19.94609,49.999632],[19.947361,50.00037]],[[19.946113,49.999624],[19.947368,50.000353]],[[19.946123,49.999621],[19.947371,50.000346]],[[19.94735,50.000394],[19.948281,50.000297]],[[19.947353,50.000386],[19.948279,50.000291]],[[19.947361,50.00037],[19.948275,50.000275]],[[19.947368,50.000353],[19.948272,50.00026]],[[19.947371,50.000346],[19.94827,50.000253]]]}},{"type":"Feature","properties":{"variant":"D","kind":"km","name":"0+000"},"geometry":{"type":"Point","coordinates":[19.942572,50.004034]}},{"type":"Feature","properties":{"variant":"D","kind":"km","name":"1+000"},"geometry":{"type":"Point","coordinates":[19.932643,49.997964]}},{"type":"Feature","properties":{"variant":"D","kind":"km","name":"2+000"},"geometry":{"type":"Point","coordinates":[19.923283,49.991498]}},{"type":"Feature","properties":{"variant":"D","kind":"km","name":"3+000"},"geometry":{"type":"Point","coordinates":[19.923776,49.98257]}},{"type":"Feature","properties":{"variant":"D","kind":"km","name":"4+000"},"geometry":{"type":"Point","coordinates":[19.918028,49.974563]}},{"type":"Feature","properties":{"variant":"D","kind":"km","name":"5+000"},"geometry":{"type":"Point","coordinates":[19.914542,49.966062]}},{"type":"Feature","properties":{"variant":"D","kind":"km","name":"6+000"},"geometry":{"type":"Point","coordinates":[19.917662,49.957325]}},{"type":"Feature","properties":{"variant":"D","kind":"km","name":"7+000"},"geometry":{"type":"Point","coordinates":[19.911109,49.949777]}},{"type":"Feature","properties":{"variant":"D","kind":"km","name":"8+000"},"geometry":{"type":"Point","coordinates":[19.902217,49.943019]}},{"type":"Feature","properties":{"variant":"D","kind":"km","name":"9+000"},"geometry":{"type":"Point","coordinates":[19.900826,49.934099]}},{"type":"Feature","properties":{"variant":"D","kind":"km","name":"10+000"},"geometry":{"type":"Point","coordinates":[19.895217,49.92608]}},{"type":"Feature","properties":{"variant":"D","kind":"km","name":"11+000"},"geometry":{"type":"Point","coordinates":[19.884315,49.920495]}},{"type":"Feature","properties":{"variant":"D","kind":"km","name":"12+000"},"geometry":{"type":"Point","coordinates":[19.874286,49.914327]}},{"type":"Feature","properties":{"variant":"D","kind":"km","name":"13+000"},"geometry":{"type":"Point","coordinates":[19.870667,49.905795]}},{"type":"Feature","properties":{"variant":"D","kind":"km","name":"14+000"},"geometry":{"type":"Point","coordinates":[19.873119,49.896957]}},{"type":"Feature","properties":{"variant":"D","kind":"km","name":"15+000"},"geometry":{"type":"Point","coordinates":[19.879278,49.889134]}},{"type":"Feature","properties":{"variant":"D","kind":"km","name":"16+000"},"geometry":{"type":"Point","coordinates":[19.891921,49.885456]}},{"type":"Feature","properties":{"variant":"D","kind":"km","name":"17+000"},"geometry":{"type":"Point","coordinates":[19.904522,49.881673]}},{"type":"Feature","properties":{"variant":"D","kind":"km","name":"18+000"},"geometry":{"type":"Point","coordinates":[19.914897,49.875754]}},{"type":"Feature","properties":{"variant":"D","kind":"km","name":"19+000"},"geometry":{"type":"Point","coordinates":[19.921457,49.867876]}},{"type":"Feature","properties":{"variant":"D","kind":"km","name":"20+000"},"geometry":{"type":"Point","coordinates":[19.925045,49.859194]}},{"type":"Feature","properties":{"variant":"D","kind":"km","name":"21+000"},"geometry":{"type":"Point","coordinates":[19.927045,49.850344]}},{"type":"Feature","properties":{"variant":"D","kind":"km","name":"22+000"},"geometry":{"type":"Point","coordinates":[19.921348,49.842265]}},{"type":"Feature","properties":{"variant":"D","kind":"km","name":"23+000"},"geometry":{"type":"Point","coordinates":[19.914164,49.834588]}},{"type":"Feature","properties":{"variant":"D","kind":"km","name":"24+000"},"geometry":{"type":"Point","coordinates":[19.912425,49.825778]}},{"type":"Feature","properties":{"variant":"D","kind":"km","name":"25+000"},"geometry":{"type":"Point","coordinates":[19.917028,49.817331]}},{"type":"Feature","properties":{"variant":"D","kind":"km","name":"26+000"},"geometry":{"type":"Point","coordinates":[19.922921,49.809189]}}],"attribution":"© GDDKiA — STEŚ S7 Kraków–Myślenice (2025), warianty A–F"}