{"type":"FeatureCollection","features":[{"type":"Feature","properties":{"variant":"E","kind":"axis"},"geometry":{"type":"MultiLineString","coordinates":[[[19.968948,50.001796],[19.969854,49.99654],[19.969869,49.996457],[19.969883,49.996374],[19.969897,49.996291],[19.969911,49.996208],[19.969925,49.996125],[19.969939,49.996042],[19.969943,49.996016]],[[19.965655,49.985893],[19.964438,49.984219],[19.964368,49.984123],[19.964299,49.984028],[19.96423,49.983933],[19.96416,49.983837],[19.96409,49.983742],[19.964021,49.983647],[19.96395,49.983552],[19.96388,49.983457],[19.963809,49.983362],[19.963738,49.983267],[19.963667,49.983173],[19.963594,49.983078],[19.963522,49.982984],[19.963449,49.98289],[19.963375,49.982796],[19.963301,49.982702],[19.963226,49.982609],[19.963151,49.982515],[19.963074,49.982422],[19.962997,49.982329],[19.96292,49.982237],[19.962841,49.982145],[19.962761,49.982053],[19.962681,49.981961],[19.962599,49.98187],[19.962517,49.981779],[19.962434,49.981689],[19.962349,49.981599],[19.962263,49.981509],[19.962177,49.98142],[19.962089,49.981331],[19.961409,49.980696],[19.960667,49.98009],[19.959867,49.979516],[19.959013,49.978975],[19.958107,49.978471],[19.957979,49.978405],[19.957851,49.97834],[19.957722,49.978276],[19.957592,49.978212],[19.957462,49.978149],[19.95733,49.978086],[19.957198,49.978024],[19.957066,49.977963],[19.956933,49.977902],[19.956799,49.977841],[19.956665,49.977781],[19.95653,49.977722],[19.956394,49.977663],[19.956259,49.977605],[19.956123,49.977547],[19.955986,49.977489],[19.955849,49.977432],[19.955712,49.977375],[19.955574,49.977318],[19.955436,49.977262],[19.955298,49.977206],[19.955159,49.97715],[19.955021,49.977095],[19.954882,49.977039],[19.954743,49.976984],[19.954604,49.976929],[19.954464,49.976874],[19.954325,49.97682],[19.954186,49.976765],[19.954046,49.97671],[19.953907,49.976655],[19.948057,49.974364],[19.947945,49.97432],[19.947833,49.974276],[19.947721,49.974233],[19.947609,49.974189],[19.947498,49.974145],[19.947386,49.974101],[19.947274,49.974057],[19.947163,49.974013],[19.947051,49.973969],[19.94694,49.973924],[19.946829,49.97388],[19.946718,49.973836],[19.946607,49.973791],[19.946496,49.973746],[19.946385,49.973702],[19.946274,49.973657],[19.946164,49.973611],[19.946053,49.973566],[19.945943,49.973521],[19.945833,49.973475],[19.945723,49.973429],[19.945614,49.973383],[19.945504,49.973337],[19.945395,49.97329],[19.945286,49.973243],[19.945178,49.973196],[19.945069,49.973149],[19.944961,49.973102],[19.944853,49.973054],[19.944746,49.973006],[19.944638,49.972958],[19.943283,49.972308],[19.941986,49.97161],[19.94075,49.970868],[19.940657,49.970809],[19.940564,49.970749],[19.940472,49.970689],[19.94038,49.970629],[19.940288,49.970569],[19.940197,49.970509],[19.940106,49.970448],[19.940016,49.970387],[19.939925,49.970326],[19.939835,49.970265],[19.939745,49.970204],[19.939656,49.970142],[19.939567,49.970081],[19.939478,49.970019],[19.939389,49.969957],[19.9393,49.969895],[19.939212,49.969832],[19.939124,49.96977],[19.939036,49.969708],[19.938948,49.969645],[19.93886,49.969583],[19.938773,49.96952],[19.938685,49.969457],[19.938598,49.969394],[19.93851,49.969332],[19.938423,49.969269],[19.938336,49.969206],[19.938249,49.969143],[19.938162,49.96908],[19.938075,49.969017],[19.937988,49.968954],[19.929019,49.962454],[19.928983,49.962428],[19.928948,49.962402],[19.928913,49.962377],[19.928877,49.962351],[19.928842,49.962325],[19.928806,49.962299],[19.928771,49.962274],[19.928736,49.962248],[19.9287,49.962222],[19.928665,49.962197],[19.92863,49.962171],[19.928595,49.962145],[19.92856,49.962119],[19.928525,49.962093],[19.928489,49.962067],[19.928455,49.962041],[19.92842,49.962015],[19.928385,49.961989],[19.92835,49.961963],[19.928315,49.961937],[19.928281,49.961911],[19.928246,49.961885],[19.928211,49.961859],[19.928177,49.961833],[19.928143,49.961806],[19.928109,49.96178],[19.928074,49.961754],[19.92804,49.961727],[19.928006,49.961701],[19.927973,49.961674],[19.927939,49.961647],[19.927438,49.961233],[19.926966,49.960805],[19.926936,49.960776],[19.926906,49.960748],[19.926877,49.960719],[19.926847,49.96069],[19.926818,49.960662],[19.926788,49.960633],[19.926759,49.960604],[19.92673,49.960575],[19.926701,49.960547],[19.926672,49.960518],[19.926643,49.960489],[19.926615,49.96046],[19.926586,49.960431],[19.926557,49.960402],[19.926529,49.960373],[19.9265,49.960344],[19.926472,49.960315],[19.926444,49.960286],[19.926415,49.960257],[19.926387,49.960227],[19.926359,49.960198],[19.926331,49.960169],[19.926303,49.96014],[19.926274,49.960111],[19.926246,49.960081],[19.926218,49.960052],[19.92619,49.960023],[19.926162,49.959994],[19.926134,49.959965],[19.926106,49.959935],[19.926078,49.959906],[19.92473,49.958496],[19.924686,49.95845],[19.924643,49.958405],[19.924599,49.958359],[19.924555,49.958313],[19.924511,49.958268],[19.924467,49.958222],[19.924423,49.958176],[19.924379,49.958131],[19.924335,49.958085],[19.924291,49.95804],[19.924247,49.957994],[19.924203,49.957949],[19.924158,49.957903],[19.924113,49.957858],[19.924069,49.957813],[19.924024,49.957768],[19.923979,49.957722],[19.923933,49.957677],[19.923888,49.957632],[19.923842,49.957587],[19.923797,49.957543],[19.923751,49.957498],[19.923704,49.957453],[19.923658,49.957409],[19.923611,49.957364],[19.923564,49.95732],[19.923517,49.957275],[19.923469,49.957231],[19.923422,49.957187],[19.923374,49.957143],[19.923325,49.9571],[19.922707,49.956573],[19.922044,49.956069],[19.92134,49.955588],[19.921281,49.955551],[19.921222,49.955513],[19.921163,49.955475],[19.921103,49.955438],[19.921043,49.9554],[19.920983,49.955363],[19.920923,49.955326],[19.920862,49.955289],[19.920801,49.955253],[19.92074,49.955216],[19.920679,49.955179],[19.920618,49.955143],[19.920557,49.955107],[19.920495,49.955071],[19.920434,49.955035],[19.920372,49.954999],[19.92031,49.954963],[19.920248,49.954927],[19.920186,49.954891],[19.920124,49.954855],[19.920061,49.95482],[19.919999,49.954784],[19.919937,49.954749],[19.919874,49.954713],[19.919812,49.954678],[19.919749,49.954642],[19.919686,49.954607],[19.919624,49.954572],[19.919561,49.954536],[19.919498,49.954501],[19.919435,49.954466],[19.908485,49.948299],[19.908349,49.948222],[19.908213,49.948145],[19.908077,49.948069],[19.907941,49.947992],[19.907805,49.947914],[19.907669,49.947837],[19.907534,49.94776],[19.907399,49.947682],[19.907265,49.947604],[19.907131,49.947526],[19.906997,49.947447],[19.906864,49.947368],[19.906732,49.947289],[19.9066,49.947209],[19.906469,49.947128],[19.906338,49.947047],[19.906209,49.946966],[19.90608,49.946884],[19.905952,49.946801],[19.905825,49.946718],[19.905699,49.946634],[19.905575,49.94655],[19.905451,49.946465],[19.905329,49.946379],[19.905208,49.946292],[19.905088,49.946205],[19.90497,49.946116],[19.904853,49.946027],[19.904738,49.945937],[19.904624,49.945847],[19.904512,49.945755],[19.903991,49.945295],[19.903514,49.944816],[19.903083,49.944319],[19.902699,49.943807],[19.902364,49.94328],[19.902078,49.942741],[19.901843,49.942192],[19.901801,49.942079],[19.901762,49.941965],[19.901724,49.941851],[19.901689,49.941736],[19.901655,49.941622],[19.901623,49.941507],[19.901593,49.941392],[19.901565,49.941276],[19.901538,49.941161],[19.901513,49.941045],[19.901489,49.94093],[19.901467,49.940814],[19.901446,49.940698],[19.901426,49.940582],[19.901408,49.940466],[19.901391,49.94035],[19.901374,49.940233],[19.901359,49.940117],[19.901345,49.940001],[19.901332,49.939884],[19.901319,49.939768],[19.901307,49.939652],[19.901296,49.939535],[19.901286,49.939419],[19.901275,49.939302],[19.901266,49.939186],[19.901256,49.939069],[19.901247,49.938952],[19.901239,49.938836],[19.90123,49.938719],[19.901222,49.938618]],[[19.900825,49.934097],[19.900818,49.934051],[19.900793,49.933896],[19.900767,49.933742],[19.900739,49.933588],[19.900708,49.933434],[19.900676,49.93328],[19.900642,49.933126],[19.900606,49.932973],[19.900567,49.93282],[19.900526,49.932667],[19.900482,49.932514],[19.900436,49.932362],[19.900388,49.93221],[19.900337,49.932058],[19.900282,49.931907],[19.900225,49.931756],[19.899872,49.930963],[19.899437,49.930187],[19.89892,49.929432],[19.898325,49.928701],[19.897655,49.927998],[19.896912,49.927326],[19.896101,49.926688],[19.895941,49.926572],[19.895778,49.926458],[19.895614,49.926344],[19.895448,49.926232],[19.89528,49.926122],[19.895109,49.926012],[19.894938,49.925903],[19.894764,49.925796],[19.894589,49.925689],[19.894413,49.925584],[19.894235,49.92548],[19.894055,49.925376],[19.893875,49.925274],[19.893693,49.925172],[19.89351,49.925071],[19.893326,49.924971],[19.893142,49.924872],[19.892956,49.924773],[19.892769,49.924675],[19.892582,49.924578],[19.892394,49.924481],[19.892206,49.924385],[19.892017,49.924289],[19.891827,49.924194],[19.891637,49.924098],[19.891447,49.924004],[19.891256,49.923909],[19.891065,49.923815],[19.890874,49.923721],[19.890683,49.923626],[19.890492,49.923532],[19.883853,49.920268],[19.883558,49.920123],[19.883262,49.919977],[19.882967,49.919832],[19.882673,49.919686],[19.882379,49.91954],[19.882085,49.919393],[19.881792,49.919245],[19.8815,49.919097],[19.88121,49.918948],[19.88092,49.918798],[19.880631,49.918648],[19.880344,49.918496],[19.880058,49.918343],[19.879774,49.918188],[19.879492,49.918032],[19.879212,49.917875],[19.878934,49.917716],[19.878658,49.917556],[19.878385,49.917394],[19.878114,49.91723],[19.877846,49.917064],[19.877581,49.916896],[19.877319,49.916726],[19.87706,49.916554],[19.876805,49.91638],[19.876553,49.916204],[19.876305,49.916026],[19.876061,49.915845],[19.875822,49.915662],[19.875587,49.915476],[19.875356,49.915288],[19.874452,49.914483],[19.873637,49.913639],[19.872914,49.91276],[19.872287,49.911852],[19.871759,49.910917],[19.871331,49.909961],[19.871008,49.908989],[19.870789,49.908004],[19.870676,49.907012],[19.870664,49.906773],[19.870659,49.906533],[19.870659,49.906293],[19.870665,49.906054],[19.870677,49.905814],[19.870693,49.905574],[19.870715,49.905335],[19.870741,49.905096],[19.870772,49.904857],[19.870807,49.904618],[19.870846,49.90438],[19.87089,49.904142],[19.870937,49.903904],[19.870988,49.903667],[19.871042,49.90343],[19.871099,49.903193],[19.871159,49.902956],[19.871222,49.90272],[19.871288,49.902484],[19.871355,49.902248],[19.871425,49.902013],[19.871497,49.901778],[19.871571,49.901543],[19.871646,49.901308],[19.871723,49.901074],[19.871801,49.900839],[19.87188,49.900605],[19.871959,49.900371],[19.872039,49.900137],[19.87212,49.899903],[19.872201,49.899669],[19.872502,49.898797],[19.872932,49.897447],[19.874859,49.890871],[19.874898,49.890739],[19.874936,49.890608],[19.874975,49.890477],[19.875014,49.890346],[19.875054,49.890215],[19.875094,49.890084],[19.875134,49.889953],[19.875175,49.889822],[19.875217,49.889691],[19.87526,49.889561],[19.875304,49.88943],[19.875349,49.8893],[19.875396,49.88917],[19.875443,49.88904],[19.875492,49.88891],[19.875542,49.888781],[19.875594,49.888651],[19.875648,49.888522],[19.875703,49.888394],[19.87576,49.888265],[19.875819,49.888137],[19.875881,49.88801],[19.875944,49.887883],[19.87601,49.887756],[19.876077,49.88763],[19.876148,49.887505],[19.87622,49.88738],[19.876296,49.887255],[19.876374,49.887132],[19.876454,49.887009],[19.876538,49.886886],[19.876939,49.886358],[19.877395,49.885849],[19.877902,49.885361],[19.878459,49.884895],[19.879062,49.884455],[19.879711,49.884042],[19.8804,49.883658],[19.881128,49.883304],[19.881298,49.883229],[19.88147,49.883155],[19.881644,49.883082],[19.881819,49.883011],[19.881995,49.882942],[19.882173,49.882874],[19.882352,49.882807],[19.882532,49.882742],[19.882714,49.882678],[19.882896,49.882615],[19.88308,49.882554],[19.883264,49.882494],[19.88345,49.882434],[19.883636,49.882376],[19.883822,49.882319],[19.88401,49.882263],[19.884198,49.882208],[19.884387,49.882154],[19.884576,49.8821],[19.884766,49.882047],[19.884956,49.881995],[19.885147,49.881943],[19.885338,49.881892],[19.885529,49.881842],[19.88572,49.881791],[19.885912,49.881742],[19.886104,49.881692],[19.886296,49.881643],[19.886488,49.881594],[19.886681,49.881545],[19.886873,49.881496],[19.900242,49.878097],[19.900312,49.878079],[19.900382,49.878062],[19.900451,49.878044],[19.900521,49.878026],[19.900591,49.878008],[19.90066,49.87799],[19.90073,49.877972],[19.900799,49.877954],[19.900868,49.877936],[19.900937,49.877917],[19.901006,49.877899],[19.901075,49.87788],[19.901144,49.877861],[19.901213,49.877842],[19.901282,49.877822],[19.90135,49.877802],[19.901418,49.877782],[19.901486,49.877762],[19.901554,49.877742],[19.901621,49.877721],[19.901689,49.8777],[19.901756,49.877678],[19.901823,49.877656],[19.901889,49.877634],[19.901955,49.877612],[19.902021,49.877589],[19.902087,49.877565],[19.902152,49.877541],[19.902217,49.877517],[19.902281,49.877492],[19.902345,49.877467],[19.902705,49.877313],[19.903049,49.877144],[19.903375,49.87696],[19.903681,49.876763],[19.903966,49.876553],[19.904229,49.876331],[19.904273,49.876292],[19.904315,49.876252],[19.904357,49.876212],[19.904398,49.876171],[19.904439,49.876131],[19.904479,49.87609],[19.904519,49.876049],[19.904557,49.876007],[19.904596,49.875966],[19.904634,49.875924],[19.904671,49.875882],[19.904708,49.87584],[19.904744,49.875798],[19.90478,49.875755],[19.904816,49.875713],[19.904851,49.87567],[19.904886,49.875627],[19.90492,49.875584],[19.904954,49.875541],[19.904988,49.875498],[19.905021,49.875455],[19.905055,49.875411],[19.905088,49.875368],[19.905121,49.875325],[19.905153,49.875281],[19.905186,49.875237],[19.905218,49.875194],[19.905251,49.87515],[19.905283,49.875107],[19.905315,49.875063],[19.905347,49.875019],[19.908199,49.871147],[19.908212,49.871129],[19.908225,49.87111],[19.908238,49.871092],[19.908252,49.871074],[19.908265,49.871056],[19.908278,49.871038],[19.908291,49.87102],[19.908305,49.871002],[19.908318,49.870984],[19.908331,49.870966],[19.908344,49.870948],[19.908357,49.87093],[19.90837,49.870911],[19.908383,49.870893],[19.908396,49.870875],[19.908408,49.870857],[19.908421,49.870839],[19.908434,49.87082],[19.908446,49.870802],[19.908459,49.870784],[19.908471,49.870765],[19.908483,49.870747],[19.908496,49.870729],[19.908508,49.87071],[19.90852,49.870692],[19.908532,49.870673],[19.908543,49.870655],[19.908555,49.870636],[19.908567,49.870618],[19.908578,49.870599],[19.908589,49.870581],[19.908685,49.870411],[19.908695,49.870392],[19.908704,49.870373],[19.908714,49.870354],[19.908724,49.870335],[19.908733,49.870316],[19.908742,49.870297],[19.908751,49.870278],[19.90876,49.870259],[19.908769,49.87024],[19.908778,49.870221],[19.908787,49.870201],[19.908796,49.870182],[19.908804,49.870163],[19.908813,49.870144],[19.908821,49.870125],[19.90883,49.870105],[19.908838,49.870086],[19.908846,49.870067],[19.908854,49.870048],[19.908862,49.870028],[19.90887,49.870009],[19.908878,49.86999],[19.908886,49.86997],[19.908894,49.869951],[19.908902,49.869932],[19.90891,49.869912],[19.908918,49.869893],[19.908926,49.869874],[19.908933,49.869854],[19.908941,49.869835],[19.908949,49.869816],[19.910333,49.866381],[19.910348,49.866344],[19.910363,49.866307],[19.910378,49.866269],[19.910393,49.866232],[19.910407,49.866195],[19.910422,49.866157],[19.910437,49.86612],[19.910451,49.866082],[19.910466,49.866045],[19.91048,49.866008],[19.910494,49.86597],[19.910508,49.865933],[19.910522,49.865895],[19.910535,49.865857],[19.910549,49.86582],[19.910561,49.865782],[19.910574,49.865745],[19.910587,49.865707],[19.910599,49.865669],[19.910611,49.865631],[19.910622,49.865593],[19.910633,49.865555],[19.910644,49.865518],[19.910654,49.86548],[19.910664,49.865442],[19.910673,49.865403],[19.910682,49.865365],[19.910691,49.865327],[19.910699,49.865289],[19.910706,49.865251],[19.910713,49.865212],[19.910748,49.864928],[19.910754,49.864642],[19.910729,49.864357],[19.910675,49.864073],[19.910591,49.863793],[19.910577,49.863755],[19.910563,49.863718],[19.910549,49.863681],[19.910534,49.863643],[19.910518,49.863606],[19.910502,49.863569],[19.910486,49.863532],[19.910469,49.863495],[19.910452,49.863458],[19.910434,49.863421],[19.910416,49.863384],[19.910398,49.863347],[19.91038,49.863311],[19.910361,49.863274],[19.910342,49.863238],[19.910322,49.863201],[19.910303,49.863165],[19.910283,49.863128],[19.910263,49.863092],[19.910243,49.863056],[19.910222,49.86302],[19.910201,49.862983],[19.910181,49.862947],[19.91016,49.862911],[19.910139,49.862875],[19.910118,49.862839],[19.910096,49.862803],[19.910075,49.862767],[19.910054,49.862731],[19.910033,49.862695],[19.910011,49.862659],[19.909905,49.86248],[19.909868,49.862417],[19.909831,49.862354],[19.909794,49.862292],[19.909757,49.862229],[19.90972,49.862166],[19.909683,49.862103],[19.909647,49.86204],[19.909611,49.861977],[19.909576,49.861914],[19.909541,49.86185],[19.909507,49.861787],[19.909473,49.861723],[19.909439,49.86166],[19.909407,49.861596],[19.909375,49.861532],[19.909344,49.861468],[19.909313,49.861404],[19.909284,49.861339],[19.909255,49.861275],[19.909228,49.86121],[19.909201,49.861145],[19.909176,49.86108],[19.909151,49.861014],[19.909128,49.860949],[19.909106,49.860883],[19.909086,49.860817],[19.909066,49.860751],[19.909049,49.860685],[19.909032,49.860619],[19.909017,49.860552],[19.909004,49.860486],[19.908967,49.860213],[19.908958,49.85994],[19.908975,49.859667],[19.909021,49.859395],[19.909093,49.859125],[19.909192,49.85886],[19.909317,49.858599],[19.909468,49.858343],[19.909645,49.858095],[19.909692,49.858035],[19.90974,49.857975],[19.90979,49.857916],[19.909841,49.857858],[19.909894,49.8578],[19.909948,49.857742],[19.910002,49.857685],[19.910058,49.857629],[19.910115,49.857572],[19.910173,49.857517],[19.910232,49.857461],[19.910291,49.857406],[19.910352,49.857352],[19.910413,49.857297],[19.910475,49.857243],[19.910538,49.85719],[19.910601,49.857136],[19.910665,49.857083],[19.91073,49.857031],[19.910795,49.856978],[19.91086,49.856926],[19.910926,49.856874],[19.910992,49.856822],[19.911059,49.856771],[19.911125,49.856719],[19.911193,49.856668],[19.91126,49.856617],[19.911327,49.856565],[19.911395,49.856514],[19.911462,49.856463],[19.91153,49.856412],[19.913587,49.854862],[19.914676,49.854095],[19.915841,49.853375],[19.917077,49.852708],[19.922726,49.849854],[19.922773,49.84983],[19.92282,49.849807],[19.922867,49.849783],[19.922914,49.849759],[19.922961,49.849735],[19.923008,49.849711],[19.923055,49.849687],[19.923101,49.849663],[19.923148,49.849639],[19.923194,49.849615],[19.923241,49.849591],[19.923287,49.849567],[19.923333,49.849542],[19.923379,49.849518],[19.923425,49.849493],[19.923471,49.849468],[19.923516,49.849443],[19.923562,49.849418],[19.923607,49.849393],[19.923652,49.849367],[19.923696,49.849342],[19.923741,49.849316],[19.923785,49.84929],[19.923829,49.849264],[19.923872,49.849238],[19.923915,49.849211],[19.923958,49.849184],[19.924001,49.849157],[19.924043,49.84913],[19.924085,49.849103],[19.924127,49.849075],[19.924412,49.84887],[19.924677,49.848654],[19.924918,49.848427],[19.925137,49.84819],[19.925331,49.847944],[19.9255,49.847691],[19.925521,49.847655],[19.925542,49.847619],[19.925563,49.847582],[19.925583,49.847546],[19.925603,49.84751],[19.925622,49.847473],[19.925641,49.847437],[19.925659,49.8474],[19.925677,49.847363],[19.925695,49.847326],[19.925712,49.84729],[19.925729,49.847253],[19.925746,49.847216],[19.925762,49.847178],[19.925779,49.847141],[19.925794,49.847104],[19.92581,49.847067],[19.925825,49.84703],[19.92584,49.846992],[19.925855,49.846955],[19.92587,49.846918],[19.925884,49.84688],[19.925899,49.846843],[19.925913,49.846805],[19.925927,49.846768],[19.925941,49.84673],[19.925955,49.846693],[19.925969,49.846655],[19.925983,49.846618],[19.925997,49.84658],[19.92601,49.846543],[19.926102,49.846293],[19.926124,49.846232],[19.926147,49.846171],[19.926169,49.84611],[19.926192,49.846049],[19.926215,49.845989],[19.926238,49.845928],[19.926261,49.845867],[19.926285,49.845807],[19.92631,49.845746],[19.926334,49.845686],[19.92636,49.845625],[19.926386,49.845565],[19.926412,49.845505],[19.926439,49.845445],[19.926467,49.845385],[19.926496,49.845325],[19.926526,49.845266],[19.926556,49.845206],[19.926588,49.845147],[19.92662,49.845088],[19.926654,49.84503],[19.926688,49.844971],[19.926724,49.844913],[19.926761,49.844855],[19.926799,49.844798],[19.926839,49.844741],[19.926879,49.844684],[19.926921,49.844628],[19.926965,49.844572],[19.92701,49.844517],[19.927056,49.844462],[19.927246,49.844259],[19.927456,49.844064],[19.927686,49.84388],[19.927935,49.843706],[19.928202,49.843543],[19.928485,49.843392],[19.928783,49.843254],[19.929095,49.843129],[19.929419,49.843018],[19.929754,49.842922],[19.929844,49.842899],[19.929935,49.842877],[19.930026,49.842856],[19.930118,49.842836],[19.93021,49.842817],[19.930302,49.842798],[19.930395,49.842781],[19.930488,49.842764],[19.930582,49.842749],[19.930676,49.842734],[19.93077,49.84272],[19.930864,49.842706],[19.930959,49.842693],[19.931054,49.842681],[19.931149,49.842669],[19.931244,49.842658],[19.931339,49.842648],[19.931435,49.842638],[19.931531,49.842628],[19.931626,49.842619],[19.931722,49.84261],[19.931818,49.842602],[19.931914,49.842594],[19.93201,49.842586],[19.932106,49.842579],[19.932202,49.842571],[19.932298,49.842564],[19.932394,49.842557],[19.93249,49.84255],[19.932586,49.842543],[19.932682,49.842537],[19.939889,49.842029],[19.939974,49.842023],[19.940059,49.842017],[19.940145,49.842011],[19.94023,49.842005],[19.940315,49.841998],[19.940401,49.841992],[19.940486,49.841985],[19.940571,49.841979],[19.940657,49.841972],[19.940742,49.841965],[19.940827,49.841958],[19.940912,49.84195],[19.940997,49.841942],[19.941082,49.841934],[19.941167,49.841926],[19.941252,49.841917],[19.941336,49.841907],[19.941421,49.841898],[19.941505,49.841888],[19.94159,49.841877],[19.941674,49.841867],[19.941758,49.841855],[19.941842,49.841843],[19.941925,49.841831],[19.942009,49.841818],[19.942092,49.841804],[19.942175,49.84179],[19.942258,49.841775],[19.942341,49.84176],[19.942423,49.841744],[19.942505,49.841727],[19.942919,49.841631],[19.943322,49.841516],[19.943712,49.841385],[19.944088,49.841236],[19.944447,49.841072],[19.944789,49.840892],[19.945111,49.840698],[19.945171,49.840659],[19.945231,49.840619],[19.94529,49.840578],[19.945348,49.840537],[19.945405,49.840496],[19.945462,49.840454],[19.945518,49.840412],[19.945573,49.84037],[19.945628,49.840327],[19.945682,49.840284],[19.945735,49.84024],[19.945788,49.840197],[19.945841,49.840153],[19.945893,49.840108],[19.945944,49.840064],[19.945995,49.840019],[19.946045,49.839974],[19.946095,49.839929],[19.946145,49.839884],[19.946194,49.839838],[19.946243,49.839792],[19.946292,49.839747],[19.94634,49.839701],[19.946388,49.839655],[19.946436,49.839609],[19.946484,49.839563],[19.946531,49.839516],[19.946579,49.83947],[19.946626,49.839424],[19.946674,49.839377],[19.946721,49.839331],[19.947813,49.838259],[19.94783,49.838243],[19.947847,49.838226],[19.947864,49.838209],[19.947881,49.838193],[19.947898,49.838176],[19.947915,49.838159],[19.947932,49.838143],[19.947949,49.838126],[19.947966,49.838109],[19.947983,49.838092],[19.948,49.838075],[19.948016,49.838059],[19.948033,49.838042],[19.94805,49.838025],[19.948066,49.838008],[19.948083,49.837991],[19.948099,49.837974],[19.948116,49.837957],[19.948132,49.83794],[19.948148,49.837923],[19.948165,49.837906],[19.948181,49.837889],[19.948197,49.837872],[19.948213,49.837855],[19.948229,49.837838],[19.948244,49.837821],[19.94826,49.837803],[19.948275,49.837786],[19.948291,49.837769],[19.948306,49.837751],[19.948321,49.837734],[19.948515,49.837492],[19.948684,49.837243],[19.948827,49.836987],[19.948837,49.836967],[19.948846,49.836948],[19.948856,49.836929],[19.948865,49.83691],[19.948874,49.836891],[19.948883,49.836872],[19.948892,49.836853],[19.9489,49.836834],[19.948909,49.836814],[19.948917,49.836795],[19.948926,49.836776],[19.948934,49.836757],[19.948942,49.836737],[19.94895,49.836718],[19.948958,49.836699],[19.948966,49.83668],[19.948974,49.83666],[19.948982,49.836641],[19.94899,49.836622],[19.948998,49.836602],[19.949005,49.836583],[19.949013,49.836563],[19.949021,49.836544],[19.949028,49.836525],[19.949036,49.836505],[19.949043,49.836486],[19.949051,49.836466],[19.949058,49.836447],[19.949066,49.836428],[19.949073,49.836408],[19.949081,49.836389],[19.949508,49.835273],[19.950287,49.833419],[19.950912,49.832053],[19.95094,49.831991],[19.950968,49.83193],[19.950996,49.831868],[19.951024,49.831807],[19.951052,49.831745],[19.951079,49.831684],[19.951105,49.831622],[19.951132,49.83156],[19.951157,49.831498],[19.951182,49.831436],[19.951207,49.831374],[19.951231,49.831312],[19.951254,49.83125],[19.951276,49.831187],[19.951297,49.831125],[19.951317,49.831062],[19.951336,49.830999],[19.951354,49.830936],[19.95137,49.830873],[19.951386,49.83081],[19.951399,49.830746],[19.951412,49.830683],[19.951423,49.830619],[19.951432,49.830555],[19.95144,49.830491],[19.951446,49.830427],[19.951451,49.830363],[19.951453,49.830299],[19.951454,49.830235],[19.951452,49.830171],[19.951448,49.830107],[19.951425,49.829915],[19.951382,49.829725],[19.95132,49.829536],[19.95124,49.829351],[19.951141,49.829169],[19.951024,49.828992],[19.950889,49.828821],[19.950738,49.828655],[19.95057,49.828496],[19.950387,49.828344],[19.950189,49.8282],[19.950119,49.828154],[19.950049,49.828109],[19.949977,49.828065],[19.949904,49.828022],[19.949829,49.82798],[19.949754,49.827939],[19.949677,49.827898],[19.949599,49.827858],[19.94952,49.82782],[19.949441,49.827782],[19.94936,49.827744],[19.949279,49.827708],[19.949197,49.827672],[19.949114,49.827637],[19.949031,49.827602],[19.948947,49.827568],[19.948862,49.827535],[19.948777,49.827502],[19.948692,49.827469],[19.948606,49.827437],[19.94852,49.827406],[19.948433,49.827375],[19.948346,49.827344],[19.948259,49.827314],[19.948172,49.827284],[19.948084,49.827254],[19.947996,49.827224],[19.947908,49.827194],[19.94782,49.827165],[19.947732,49.827136],[19.947644,49.827106],[19.944817,49.826165],[19.944777,49.826152],[19.944736,49.826138],[19.944695,49.826124],[19.944654,49.826111],[19.944613,49.826097],[19.944572,49.826083],[19.944532,49.82607],[19.944491,49.826056],[19.94445,49.826042],[19.94441,49.826028],[19.944369,49.826014],[19.944329,49.826],[19.944288,49.825986],[19.944248,49.825971],[19.944207,49.825957],[19.944167,49.825942],[19.944127,49.825928],[19.944087,49.825913],[19.944047,49.825898],[19.944008,49.825883],[19.943968,49.825868],[19.943929,49.825853],[19.943889,49.825838],[19.94385,49.825822],[19.943811,49.825806],[19.943772,49.82579],[19.943734,49.825774],[19.943695,49.825758],[19.943657,49.825742],[19.943619,49.825725],[19.943581,49.825708],[19.943303,49.825574],[19.943038,49.82543],[19.942789,49.825274],[19.942555,49.825109],[19.942338,49.824934],[19.942311,49.82491],[19.942284,49.824886],[19.942257,49.824862],[19.94223,49.824838],[19.942204,49.824813],[19.942178,49.824789],[19.942152,49.824764],[19.942127,49.824739],[19.942101,49.824714],[19.942076,49.82469],[19.942051,49.824665],[19.942027,49.824639],[19.942002,49.824614],[19.941978,49.824589],[19.941954,49.824564],[19.94193,49.824538],[19.941907,49.824513],[19.941883,49.824487],[19.94186,49.824461],[19.941836,49.824436],[19.941813,49.82441],[19.94179,49.824384],[19.941767,49.824359],[19.941744,49.824333],[19.941721,49.824307],[19.941699,49.824281],[19.941676,49.824255],[19.941653,49.824229],[19.941631,49.824203],[19.941608,49.824178],[19.941586,49.824152],[19.941455,49.824002],[19.941411,49.823951],[19.941367,49.823901],[19.941323,49.82385],[19.941279,49.8238],[19.941235,49.823749],[19.941191,49.823699],[19.941146,49.823648],[19.941102,49.823598],[19.941058,49.823547],[19.941013,49.823497],[19.940968,49.823447],[19.940924,49.823397],[19.940879,49.823346],[19.940833,49.823296],[19.940788,49.823246],[19.940742,49.823196],[19.940697,49.823146],[19.940651,49.823097],[19.940605,49.823047],[19.940558,49.822997],[19.940511,49.822948],[19.940464,49.822898],[19.940417,49.822849],[19.94037,49.8228],[19.940322,49.822751],[19.940274,49.822702],[19.940225,49.822653],[19.940176,49.822604],[19.940127,49.822556],[19.940078,49.822508],[19.940028,49.822459],[19.939318,49.821827],[19.938542,49.821227],[19.937704,49.820664],[19.936807,49.82014],[19.935857,49.819658],[19.934856,49.81922],[19.93478,49.819189],[19.934704,49.819159],[19.934627,49.819128],[19.934551,49.819098],[19.934474,49.819069],[19.934397,49.819039],[19.934319,49.81901],[19.934242,49.81898],[19.934164,49.818952],[19.934086,49.818923],[19.934008,49.818894],[19.93393,49.818866],[19.933852,49.818837],[19.933773,49.818809],[19.933695,49.818781],[19.933616,49.818753],[19.933537,49.818726],[19.933459,49.818698],[19.93338,49.818671],[19.933301,49.818643],[19.933222,49.818616],[19.933142,49.818589],[19.933063,49.818562],[19.932984,49.818535],[19.932904,49.818508],[19.932825,49.818481],[19.932746,49.818454],[19.932666,49.818427],[19.932587,49.8184],[19.932507,49.818373],[19.932428,49.818346],[19.93148,49.818027],[19.931407,49.818002],[19.931333,49.817977],[19.93126,49.817953],[19.931187,49.817928],[19.931114,49.817903],[19.931041,49.817878],[19.930968,49.817853],[19.930894,49.817828],[19.930821,49.817803],[19.930748,49.817778],[19.930675,49.817753],[19.930603,49.817728],[19.93053,49.817703],[19.930457,49.817677],[19.930384,49.817652],[19.930312,49.817626],[19.930239,49.817601],[19.930167,49.817575],[19.930095,49.817549],[19.930023,49.817523],[19.929951,49.817497],[19.929879,49.81747],[19.929807,49.817444],[19.929736,49.817417],[19.929664,49.81739],[19.929593,49.817363],[19.929522,49.817336],[19.929451,49.817308],[19.92938,49.817281],[19.92931,49.817253],[19.929239,49.817225],[19.928502,49.816913],[19.927791,49.816577],[19.927107,49.816218],[19.927044,49.816183],[19.926982,49.816148],[19.926919,49.816113],[19.926858,49.816078],[19.926796,49.816042],[19.926734,49.816006],[19.926673,49.815971],[19.926612,49.815935],[19.926551,49.815898],[19.92649,49.815862],[19.92643,49.815826],[19.926369,49.815789],[19.926309,49.815753],[19.926249,49.815716],[19.926189,49.815679],[19.926129,49.815642],[19.92607,49.815605],[19.92601,49.815568],[19.925951,49.815531],[19.925891,49.815494],[19.925832,49.815457],[19.925773,49.815419],[19.925714,49.815382],[19.925655,49.815344],[19.925596,49.815307],[19.925537,49.815269],[19.925478,49.815232],[19.92542,49.815194],[19.925361,49.815157],[19.925302,49.815119],[19.925243,49.815082],[19.924244,49.814442],[19.924218,49.814425],[19.924191,49.814408],[19.924165,49.814391],[19.924138,49.814374],[19.924112,49.814357],[19.924086,49.81434],[19.924059,49.814323],[19.924033,49.814306],[19.924007,49.814289],[19.923981,49.814271],[19.923954,49.814254],[19.923928,49.814237],[19.923902,49.81422],[19.923876,49.814203],[19.923851,49.814185],[19.923825,49.814168],[19.923799,49.81415],[19.923774,49.814133],[19.923748,49.814115],[19.923723,49.814098],[19.923698,49.81408],[19.923673,49.814062],[19.923648,49.814044],[19.923623,49.814026],[19.923598,49.814008],[19.923574,49.81399],[19.923549,49.813972],[19.923525,49.813953],[19.923501,49.813935],[19.923477,49.813916],[19.923454,49.813898],[19.923249,49.813724],[19.923061,49.813543],[19.92289,49.813354],[19.922739,49.813159],[19.922606,49.812958],[19.922493,49.812752],[19.922482,49.812729],[19.922471,49.812706],[19.92246,49.812683],[19.92245,49.81266],[19.922439,49.812637],[19.922429,49.812614],[19.922419,49.81259],[19.92241,49.812567],[19.9224,49.812544],[19.922391,49.81252],[19.922381,49.812497],[19.922372,49.812474],[19.922363,49.81245],[19.922355,49.812427],[19.922346,49.812403],[19.922338,49.81238],[19.922329,49.812357],[19.922321,49.812333],[19.922313,49.81231],[19.922305,49.812286],[19.922297,49.812262],[19.922289,49.812239],[19.922281,49.812215],[19.922273,49.812192],[19.922266,49.812168],[19.922258,49.812145],[19.92225,49.812121],[19.922243,49.812097],[19.922235,49.812074],[19.922228,49.81205],[19.92222,49.812027],[19.92221,49.811996],[19.922204,49.811977],[19.922198,49.811957],[19.922192,49.811938],[19.922186,49.811919],[19.92218,49.811899],[19.922174,49.81188],[19.922167,49.81186],[19.922161,49.811841],[19.922156,49.811822],[19.92215,49.811802],[19.922144,49.811783],[19.922138,49.811763],[19.922132,49.811744],[19.922127,49.811724],[19.922121,49.811705],[19.922116,49.811686],[19.922111,49.811666],[19.922105,49.811647],[19.9221,49.811627],[19.922095,49.811608],[19.922091,49.811588],[19.922086,49.811569],[19.922081,49.811549],[19.922077,49.811529],[19.922073,49.81151],[19.922069,49.81149],[19.922065,49.811471],[19.922061,49.811451],[19.922058,49.811431],[19.922054,49.811412],[19.922051,49.811392],[19.922031,49.811208],[19.922029,49.811024],[19.922045,49.81084],[19.922078,49.810657],[19.922129,49.810476],[19.922197,49.810297],[19.922282,49.810121],[19.922292,49.810102],[19.922303,49.810084],[19.922313,49.810065],[19.922324,49.810047],[19.922335,49.810028],[19.922346,49.81001],[19.922357,49.809991],[19.922368,49.809973],[19.92238,49.809955],[19.922391,49.809936],[19.922403,49.809918],[19.922415,49.8099],[19.922427,49.809882],[19.922439,49.809863],[19.922451,49.809845],[19.922463,49.809827],[19.922475,49.809809],[19.922488,49.809791],[19.9225,49.809773],[19.922513,49.809755],[19.922525,49.809737],[19.922538,49.809719],[19.922551,49.809701],[19.922564,49.809683],[19.922576,49.809665],[19.922589,49.809647],[19.922602,49.809629],[19.922615,49.809611],[19.922628,49.809593],[19.922641,49.809575],[19.922654,49.809557],[19.923437,49.808475]]]}},{"type":"Feature","properties":{"variant":"E","kind":"axisTunnel"},"geometry":{"type":"MultiLineString","coordinates":[[[19.969943,49.996016],[19.969953,49.995959],[19.969966,49.995876],[19.969979,49.995793],[19.969991,49.99571],[19.970004,49.995626],[19.970016,49.995543],[19.970027,49.99546],[19.970038,49.995377],[19.970049,49.995293],[19.970058,49.99521],[19.970068,49.995127],[19.970076,49.995043],[19.970084,49.99496],[19.970092,49.994877],[19.970098,49.994793],[19.970104,49.99471],[19.970109,49.994626],[19.970113,49.994543],[19.970116,49.994459],[19.970119,49.994376],[19.97012,49.994292],[19.97012,49.994209],[19.97012,49.994125],[19.970118,49.994041],[19.970115,49.993958],[19.970054,49.993311],[19.969924,49.992668],[19.969726,49.992033],[19.969461,49.991407],[19.969422,49.991328],[19.969382,49.991248],[19.969341,49.991169],[19.969299,49.99109],[19.969256,49.991011],[19.969212,49.990932],[19.969168,49.990854],[19.969122,49.990776],[19.969076,49.990698],[19.969028,49.99062],[19.968981,49.990542],[19.968932,49.990465],[19.968883,49.990387],[19.968833,49.99031],[19.968783,49.990233],[19.968732,49.990157],[19.96868,49.99008],[19.968628,49.990003],[19.968576,49.989927],[19.968523,49.989851],[19.96847,49.989774],[19.968416,49.989698],[19.968363,49.989622],[19.968309,49.989546],[19.968254,49.98947],[19.9682,49.989395],[19.968145,49.989319],[19.96809,49.989243],[19.968035,49.989167],[19.96798,49.989092],[19.967925,49.989016],[19.965655,49.985893]],[[19.901222,49.938618],[19.901221,49.938603],[19.901069,49.936528],[19.901057,49.936373],[19.901046,49.936218],[19.901034,49.936063],[19.901022,49.935908],[19.901009,49.935753],[19.900996,49.935598],[19.900983,49.935443],[19.900969,49.935288],[19.900954,49.935133],[19.900938,49.934979],[19.900921,49.934824],[19.900903,49.934669],[19.900884,49.934514],[19.900863,49.93436],[19.900842,49.934205],[19.900825,49.934097]]]}},{"type":"Feature","properties":{"variant":"E","kind":"tunnel","name":"SOLID"},"geometry":{"type":"Polygon","coordinates":[[[19.970224,49.996033],[19.969669,49.995999],[19.969765,49.995346],[19.969807,49.994992],[19.969843,49.994545],[19.969851,49.994197],[19.96983,49.993844],[19.96976,49.993225],[19.969672,49.992788],[19.969602,49.992528],[19.969492,49.992181],[19.969374,49.991866],[19.969213,49.9915],[19.969048,49.991172],[19.968869,49.990855],[19.968554,49.990347],[19.96799,49.989532],[19.967401,49.988719],[19.966816,49.987913],[19.96646,49.987424],[19.965864,49.986604],[19.965737,49.986429],[19.965626,49.986277],[19.965574,49.986205],[19.965402,49.985969],[19.965907,49.985817],[19.966079,49.986053],[19.966131,49.986124],[19.966242,49.986277],[19.966369,49.986451],[19.966965,49.987271],[19.967321,49.987761],[19.967907,49.988567],[19.968498,49.989383],[19.969068,49.990207],[19.969391,49.990727],[19.969575,49.991055],[19.969747,49.991396],[19.969914,49.991775],[19.970037,49.992103],[19.97015,49.992461],[19.970223,49.992734],[19.970315,49.993189],[19.970387,49.993824],[19.970409,49.994193],[19.970401,49.994556],[19.970364,49.995015],[19.970321,49.995377],[19.970224,49.996033]]]}},{"type":"Feature","properties":{"variant":"E","kind":"tunnel","name":"SOLID"},"geometry":{"type":"Polygon","coordinates":[[[19.901503,49.938609],[19.900946,49.938626],[19.90088,49.937723],[19.900809,49.93682],[19.900745,49.935942],[19.900675,49.935136],[19.900583,49.934357],[19.900548,49.934114],[19.901103,49.93408],[19.901138,49.934326],[19.901231,49.935112],[19.901302,49.935923],[19.901365,49.936803],[19.901437,49.937705],[19.901503,49.938609]]]}},{"type":"Feature","properties":{"variant":"E","kind":"bridge","name":"SOLID"},"geometry":{"type":"Polygon","coordinates":[[[19.921328,49.955328],[19.920948,49.955592],[19.920092,49.955078],[19.919627,49.954813],[19.918814,49.954354],[19.919181,49.954083],[19.919996,49.954543],[19.920466,49.954811],[19.921328,49.955328]]]}},{"type":"Feature","properties":{"variant":"E","kind":"bridge","name":"SOLID"},"geometry":{"type":"Polygon","coordinates":[[[19.919474,49.955345],[19.918901,49.955012],[19.919017,49.954871],[19.919613,49.955213],[19.919474,49.955345]]]}},{"type":"Feature","properties":{"variant":"E","kind":"bridge","name":"SOLID"},"geometry":{"type":"Polygon","coordinates":[[[19.936864,49.968802],[19.936717,49.96867],[19.937972,49.968193],[19.938093,49.968356],[19.936864,49.968802]]]}},{"type":"Feature","properties":{"variant":"E","kind":"bridge","name":"SOLID"},"geometry":{"type":"Polygon","coordinates":[[[19.908599,49.948691],[19.908896,49.948861],[19.909473,49.948465],[19.909188,49.948287],[19.908599,49.948691]]]}},{"type":"Feature","properties":{"variant":"E","kind":"bridge","name":"SOLID"},"geometry":{"type":"Polygon","coordinates":[[[19.967755,50.002081],[19.968261,50.002094],[19.968272,50.001564],[19.967777,50.00156],[19.967755,50.002081]],[[19.970019,50.002109],[19.970031,50.00154],[19.970465,50.001544],[19.970453,50.002113],[19.970019,50.002109]]]}},{"type":"Feature","properties":{"variant":"E","kind":"bridge","name":"SOLID"},"geometry":{"type":"Polygon","coordinates":[[[19.954791,49.977324],[19.955176,49.977474],[19.955554,49.977055],[19.95519,49.976899],[19.954791,49.977324]]]}},{"type":"Feature","properties":{"variant":"E","kind":"bridge","name":"SOLID"},"geometry":{"type":"Polygon","coordinates":[[[19.886224,49.921886],[19.886899,49.921314],[19.887056,49.921391],[19.887213,49.921468],[19.887353,49.921537],[19.887689,49.921702],[19.887858,49.921786],[19.887183,49.922358],[19.887014,49.922274],[19.886679,49.92211],[19.886538,49.92204],[19.886381,49.921963],[19.886224,49.921886]]]}},{"type":"Feature","properties":{"variant":"E","kind":"bridge","name":"SOLID"},"geometry":{"type":"Polygon","coordinates":[[[19.871341,49.90842],[19.871416,49.908203],[19.870393,49.907959],[19.870274,49.908201],[19.871341,49.90842]]]}},{"type":"Feature","properties":{"variant":"E","kind":"bridge","name":"SOLID"},"geometry":{"type":"Polygon","coordinates":[[[19.871271,49.906955],[19.871212,49.906698],[19.870135,49.906738],[19.870158,49.906993],[19.871271,49.906955]]]}},{"type":"Feature","properties":{"variant":"E","kind":"bridge","name":"SOLID"},"geometry":{"type":"Polygon","coordinates":[[[19.88349,49.920563],[19.884009,49.920857],[19.884739,49.920264],[19.884251,49.920003],[19.88349,49.920563]]]}},{"type":"Feature","properties":{"variant":"E","kind":"bridge","name":"SOLID"},"geometry":{"type":"Polygon","coordinates":[[[19.895191,49.926579],[19.895419,49.926745],[19.896094,49.926302],[19.89589,49.926171],[19.895191,49.926579]]]}},{"type":"Feature","properties":{"variant":"E","kind":"bridge","name":"SOLID"},"geometry":{"type":"Polygon","coordinates":[[[19.940699,49.842165],[19.940986,49.842121],[19.941008,49.841539],[19.94065,49.841544],[19.940699,49.842165]]]}},{"type":"Feature","properties":{"variant":"E","kind":"bridge","name":"SOLID"},"geometry":{"type":"Polygon","coordinates":[[[19.949761,49.834076],[19.95021,49.833013],[19.950728,49.833105],[19.95007,49.834686],[19.949538,49.83462],[19.949761,49.834076]]]}},{"type":"Feature","properties":{"variant":"E","kind":"bridge","name":"SOLID"},"geometry":{"type":"Polygon","coordinates":[[[19.943923,49.826103],[19.943617,49.826027],[19.943722,49.82547],[19.944036,49.825511],[19.943923,49.826103]]]}},{"type":"Feature","properties":{"variant":"E","kind":"bridge","name":"SOLID"},"geometry":{"type":"Polygon","coordinates":[[[19.88133,49.883416],[19.881038,49.883144],[19.881884,49.882794],[19.882762,49.882468],[19.883576,49.882209],[19.883986,49.882083],[19.884204,49.882412],[19.883211,49.882691],[19.882297,49.88301],[19.881564,49.883308],[19.88133,49.883416]]]}},{"type":"Feature","properties":{"variant":"E","kind":"bridge","name":"SOLID"},"geometry":{"type":"Polygon","coordinates":[[[19.948323,49.838136],[19.947801,49.837932],[19.947899,49.837827],[19.948446,49.83804],[19.948323,49.838136]]]}},{"type":"Feature","properties":{"variant":"E","kind":"bridge","name":"SOLID"},"geometry":{"type":"Polygon","coordinates":[[[19.946795,49.974042],[19.947107,49.974164],[19.947345,49.973893],[19.947033,49.97377],[19.946795,49.974042]]]}},{"type":"Feature","properties":{"variant":"E","kind":"bridge","name":"SOLID"},"geometry":{"type":"Polygon","coordinates":[[[19.943261,49.972551],[19.943556,49.972689],[19.943925,49.972371],[19.943629,49.972233],[19.943261,49.972551]]]}},{"type":"Feature","properties":{"variant":"E","kind":"interchangeName","name":"Węzeł Kraków Tuchowska"},"geometry":{"type":"Point","coordinates":[19.970193,50.00325]}},{"type":"Feature","properties":{"variant":"E","kind":"interchangeName","name":"Węzeł Myślenice Północ"},"geometry":{"type":"Point","coordinates":[19.929507,49.844551]}},{"type":"Feature","properties":{"variant":"E","kind":"interchangeName","name":"Węzeł Głogoczów"},"geometry":{"type":"Point","coordinates":[19.874156,49.907383]}},{"type":"Feature","properties":{"variant":"E","kind":"interchangeName","name":"Węzeł Świątniki Górne"},"geometry":{"type":"Point","coordinates":[19.944118,49.970577]}},{"type":"Feature","properties":{"variant":"E","kind":"interchangeName","name":"Węzeł Krzyszkowice"},"geometry":{"type":"Point","coordinates":[19.908093,49.874075]}},{"type":"Feature","properties":{"variant":"E","kind":"interchangeName","name":"Węzeł Jawornik"},"geometry":{"type":"Point","coordinates":[19.913806,49.856668]}},{"type":"Feature","properties":{"variant":"E","kind":"interchangeName","name":"Węzeł Myślenice"},"geometry":{"type":"Point","coordinates":[19.953352,49.833731]}},{"type":"Feature","properties":{"variant":"E","kind":"extent"},"geometry":{"type":"MultiLineString","coordinates":[[[19.95389,49.978724],[19.954063,49.978586]],[[19.953882,49.97872],[19.954054,49.978583]],[[19.953855,49.978706],[19.954023,49.978572]],[[19.953828,49.978692],[19.953991,49.978561]],[[19.953819,49.978687],[19.953982,49.978558]],[[19.954063,49.978586],[19.954148,49.978412]],[[19.954054,49.978583],[19.954138,49.97841]],[[19.954023,49.978572],[19.954105,49.978403]],[[19.953991,49.978561],[19.954072,49.978395]],[[19.953982,49.978558],[19.954062,49.978393]],[[19.954148,49.978412],[19.954266,49.978205]],[[19.954138,49.97841],[19.954256,49.978202]],[[19.954105,49.978403],[19.954225,49.978192]],[[19.954072,49.978395],[19.954193,49.978182]],[[19.954062,49.978393],[19.954184,49.97818]],[[19.954266,49.978205],[19.954734,49.977689]],[[19.954256,49.978202],[19.954725,49.977686]],[[19.954225,49.978192],[19.954695,49.977674]],[[19.954193,49.978182],[19.954665,49.977662]],[[19.954184,49.97818],[19.954656,49.977659]],[[19.954734,49.977689],[19.955576,49.976844]],[[19.954725,49.977686],[19.955568,49.97684]],[[19.954695,49.977674],[19.955542,49.976825]],[[19.954665,49.977662],[19.955515,49.97681]],[[19.954656,49.977659],[19.955507,49.976806]],[[19.955576,49.976844],[19.955648,49.976804]],[[19.955568,49.97684],[19.955645,49.976797]],[[19.955542,49.976825],[19.955632,49.976775]],[[19.955515,49.97681],[19.955619,49.976752]],[[19.955507,49.976806],[19.955615,49.976745]],[[19.955648,49.976804],[19.955716,49.976805]],[[19.955645,49.976797],[19.955718,49.976798]],[[19.955632,49.976775],[19.955722,49.976776]],[[19.955619,49.976752],[19.955727,49.976753]],[[19.955615,49.976745],[19.955729,49.976747]],[[19.955716,49.976805],[19.955782,49.976816]],[[19.955718,49.976798],[19.955787,49.97681]],[[19.955722,49.976776],[19.955802,49.97679]],[[19.955727,49.976753],[19.955818,49.976769]],[[19.955729,49.976747],[19.955823,49.976763]],[[19.955782,49.976816],[19.955861,49.976855]],[[19.955787,49.97681],[19.955867,49.976849]],[[19.955802,49.97679],[19.955887,49.976831]],[[19.955818,49.976769],[19.955907,49.976812]],[[19.955823,49.976763],[19.955912,49.976807]],[[19.955861,49.976855],[19.956629,49.97716]],[[19.955867,49.976849],[19.956634,49.977155]],[[19.955887,49.976831],[19.956652,49.977136]],[[19.955907,49.976812],[19.956671,49.977117]],[[19.955912,49.976807],[19.956676,49.977111]],[[19.956629,49.97716],[19.956798,49.977229]],[[19.956634,49.977155],[19.956803,49.977223]],[[19.956652,49.977136],[19.956819,49.977203]],[[19.956671,49.977117],[19.956836,49.977183]],[[19.956676,49.977111],[19.956841,49.977177]],[[19.956798,49.977229],[19.956975,49.97728]],[[19.956803,49.977223],[19.956979,49.977274]],[[19.956819,49.977203],[19.956994,49.977254]],[[19.956836,49.977183],[19.957009,49.977234]],[[19.956841,49.977177],[19.957014,49.977228]],[[19.956975,49.97728],[19.957126,49.97733]],[[19.956979,49.977274],[19.957129,49.977324]],[[19.956994,49.977254],[19.957141,49.977302]],[[19.957009,49.977234],[19.957153,49.977281]],[[19.957014,49.977228],[19.957157,49.977275]],[[19.957126,49.97733],[19.957297,49.977354]],[[19.957129,49.977324],[19.957301,49.977348]],[[19.957141,49.977302],[19.957311,49.977326]],[[19.957153,49.977281],[19.957322,49.977305]],[[19.957157,49.977275],[19.957325,49.977298]],[[19.957297,49.977354],[19.957518,49.977414]],[[19.957301,49.977348],[19.957523,49.977408]],[[19.957311,49.977326],[19.957537,49.977388]],[[19.957322,49.977305],[19.957551,49.977367]],[[19.957325,49.977298],[19.957555,49.977361]],[[19.957518,49.977414],[19.957772,49.97749]],[[19.957523,49.977408],[19.957776,49.977484]],[[19.957537,49.977388],[19.957791,49.977464]],[[19.957551,49.977367],[19.957805,49.977443]],[[19.957555,49.977361],[19.957809,49.977437]],[[19.957772,49.97749],[19.957848,49.977512]],[[19.957776,49.977484],[19.957853,49.977506]],[[19.957791,49.977464],[19.957873,49.977487]],[[19.957805,49.977443],[19.957893,49.977468]],[[19.957809,49.977437],[19.957899,49.977463]],[[19.957848,49.977512],[19.95793,49.977563]],[[19.957853,49.977506],[19.957938,49.977559]],[[19.957873,49.977487],[19.957962,49.977542]],[[19.957893,49.977468],[19.957986,49.977526]],[[19.957899,49.977463],[19.957993,49.977521]]]}},{"type":"Feature","properties":{"variant":"E","kind":"extent"},"geometry":{"type":"MultiLineString","coordinates":[[[19.926534,49.961034],[19.927319,49.961971]],[[19.926543,49.961031],[19.927327,49.961967]],[[19.926565,49.961024],[19.927347,49.961958]],[[19.926586,49.961016],[19.927367,49.961949]],[[19.926595,49.961013],[19.927376,49.961945]],[[19.927319,49.961971],[19.928571,49.962871]],[[19.927327,49.961967],[19.928578,49.962866]],[[19.927347,49.961958],[19.928595,49.962854]],[[19.927367,49.961949],[19.928611,49.962843]],[[19.927376,49.961945],[19.928618,49.962838]],[[19.928571,49.962871],[19.92953,49.96333]],[[19.928578,49.962866],[19.929537,49.963325]],[[19.928595,49.962854],[19.929555,49.963314]],[[19.928611,49.962843],[19.929573,49.963303]],[[19.928618,49.962838],[19.929581,49.963298]],[[19.92953,49.96333],[19.930259,49.964053]],[[19.929537,49.963325],[19.930266,49.964048]],[[19.929555,49.963314],[19.930284,49.964036]],[[19.929573,49.963303],[19.930301,49.964025]],[[19.929581,49.963298],[19.930308,49.96402]],[[19.930259,49.964053],[19.930854,49.96427]],[[19.930266,49.964048],[19.930862,49.964265]],[[19.930284,49.964036],[19.930878,49.964253]],[[19.930301,49.964025],[19.930895,49.964242]],[[19.930308,49.96402],[19.930903,49.964236]],[[19.930854,49.96427],[19.93243,49.96575]],[[19.930862,49.964265],[19.932439,49.965747]],[[19.930878,49.964253],[19.932459,49.965737]],[[19.930895,49.964242],[19.932478,49.965728]],[[19.930903,49.964236],[19.932487,49.965724]],[[19.93243,49.96575],[19.933781,49.966923]],[[19.932439,49.965747],[19.933788,49.966918]],[[19.932459,49.965737],[19.933806,49.966907]],[[19.932478,49.965728],[19.933823,49.966896]],[[19.932487,49.965724],[19.933831,49.966891]],[[19.933781,49.966923],[19.934288,49.967169]],[[19.933788,49.966918],[19.934294,49.967164]],[[19.933806,49.966907],[19.934309,49.967151]],[[19.933823,49.966896],[19.934324,49.967138]],[[19.933831,49.966891],[19.93433,49.967133]],[[19.934288,49.967169],[19.934288,49.967169]],[[19.934294,49.967164],[19.934294,49.967164]],[[19.934309,49.967151],[19.934309,49.967151]],[[19.934324,49.967138],[19.934324,49.967138]],[[19.93433,49.967133],[19.93433,49.967133]]]}},{"type":"Feature","properties":{"variant":"E","kind":"extent"},"geometry":{"type":"MultiLineString","coordinates":[[[19.925246,49.96096],[19.925206,49.960533]],[[19.925236,49.960961],[19.925195,49.960531]],[[19.925211,49.960962],[19.925171,49.960528]],[[19.925187,49.960963],[19.925146,49.960524]],[[19.925177,49.960963],[19.925135,49.960522]],[[19.925206,49.960533],[19.925623,49.960083]],[[19.925195,49.960531],[19.925611,49.960082]],[[19.925171,49.960528],[19.925583,49.960082]],[[19.925146,49.960524],[19.925555,49.960082]],[[19.925135,49.960522],[19.925543,49.960082]],[[19.925623,49.960083],[19.924439,49.958749]],[[19.925611,49.960082],[19.92443,49.958752]],[[19.925583,49.960082],[19.924408,49.95876]],[[19.925555,49.960082],[19.924387,49.958768]],[[19.925543,49.960082],[19.924378,49.958771]]]}},{"type":"Feature","properties":{"variant":"E","kind":"extent"},"geometry":{"type":"MultiLineString","coordinates":[[[19.927042,49.960437],[19.928216,49.961321]],[[19.92705,49.960432],[19.928224,49.961317]],[[19.927068,49.960422],[19.928242,49.961306]],[[19.927087,49.960412],[19.928261,49.961296]],[[19.927095,49.960408],[19.928269,49.961292]],[[19.928216,49.961321],[19.929815,49.96256]],[[19.928224,49.961317],[19.929822,49.962556]],[[19.928242,49.961306],[19.929841,49.962545]],[[19.928261,49.961296],[19.929859,49.962535]],[[19.928269,49.961292],[19.929867,49.96253]],[[19.929815,49.96256],[19.930705,49.963163]],[[19.929822,49.962556],[19.930712,49.963158]],[[19.929841,49.962545],[19.930729,49.963147]],[[19.929859,49.962535],[19.930747,49.963136]],[[19.929867,49.96253],[19.930754,49.963131]],[[19.930705,49.963163],[19.933157,49.964644]],[[19.930712,49.963158],[19.933164,49.964639]],[[19.930729,49.963147],[19.933181,49.964628]],[[19.930747,49.963136],[19.933198,49.964616]],[[19.930754,49.963131],[19.933205,49.964611]]]}},{"type":"Feature","properties":{"variant":"E","kind":"extent"},"geometry":{"type":"MultiLineString","coordinates":[[[19.918692,49.95357],[19.918848,49.95244]],[[19.918682,49.953569],[19.918838,49.95244]],[[19.918657,49.953568],[19.918813,49.952438]],[[19.918633,49.953566],[19.918789,49.952437]],[[19.918623,49.953566],[19.918779,49.952436]],[[19.918848,49.95244],[19.919054,49.950931]],[[19.918838,49.95244],[19.919043,49.950934]],[[19.918813,49.952438],[19.919018,49.95094]],[[19.918789,49.952437],[19.918993,49.950947]],[[19.918779,49.952436],[19.918982,49.95095]],[[19.919054,49.950931],[19.915198,49.948706]],[[19.919043,49.950934],[19.915193,49.948712]],[[19.919018,49.95094],[19.915181,49.948726]],[[19.918993,49.950947],[19.915169,49.94874]],[[19.918982,49.95095],[19.915163,49.948746]],[[19.915198,49.948706],[19.910412,49.947831]],[[19.915193,49.948712],[19.91041,49.947837]],[[19.915181,49.948726],[19.910403,49.947852]],[[19.915169,49.94874],[19.910397,49.947868]],[[19.915163,49.948746],[19.910394,49.947874]],[[19.910412,49.947831],[19.908185,49.947469]],[[19.91041,49.947837],[19.908182,49.947476]],[[19.910403,49.947852],[19.908174,49.947491]],[[19.910397,49.947868],[19.908167,49.947506]],[[19.910394,49.947874],[19.908164,49.947513]],[[19.908185,49.947469],[19.907881,49.947398]],[[19.908182,49.947476],[19.907876,49.947404]],[[19.908174,49.947491],[19.907864,49.947418]],[[19.908167,49.947506],[19.907853,49.947432]],[[19.908164,49.947513],[19.907848,49.947438]],[[19.907881,49.947398],[19.907626,49.947276]],[[19.907876,49.947404],[19.907619,49.947281]],[[19.907864,49.947418],[19.907604,49.947293]],[[19.907853,49.947432],[19.907588,49.947305]],[[19.907848,49.947438],[19.907582,49.94731]],[[19.907626,49.947276],[19.907399,49.947141]],[[19.907619,49.947281],[19.907392,49.947145]],[[19.907604,49.947293],[19.907375,49.947157]],[[19.907588,49.947305],[19.907358,49.947168]],[[19.907582,49.94731],[19.90735,49.947173]],[[19.907399,49.947141],[19.90586,49.946097]],[[19.907392,49.947145],[19.905852,49.946101]],[[19.907375,49.947157],[19.905835,49.946112]],[[19.907358,49.947168],[19.905817,49.946123]],[[19.90735,49.947173],[19.90581,49.946128]],[[19.90586,49.946097],[19.905084,49.945588]],[[19.905852,49.946101],[19.905076,49.945593]],[[19.905835,49.946112],[19.905059,49.945604]],[[19.905817,49.946123],[19.905041,49.945615]],[[19.90581,49.946128],[19.905034,49.94562]]]}},{"type":"Feature","properties":{"variant":"E","kind":"extent"},"geometry":{"type":"MultiLineString","coordinates":[[[19.90341,49.945421],[19.903929,49.945909]],[[19.903418,49.945417],[19.903938,49.945905]],[[19.903438,49.945409],[19.903956,49.945895]],[[19.903458,49.9454],[19.903975,49.945885]],[[19.903467,49.945396],[19.903983,49.94588]],[[19.903929,49.945909],[19.90425,49.946116]],[[19.903938,49.945905],[19.904257,49.946111]],[[19.903956,49.945895],[19.904274,49.9461]],[[19.903975,49.945885],[19.904291,49.946089]],[[19.903983,49.94588],[19.904298,49.946084]],[[19.90425,49.946116],[19.904577,49.946314]],[[19.904257,49.946111],[19.904587,49.94631]],[[19.904274,49.9461],[19.904608,49.946302]],[[19.904291,49.946089],[19.90463,49.946293]],[[19.904298,49.946084],[19.904639,49.946289]],[[19.904577,49.946314],[19.904695,49.946568]],[[19.904587,49.94631],[19.904705,49.946567]],[[19.904608,49.946302],[19.90473,49.946565]],[[19.90463,49.946293],[19.904754,49.946563]],[[19.904639,49.946289],[19.904765,49.946562]],[[19.904695,49.946568],[19.904629,49.947408]],[[19.904705,49.946567],[19.90464,49.947408]],[[19.90473,49.946565],[19.904664,49.947408]],[[19.904754,49.946563],[19.904689,49.947408]],[[19.904765,49.946562],[19.904699,49.947408]],[[19.904629,49.947408],[19.904682,49.948257]],[[19.90464,49.947408],[19.904692,49.948256]],[[19.904664,49.947408],[19.904716,49.948252]],[[19.904689,49.947408],[19.90474,49.948249]],[[19.904699,49.947408],[19.904751,49.948248]],[[19.904682,49.948257],[19.904946,49.948691]],[[19.904692,49.948256],[19.904956,49.948688]],[[19.904716,49.948252],[19.904978,49.948681]],[[19.90474,49.948249],[19.905,49.948674]],[[19.904751,49.948248],[19.905009,49.948672]],[[19.904946,49.948691],[19.905276,49.949051]],[[19.904956,49.948688],[19.905284,49.949047]],[[19.904978,49.948681],[19.905303,49.949036]],[[19.905,49.948674],[19.905321,49.949025]],[[19.905009,49.948672],[19.905329,49.94902]],[[19.905276,49.949051],[19.905751,49.949275]],[[19.905284,49.949047],[19.905757,49.949269]],[[19.905303,49.949036],[19.905769,49.949255]],[[19.905321,49.949025],[19.905781,49.949241]],[[19.905329,49.94902],[19.905786,49.949235]],[[19.905751,49.949275],[19.906401,49.949459]],[[19.905757,49.949269],[19.906404,49.949453]],[[19.905769,49.949255],[19.906411,49.949438]],[[19.905781,49.949241],[19.906418,49.949422]],[[19.905786,49.949235],[19.906421,49.949416]],[[19.906401,49.949459],[19.907059,49.949524]],[[19.906404,49.949453],[19.907059,49.949517]],[[19.906411,49.949438],[19.907059,49.949501]],[[19.906418,49.949422],[19.907059,49.949485]],[[19.906421,49.949416],[19.907059,49.949478]],[[19.907059,49.949524],[19.90753,49.949475]],[[19.907059,49.949517],[19.907528,49.949469]],[[19.907059,49.949501],[19.907522,49.949453]],[[19.907059,49.949485],[19.907516,49.949438]],[[19.907059,49.949478],[19.907513,49.949431]],[[19.90753,49.949475],[19.908131,49.949344]],[[19.907528,49.949469],[19.908127,49.949338]],[[19.907522,49.949453],[19.908117,49.949323]],[[19.907516,49.949438],[19.908107,49.949309]],[[19.907513,49.949431],[19.908103,49.949303]],[[19.908131,49.949344],[19.908511,49.949207]],[[19.908127,49.949338],[19.908506,49.949201]],[[19.908117,49.949323],[19.908494,49.949188]],[[19.908107,49.949309],[19.908482,49.949174]],[[19.908103,49.949303],[19.908477,49.949168]],[[19.908511,49.949207],[19.908749,49.949122]],[[19.908506,49.949201],[19.908745,49.949116]],[[19.908494,49.949188],[19.908737,49.949101]],[[19.908482,49.949174],[19.908728,49.949086]],[[19.908477,49.949168],[19.908725,49.949079]],[[19.908749,49.949122],[19.908959,49.949098]],[[19.908745,49.949116],[19.908959,49.949091]],[[19.908737,49.949101],[19.908959,49.949075]],[[19.908728,49.949086],[19.908958,49.949059]],[[19.908725,49.949079],[19.908958,49.949052]],[[19.908959,49.949098],[19.909107,49.949112]],[[19.908959,49.949091],[19.909111,49.949106]],[[19.908959,49.949075],[19.909121,49.949091]],[[19.908958,49.949059],[19.90913,49.949076]],[[19.908958,49.949052],[19.909134,49.949069]],[[19.909107,49.949112],[19.909205,49.949156]],[[19.909111,49.949106],[19.909212,49.94915]],[[19.909121,49.949091],[19.909228,49.949138]],[[19.90913,49.949076],[19.909243,49.949126]],[[19.909134,49.949069],[19.90925,49.949121]],[[19.909205,49.949156],[19.909462,49.949315]],[[19.909212,49.94915],[19.90947,49.94931]],[[19.909228,49.949138],[19.909486,49.949299]],[[19.909243,49.949126],[19.909503,49.949287]],[[19.90925,49.949121],[19.909511,49.949283]],[[19.909462,49.949315],[19.911107,49.950335]],[[19.90947,49.94931],[19.911114,49.95033]],[[19.909486,49.949299],[19.91113,49.950318]],[[19.909503,49.949287],[19.911146,49.950306]],[[19.909511,49.949283],[19.911153,49.950301]],[[19.911107,49.950335],[19.91313,49.95138]],[[19.911114,49.95033],[19.913137,49.951375]],[[19.91113,49.950318],[19.913153,49.951363]],[[19.911146,49.950306],[19.913169,49.951351]],[[19.911153,49.950301],[19.913176,49.951346]],[[19.91313,49.95138],[19.916801,49.953585]],[[19.913137,49.951375],[19.916808,49.95358]],[[19.913153,49.951363],[19.916825,49.953569]],[[19.913169,49.951351],[19.916842,49.953558]],[[19.913176,49.951346],[19.916849,49.953553]],[[19.916801,49.953585],[19.921504,49.956588]],[[19.916808,49.95358],[19.921511,49.956584]],[[19.916825,49.953569],[19.921528,49.956572]],[[19.916842,49.953558],[19.921545,49.956561]],[[19.916849,49.953553],[19.921553,49.956556]]]}},{"type":"Feature","properties":{"variant":"E","kind":"extent"},"geometry":{"type":"MultiLineString","coordinates":[[[19.968812,49.994365],[19.968739,49.994633]],[[19.968823,49.994366],[19.96875,49.994633]],[[19.968847,49.994369],[19.968775,49.994632]],[[19.968871,49.994372],[19.9688,49.994631]],[[19.968881,49.994373],[19.968811,49.994631]],[[19.968739,49.994633],[19.968802,49.994773]],[[19.96875,49.994633],[19.968811,49.994769]],[[19.968775,49.994632],[19.968832,49.994759]],[[19.9688,49.994631],[19.968853,49.994749]],[[19.968811,49.994631],[19.968862,49.994744]],[[19.968802,49.994773],[19.96898,49.994847]],[[19.968811,49.994769],[19.968986,49.994841]],[[19.968832,49.994759],[19.969,49.994828]],[[19.968853,49.994749],[19.969013,49.994815]],[[19.968862,49.994744],[19.969019,49.994809]],[[19.96898,49.994847],[19.969202,49.994946]],[[19.968986,49.994841],[19.969209,49.994941]],[[19.969,49.994828],[19.969226,49.994929]],[[19.969013,49.994815],[19.969242,49.994917]],[[19.969019,49.994809],[19.969249,49.994912]],[[19.969202,49.994946],[19.969297,49.995014]],[[19.969209,49.994941],[19.969307,49.995011]],[[19.969226,49.994929],[19.969329,49.995003]],[[19.969242,49.994917],[19.969352,49.994996]],[[19.969249,49.994912],[19.969361,49.994993]],[[19.969297,49.995014],[19.969316,49.995072]],[[19.969307,49.995011],[19.969327,49.995072]],[[19.969329,49.995003],[19.969351,49.99507]],[[19.969352,49.994996],[19.969375,49.995069]],[[19.969361,49.994993],[19.969386,49.995068]],[[19.969316,49.995072],[19.969313,49.995204]],[[19.969327,49.995072],[19.969324,49.995205]],[[19.969351,49.99507],[19.969348,49.995206]],[[19.969375,49.995069],[19.969373,49.995206]],[[19.969386,49.995068],[19.969383,49.995207]],[[19.969313,49.995204],[19.968619,49.999998]],[[19.969324,49.995205],[19.968629,49.999998]],[[19.969348,49.995206],[19.968654,50]],[[19.969373,49.995206],[19.968678,50.000001]],[[19.969383,49.995207],[19.968689,50.000002]]]}},{"type":"Feature","properties":{"variant":"E","kind":"extent"},"geometry":{"type":"MultiLineString","coordinates":[[[19.957418,49.97776],[19.957711,49.977896]],[[19.957424,49.977754],[19.957717,49.97789]],[[19.957438,49.977742],[19.957731,49.977877]],[[19.957453,49.977729],[19.957744,49.977864]],[[19.957459,49.977723],[19.95775,49.977859]],[[19.957711,49.977896],[19.959209,49.978537]],[[19.957717,49.97789],[19.959216,49.978532]],[[19.957731,49.977877],[19.959232,49.97852]],[[19.957744,49.977864],[19.959248,49.978508]],[[19.95775,49.977859],[19.959255,49.978503]],[[19.959209,49.978537],[19.960919,49.979748]],[[19.959216,49.978532],[19.960927,49.979744]],[[19.959232,49.97852],[19.960946,49.979734]],[[19.959248,49.978508],[19.960964,49.979724]],[[19.959255,49.978503],[19.960972,49.979719]],[[19.960919,49.979748],[19.962902,49.98133]],[[19.960927,49.979744],[19.962911,49.981326]],[[19.960946,49.979734],[19.962931,49.981318]],[[19.960964,49.979724],[19.962952,49.981309]],[[19.960972,49.979719],[19.962961,49.981306]],[[19.962902,49.98133],[19.964248,49.983177]],[[19.962911,49.981326],[19.964257,49.983174]],[[19.962931,49.981318],[19.964278,49.983166]],[[19.962952,49.981309],[19.964299,49.983158]],[[19.962961,49.981306],[19.964308,49.983155]],[[19.964248,49.983177],[19.965447,49.984324]],[[19.964257,49.983174],[19.965457,49.984321]],[[19.964278,49.983166],[19.965479,49.984314]],[[19.964299,49.983158],[19.965501,49.984307]],[[19.964308,49.983155],[19.96551,49.984304]],[[19.965447,49.984324],[19.966232,49.98574]],[[19.965457,49.984321],[19.966241,49.985738]],[[19.965479,49.984314],[19.966264,49.985733]],[[19.965501,49.984307],[19.966287,49.985727]],[[19.96551,49.984304],[19.966297,49.985725]]]}},{"type":"Feature","properties":{"variant":"E","kind":"extent"},"geometry":{"type":"MultiLineString","coordinates":[[[19.948682,49.975787],[19.948821,49.975358]],[[19.948672,49.975786],[19.948811,49.975356]],[[19.948648,49.975783],[19.948788,49.97535]],[[19.948624,49.97578],[19.948765,49.975345]],[[19.948614,49.975778],[19.948755,49.975342]],[[19.948821,49.975358],[19.948887,49.97528]],[[19.948811,49.975356],[19.948878,49.975277]],[[19.948788,49.97535],[19.948857,49.975268]],[[19.948765,49.975345],[19.948837,49.975259]],[[19.948755,49.975342],[19.948828,49.975256]],[[19.948887,49.97528],[19.949047,49.975149]],[[19.948878,49.975277],[19.949043,49.975141]],[[19.948857,49.975268],[19.949034,49.975123]],[[19.948837,49.975259],[19.949025,49.975105]],[[19.948828,49.975256],[19.949021,49.975097]],[[19.949047,49.975149],[19.949262,49.975192]],[[19.949043,49.975141],[19.949266,49.975186]],[[19.949034,49.975123],[19.949276,49.975171]],[[19.949025,49.975105],[19.949285,49.975156]],[[19.949021,49.975097],[19.949289,49.97515]],[[19.949262,49.975192],[19.949675,49.97533]],[[19.949266,49.975186],[19.949681,49.975325]],[[19.949276,49.975171],[19.949693,49.975311]],[[19.949285,49.975156],[19.949706,49.975298]],[[19.949289,49.97515],[19.949712,49.975292]],[[19.949675,49.97533],[19.95024,49.975589]],[[19.949681,49.975325],[19.950246,49.975583]],[[19.949693,49.975311],[19.95026,49.97557]],[[19.949706,49.975298],[19.950274,49.975557]],[[19.949712,49.975292],[19.95028,49.975552]],[[19.95024,49.975589],[19.952508,49.976592]],[[19.950246,49.975583],[19.952513,49.976586]],[[19.95026,49.97557],[19.952524,49.976572]],[[19.950274,49.975557],[19.952536,49.976558]],[[19.95028,49.975552],[19.952541,49.976552]],[[19.952508,49.976592],[19.953016,49.97672]],[[19.952513,49.976586],[19.953021,49.976714]],[[19.952524,49.976572],[19.953033,49.9767]],[[19.952536,49.976558],[19.953044,49.976686]],[[19.952541,49.976552],[19.953049,49.97668]],[[19.953016,49.97672],[19.954053,49.977185]],[[19.953021,49.976714],[19.954059,49.977179]],[[19.953033,49.9767],[19.954072,49.977166]],[[19.953044,49.976686],[19.954085,49.977153]],[[19.953049,49.97668],[19.954091,49.977148]],[[19.954053,49.977185],[19.955846,49.977901]],[[19.954059,49.977179],[19.955852,49.977895]],[[19.954072,49.977166],[19.955866,49.977882]],[[19.954085,49.977153],[19.955879,49.977869]],[[19.954091,49.977148],[19.955885,49.977864]],[[19.955846,49.977901],[19.957133,49.978492]],[[19.955852,49.977895],[19.957139,49.978487]],[[19.955866,49.977882],[19.957155,49.978474]],[[19.955879,49.977869],[19.95717,49.978462]],[[19.955885,49.977864],[19.957176,49.978457]],[[19.957133,49.978492],[19.958591,49.979321]],[[19.957139,49.978487],[19.958597,49.979315]],[[19.957155,49.978474],[19.958612,49.979303]],[[19.95717,49.978462],[19.958627,49.97929]],[[19.957176,49.978457],[19.958633,49.979285]],[[19.958591,49.979321],[19.959172,49.979563]],[[19.958597,49.979315],[19.959179,49.979558]],[[19.958612,49.979303],[19.959197,49.979547]],[[19.958627,49.97929],[19.959214,49.979535]],[[19.958633,49.979285],[19.959221,49.97953]],[[19.959172,49.979563],[19.959699,49.98006]],[[19.959179,49.979558],[19.959707,49.980056]],[[19.959197,49.979547],[19.959727,49.980046]],[[19.959214,49.979535],[19.959746,49.980036]],[[19.959221,49.97953],[19.959754,49.980032]],[[19.959699,49.98006],[19.960221,49.980428]],[[19.959707,49.980056],[19.96023,49.980424]],[[19.959727,49.980046],[19.960249,49.980414]],[[19.959746,49.980036],[19.960269,49.980405]],[[19.959754,49.980032],[19.960277,49.980401]],[[19.960221,49.980428],[19.960599,49.98083]],[[19.96023,49.980424],[19.960607,49.980826]],[[19.960249,49.980414],[19.960628,49.980818]],[[19.960269,49.980405],[19.960648,49.980809]],[[19.960277,49.980401],[19.960657,49.980805]],[[19.960599,49.98083],[19.962639,49.982739]],[[19.960607,49.980826],[19.962648,49.982737]],[[19.960628,49.980818],[19.962671,49.98273]],[[19.960648,49.980809],[19.962693,49.982723]],[[19.960657,49.980805],[19.962703,49.98272]],[[19.962639,49.982739],[19.962888,49.98333]],[[19.962648,49.982737],[19.962898,49.983328]],[[19.962671,49.98273],[19.962921,49.983322]],[[19.962693,49.982723],[19.962944,49.983316]],[[19.962703,49.98272],[19.962953,49.983314]],[[19.962888,49.98333],[19.963227,49.983751]],[[19.962898,49.983328],[19.963236,49.983749]],[[19.962921,49.983322],[19.963259,49.983743]],[[19.962944,49.983316],[19.963282,49.983737]],[[19.962953,49.983314],[19.963292,49.983734]],[[19.963227,49.983751],[19.963696,49.984803]],[[19.963236,49.983749],[19.963706,49.984801]],[[19.963259,49.983743],[19.963728,49.984795]],[[19.963282,49.983737],[19.963751,49.98479]],[[19.963292,49.983734],[19.963761,49.984787]],[[19.963696,49.984803],[19.964368,49.985765]],[[19.963706,49.984801],[19.964377,49.985762]],[[19.963728,49.984795],[19.964399,49.985755]],[[19.963751,49.98479],[19.964421,49.985748]],[[19.963761,49.984787],[19.96443,49.985745]],[[19.964368,49.985765],[19.96466,49.986113]],[[19.964377,49.985762],[19.964669,49.98611]],[[19.964399,49.985755],[19.96469,49.986102]],[[19.964421,49.985748],[19.964712,49.986095]],[[19.96443,49.985745],[19.964721,49.986091]]]}},{"type":"Feature","properties":{"variant":"E","kind":"extent"},"geometry":{"type":"MultiLineString","coordinates":[[[19.936503,49.968862],[19.938514,49.969846]],[[19.936509,49.968857],[19.938522,49.969842]],[[19.936524,49.968844],[19.93854,49.969831]],[[19.936539,49.968831],[19.938558,49.96982]],[[19.936545,49.968826],[19.938565,49.969815]],[[19.938514,49.969846],[19.93962,49.970894]],[[19.938522,49.969842],[19.939628,49.970889]],[[19.93854,49.969831],[19.939646,49.970879]],[[19.938558,49.96982],[19.939665,49.970868]],[[19.938565,49.969815],[19.939673,49.970864]],[[19.93962,49.970894],[19.940954,49.971642]],[[19.939628,49.970889],[19.940964,49.971639]],[[19.939646,49.970879],[19.940988,49.971632]],[[19.939665,49.970868],[19.941012,49.971625]],[[19.939673,49.970864],[19.941023,49.971621]],[[19.940954,49.971642],[19.941031,49.973212]],[[19.940964,49.971639],[19.941042,49.973207]],[[19.940988,49.971632],[19.941065,49.973196]],[[19.941012,49.971625],[19.941089,49.973184]],[[19.941023,49.971621],[19.941099,49.973179]],[[19.941031,49.973212],[19.942668,49.973556]],[[19.941042,49.973207],[19.942671,49.973549]],[[19.941065,49.973196],[19.942678,49.973534]],[[19.941089,49.973184],[19.942686,49.973519]],[[19.941099,49.973179],[19.942689,49.973513]]]}},{"type":"Feature","properties":{"variant":"E","kind":"extent"},"geometry":{"type":"MultiLineString","coordinates":[[[19.938161,49.968239],[19.940793,49.970252]],[[19.938169,49.968234],[19.940801,49.970247]],[[19.938187,49.968224],[19.940819,49.970237]],[[19.938206,49.968214],[19.940837,49.970226]],[[19.938214,49.96821],[19.940845,49.970222]],[[19.940793,49.970252],[19.941901,49.971006]],[[19.940801,49.970247],[19.941909,49.971002]],[[19.940819,49.970237],[19.941927,49.970991]],[[19.940837,49.970226],[19.941945,49.970981]],[[19.940845,49.970222],[19.941953,49.970976]],[[19.941901,49.971006],[19.942291,49.971294]],[[19.941909,49.971002],[19.942298,49.971289]],[[19.941927,49.970991],[19.942315,49.971278]],[[19.941945,49.970981],[19.942332,49.971266]],[[19.941953,49.970976],[19.942339,49.971262]],[[19.942291,49.971294],[19.943153,49.971755]],[[19.942298,49.971289],[19.943158,49.971748]],[[19.942315,49.971278],[19.943168,49.971734]],[[19.942332,49.971266],[19.943179,49.971719]],[[19.942339,49.971262],[19.943184,49.971713]],[[19.943153,49.971755],[19.944266,49.971887]],[[19.943158,49.971748],[19.944266,49.97188]],[[19.943168,49.971734],[19.944265,49.971864]],[[19.943179,49.971719],[19.944264,49.971848]],[[19.943184,49.971713],[19.944264,49.971841]],[[19.944266,49.971887],[19.945503,49.971675]],[[19.944266,49.97188],[19.9455,49.971669]],[[19.944265,49.971864],[19.945494,49.971654]],[[19.944264,49.971848],[19.945488,49.971638]],[[19.944264,49.971841],[19.945485,49.971632]]]}},{"type":"Feature","properties":{"variant":"E","kind":"extent"},"geometry":{"type":"MultiLineString","coordinates":[[[19.955667,49.976772],[19.955641,49.976617]],[[19.955656,49.976773],[19.955631,49.97662]],[[19.955632,49.976775],[19.955608,49.976627]],[[19.955608,49.976777],[19.955584,49.976634]],[[19.955597,49.976777],[19.955574,49.976637]],[[19.955641,49.976617],[19.955502,49.976525]],[[19.955631,49.97662],[19.955496,49.976531]],[[19.955608,49.976627],[19.955482,49.976544]],[[19.955584,49.976634],[19.955468,49.976557]],[[19.955574,49.976637],[19.955462,49.976563]],[[19.955502,49.976525],[19.955371,49.976489]],[[19.955496,49.976531],[19.955371,49.976496]],[[19.955482,49.976544],[19.955371,49.976513]],[[19.955468,49.976557],[19.95537,49.97653]],[[19.955462,49.976563],[19.95537,49.976537]],[[19.955371,49.976489],[19.95525,49.97652]],[[19.955371,49.976496],[19.955254,49.976526]],[[19.955371,49.976513],[19.955263,49.976541]],[[19.95537,49.97653],[19.955272,49.976555]],[[19.95537,49.976537],[19.955276,49.976561]],[[19.95525,49.97652],[19.955128,49.976551]],[[19.955254,49.976526],[19.955134,49.976557]],[[19.955263,49.976541],[19.955148,49.97657]],[[19.955272,49.976555],[19.955161,49.976584]],[[19.955276,49.976561],[19.955167,49.976589]],[[19.955128,49.976551],[19.955016,49.976622]],[[19.955134,49.976557],[19.955023,49.976626]],[[19.955148,49.97657],[19.95504,49.976638]],[[19.955161,49.976584],[19.955057,49.976649]],[[19.955167,49.976589],[19.955064,49.976654]],[[19.955016,49.976622],[19.954927,49.976677]],[[19.955023,49.976626],[19.954931,49.976684]],[[19.95504,49.976638],[19.954941,49.9767]],[[19.955057,49.976649],[19.954951,49.976716]],[[19.955064,49.976654],[19.954955,49.976722]],[[19.954927,49.976677],[19.954805,49.976676]],[[19.954931,49.976684],[19.954802,49.976683]],[[19.954941,49.9767],[19.954796,49.976698]],[[19.954951,49.976716],[19.95479,49.976714]],[[19.954955,49.976722],[19.954788,49.976721]],[[19.954805,49.976676],[19.954392,49.97654]],[[19.954802,49.976683],[19.954387,49.976546]],[[19.954796,49.976698],[19.954375,49.97656]],[[19.95479,49.976714],[19.954363,49.976574]],[[19.954788,49.976721],[19.954358,49.976579]],[[19.954392,49.97654],[19.951957,49.975541]],[[19.954387,49.976546],[19.951952,49.975547]],[[19.954375,49.97656],[19.951939,49.975561]],[[19.954363,49.976574],[19.951926,49.975574]],[[19.954358,49.976579],[19.95192,49.97558]],[[19.951957,49.975541],[19.948948,49.974348]],[[19.951952,49.975547],[19.948939,49.974353]],[[19.951939,49.975561],[19.948918,49.974363]],[[19.951926,49.975574],[19.948896,49.974373]],[[19.95192,49.97558],[19.948887,49.974377]],[[19.948948,49.974348],[19.948327,49.972669]],[[19.948939,49.974353],[19.948317,49.97267]],[[19.948918,49.974363],[19.948293,49.972674]],[[19.948896,49.974373],[19.948269,49.972678]],[[19.948887,49.974377],[19.948259,49.972679]]]}},{"type":"Feature","properties":{"variant":"E","kind":"extent"},"geometry":{"type":"MultiLineString","coordinates":[[[19.969273,49.995652],[19.969429,49.995821]],[[19.969282,49.995648],[19.969437,49.995816]],[[19.969303,49.99564],[19.969455,49.995805]],[[19.969324,49.995632],[19.969473,49.995794]],[[19.969333,49.995629],[19.969481,49.995789]],[[19.969429,49.995821],[19.969556,49.995872]],[[19.969437,49.995816],[19.969559,49.995865]],[[19.969455,49.995805],[19.969566,49.995849]],[[19.969473,49.995794],[19.969573,49.995834]],[[19.969481,49.995789],[19.969576,49.995827]],[[19.969556,49.995872],[19.969857,49.995874]],[[19.969559,49.995865],[19.969857,49.995868]],[[19.969566,49.995849],[19.969857,49.995852]],[[19.969573,49.995834],[19.969858,49.995836]],[[19.969576,49.995827],[19.969858,49.995829]],[[19.969857,49.995874],[19.970372,49.995879]],[[19.969857,49.995868],[19.970376,49.995872]],[[19.969857,49.995852],[19.970386,49.995856]],[[19.969858,49.995836],[19.970396,49.995841]],[[19.969858,49.995829],[19.970401,49.995834]],[[19.970372,49.995879],[19.97049,49.995955]],[[19.970376,49.995872],[19.9705,49.995952]],[[19.970386,49.995856],[19.970523,49.995944]],[[19.970396,49.995841],[19.970546,49.995937]],[[19.970401,49.995834],[19.970556,49.995934]],[[19.97049,49.995955],[19.970525,49.996132]],[[19.9705,49.995952],[19.970536,49.996132]],[[19.970523,49.995944],[19.97056,49.996132]],[[19.970546,49.995937],[19.970585,49.996132]],[[19.970556,49.995934],[19.970595,49.996132]],[[19.970525,49.996132],[19.970461,49.996436]],[[19.970536,49.996132],[19.970471,49.996436]],[[19.97056,49.996132],[19.970495,49.996439]],[[19.970585,49.996132],[19.97052,49.996441]],[[19.970595,49.996132],[19.97053,49.996441]],[[19.970461,49.996436],[19.970226,49.997654]],[[19.970471,49.996436],[19.970237,49.997655]],[[19.970495,49.996439],[19.970261,49.997656]],[[19.97052,49.996441],[19.970285,49.997658]],[[19.97053,49.996441],[19.970296,49.997658]],[[19.970226,49.997654],[19.970176,49.998373]],[[19.970237,49.997655],[19.970186,49.998374]],[[19.970261,49.997656],[19.970211,49.998375]],[[19.970285,49.997658],[19.970235,49.998376]],[[19.970296,49.997658],[19.970245,49.998376]],[[19.970176,49.998373],[19.97001,49.999363]],[[19.970186,49.998374],[19.97002,49.999364]],[[19.970211,49.998375],[19.970045,49.999365]],[[19.970235,49.998376],[19.970069,49.999366]],[[19.970245,49.998376],[19.97008,49.999366]],[[19.97001,49.999363],[19.969991,50.000019]],[[19.97002,49.999364],[19.970002,50.000019]],[[19.970045,49.999365],[19.970026,50.000019]],[[19.970069,49.999366],[19.970051,50.000019]],[[19.97008,49.999366],[19.970061,50.000019]],[[19.969991,50.000019],[19.969998,50.000395]],[[19.970002,50.000019],[19.970008,50.000394]],[[19.970026,50.000019],[19.970032,50.000393]],[[19.970051,50.000019],[19.970057,50.000391]],[[19.970061,50.000019],[19.970067,50.00039]],[[19.969998,50.000395],[19.970114,50.000771]],[[19.970008,50.000394],[19.970124,50.000768]],[[19.970032,50.000393],[19.970147,50.000761]],[[19.970057,50.000391],[19.970169,50.000754]],[[19.970067,50.00039],[19.970179,50.000751]],[[19.970114,50.000771],[19.970443,50.001021]],[[19.970124,50.000768],[19.97045,50.001016]],[[19.970147,50.000761],[19.970467,50.001005]],[[19.970169,50.000754],[19.970484,50.000993]],[[19.970179,50.000751],[19.970491,50.000988]],[[19.970443,50.001021],[19.970783,50.001186]],[[19.97045,50.001016],[19.970787,50.00118]],[[19.970467,50.001005],[19.970798,50.001165]],[[19.970484,50.000993],[19.970808,50.00115]],[[19.970491,50.000988],[19.970812,50.001144]],[[19.970783,50.001186],[19.971341,50.001256]],[[19.970787,50.00118],[19.971341,50.001249]],[[19.970798,50.001165],[19.971342,50.001233]],[[19.970808,50.00115],[19.971342,50.001217]],[[19.970812,50.001144],[19.971343,50.00121]],[[19.971341,50.001256],[19.973323,50.001072]],[[19.971341,50.001249],[19.973321,50.001065]],[[19.971342,50.001233],[19.973318,50.00105]],[[19.971342,50.001217],[19.973314,50.001034]],[[19.971343,50.00121],[19.973313,50.001028]]]}},{"type":"Feature","properties":{"variant":"E","kind":"extent"},"geometry":{"type":"MultiLineString","coordinates":[[[19.947107,49.972727],[19.947223,49.9737]],[[19.947121,49.972726],[19.947237,49.973701]],[[19.947163,49.972724],[19.94728,49.973706]],[[19.947205,49.972722],[19.947322,49.973711]],[[19.947219,49.972722],[19.947336,49.973713]],[[19.947223,49.9737],[19.946786,49.974314]],[[19.947237,49.973701],[19.946801,49.974315]],[[19.94728,49.973706],[19.946845,49.974319]],[[19.947322,49.973711],[19.946888,49.974322]],[[19.947336,49.973713],[19.946903,49.974323]],[[19.946786,49.974314],[19.946849,49.974517]],[[19.946801,49.974315],[19.946863,49.974518]],[[19.946845,49.974319],[19.946907,49.974519]],[[19.946888,49.974322],[19.94695,49.974521]],[[19.946903,49.974323],[19.946964,49.974522]],[[19.946849,49.974517],[19.946652,49.974901]],[[19.946863,49.974518],[19.946665,49.974904]],[[19.946907,49.974519],[19.946705,49.974913]],[[19.94695,49.974521],[19.946745,49.974921]],[[19.946964,49.974522],[19.946758,49.974924]]]}},{"type":"Feature","properties":{"variant":"E","kind":"extent"},"geometry":{"type":"MultiLineString","coordinates":[[[19.935925,49.969485],[19.936375,49.968938]],[[19.935916,49.969481],[19.936367,49.968933]],[[19.935882,49.96947],[19.936338,49.968915]],[[19.935848,49.969458],[19.936309,49.968898]],[[19.935839,49.969455],[19.936301,49.968893]],[[19.936375,49.968938],[19.936736,49.9688]],[[19.936367,49.968933],[19.93673,49.968794]],[[19.936338,49.968915],[19.93671,49.968773]],[[19.936309,49.968898],[19.93669,49.968752]],[[19.936301,49.968893],[19.936685,49.968746]],[[19.936736,49.9688],[19.937104,49.968651]],[[19.93673,49.968794],[19.937099,49.968645]],[[19.93671,49.968773],[19.937079,49.968624]],[[19.93669,49.968752],[19.93706,49.968603]],[[19.936685,49.968746],[19.937055,49.968597]],[[19.937104,49.968651],[19.937448,49.968529]],[[19.937099,49.968645],[19.937443,49.968523]],[[19.937079,49.968624],[19.937425,49.968502]],[[19.93706,49.968603],[19.937407,49.96848]],[[19.937055,49.968597],[19.937402,49.968474]],[[19.937448,49.968529],[19.937808,49.968408]],[[19.937443,49.968523],[19.937803,49.968402]],[[19.937425,49.968502],[19.937786,49.96838]],[[19.937407,49.96848],[19.937768,49.968358]],[[19.937402,49.968474],[19.937763,49.968352]],[[19.937808,49.968408],[19.93892,49.968052]],[[19.937803,49.968402],[19.938915,49.968046]],[[19.937786,49.96838],[19.938898,49.968024]],[[19.937768,49.968358],[19.938881,49.968002]],[[19.937763,49.968352],[19.938876,49.967996]]]}},{"type":"Feature","properties":{"variant":"E","kind":"extent"},"geometry":{"type":"MultiLineString","coordinates":[[[19.936929,49.966378],[19.938377,49.967225]],[[19.936936,49.966373],[19.938385,49.96722]],[[19.936959,49.966357],[19.938408,49.967203]],[[19.936983,49.96634],[19.938432,49.967187]],[[19.93699,49.966335],[19.938439,49.967182]],[[19.938377,49.967225],[19.938808,49.967489]],[[19.938385,49.96722],[19.938817,49.967485]],[[19.938408,49.967203],[19.938845,49.967471]],[[19.938432,49.967187],[19.938873,49.967457]],[[19.938439,49.967182],[19.938882,49.967453]],[[19.938808,49.967489],[19.938967,49.967687]],[[19.938817,49.967485],[19.938978,49.967686]],[[19.938845,49.967471],[19.939013,49.96768]],[[19.938873,49.967457],[19.939048,49.967675]],[[19.938882,49.967453],[19.939058,49.967673]],[[19.938967,49.967687],[19.938965,49.967787]],[[19.938978,49.967686],[19.938976,49.967788]],[[19.939013,49.96768],[19.93901,49.967791]],[[19.939048,49.967675],[19.939045,49.967795]],[[19.939058,49.967673],[19.939056,49.967796]],[[19.938965,49.967787],[19.938855,49.968016]],[[19.938976,49.967788],[19.938865,49.968018]],[[19.93901,49.967791],[19.938898,49.968024]],[[19.939045,49.967795],[19.938931,49.968031]],[[19.939056,49.967796],[19.938941,49.968033]]]}},{"type":"Feature","properties":{"variant":"E","kind":"extent"},"geometry":{"type":"MultiLineString","coordinates":[[[19.925863,49.958934],[19.925347,49.958033]],[[19.925853,49.958937],[19.925336,49.958035]],[[19.92583,49.958942],[19.925312,49.958037]],[[19.925807,49.958947],[19.925287,49.95804]],[[19.925798,49.95895],[19.925277,49.958041]],[[19.925347,49.958033],[19.925358,49.95753]],[[19.925336,49.958035],[19.925347,49.957532]],[[19.925312,49.958037],[19.925323,49.957537]],[[19.925287,49.95804],[19.925298,49.957543]],[[19.925277,49.958041],[19.925288,49.957545]],[[19.925358,49.95753],[19.924725,49.956973]],[[19.925347,49.957532],[19.924718,49.956978]],[[19.925323,49.957537],[19.924701,49.956989]],[[19.925298,49.957543],[19.924684,49.957001]],[[19.925288,49.957545],[19.924676,49.957006]],[[19.924725,49.956973],[19.923759,49.956567]],[[19.924718,49.956978],[19.923753,49.956572]],[[19.924701,49.956989],[19.923741,49.956586]],[[19.924684,49.957001],[19.923728,49.956599]],[[19.924676,49.957006],[19.923723,49.956605]],[[19.923759,49.956567],[19.922978,49.956293]],[[19.923753,49.956572],[19.922971,49.956299]],[[19.923741,49.956586],[19.922955,49.956311]],[[19.923728,49.956599],[19.922939,49.956323]],[[19.923723,49.956605],[19.922932,49.956328]],[[19.922978,49.956293],[19.921847,49.955372]],[[19.922971,49.956299],[19.921838,49.955377]],[[19.922955,49.956311],[19.921819,49.955386]],[[19.922939,49.956323],[19.9218,49.955396]],[[19.922932,49.956328],[19.921792,49.9554]]]}},{"type":"Feature","properties":{"variant":"E","kind":"extent"},"geometry":{"type":"MultiLineString","coordinates":[[[19.904888,49.945575],[19.904143,49.944757]],[[19.904879,49.945578],[19.904134,49.944761]],[[19.904858,49.945586],[19.904114,49.94477]],[[19.904837,49.945594],[19.904093,49.944778]],[[19.904828,49.945597],[19.904084,49.944782]],[[19.904143,49.944757],[19.903572,49.94422]],[[19.904134,49.944761],[19.903562,49.944223]],[[19.904114,49.94477],[19.90354,49.94423]],[[19.904093,49.944778],[19.903518,49.944237]],[[19.904084,49.944782],[19.903508,49.94424]],[[19.903572,49.94422],[19.902946,49.94293]],[[19.903562,49.944223],[19.902936,49.942932]],[[19.90354,49.94423],[19.902913,49.942937]],[[19.903518,49.944237],[19.90289,49.942942]],[[19.903508,49.94424],[19.90288,49.942945]],[[19.902946,49.94293],[19.902354,49.941868]],[[19.902936,49.942932],[19.902344,49.941869]],[[19.902913,49.942937],[19.90232,49.941873]],[[19.90289,49.942942],[19.902296,49.941876]],[[19.90288,49.942945],[19.902286,49.941878]],[[19.902354,49.941868],[19.902223,49.941016]],[[19.902344,49.941869],[19.902213,49.941017]],[[19.90232,49.941873],[19.902188,49.941019]],[[19.902296,49.941876],[19.902164,49.94102]],[[19.902286,49.941878],[19.902154,49.941021]],[[19.902223,49.941016],[19.902055,49.94008]],[[19.902213,49.941017],[19.902045,49.940082]],[[19.902188,49.941019],[19.902021,49.940084]],[[19.902164,49.94102],[19.901997,49.940087]],[[19.902154,49.941021],[19.901986,49.940088]],[[19.902055,49.94008],[19.901822,49.939403]],[[19.902045,49.940082],[19.901812,49.939403]],[[19.902021,49.940084],[19.901787,49.939403]],[[19.901997,49.940087],[19.901762,49.939404]],[[19.901986,49.940088],[19.901751,49.939404]],[[19.901822,49.939403],[19.902066,49.938637]],[[19.901812,49.939403],[19.902056,49.938637]],[[19.901787,49.939403],[19.902031,49.938636]],[[19.901762,49.939404],[19.902006,49.938635]],[[19.901751,49.939404],[19.901996,49.938635]],[[19.902066,49.938637],[19.901983,49.938048]],[[19.902056,49.938637],[19.901972,49.938049]],[[19.902031,49.938636],[19.901948,49.93805]],[[19.902006,49.938635],[19.901924,49.938052]],[[19.901996,49.938635],[19.901913,49.938052]]]}},{"type":"Feature","properties":{"variant":"E","kind":"extent"},"geometry":{"type":"MultiLineString","coordinates":[[[19.893439,49.927309],[19.894328,49.927329]],[[19.89344,49.927303],[19.894324,49.927323]],[[19.893441,49.92728],[19.89431,49.9273]],[[19.893442,49.927258],[19.894297,49.927277]],[[19.893443,49.927251],[19.894293,49.92727]],[[19.894328,49.927329],[19.896357,49.926047]],[[19.894324,49.927323],[19.896357,49.926037]],[[19.89431,49.9273],[19.896359,49.926005]],[[19.894297,49.927277],[19.896361,49.925972]],[[19.894293,49.92727],[19.896362,49.925962]],[[19.896357,49.926047],[19.898542,49.92766]],[[19.896357,49.926037],[19.89855,49.927655]],[[19.896359,49.926005],[19.898576,49.927641]],[[19.896361,49.925972],[19.898603,49.927626]],[[19.896362,49.925962],[19.898611,49.927621]]]}},{"type":"Feature","properties":{"variant":"E","kind":"extent"},"geometry":{"type":"MultiLineString","coordinates":[[[19.883132,49.924479],[19.883573,49.923901]],[[19.883123,49.924476],[19.883563,49.9239]],[[19.883101,49.924469],[19.883539,49.923896]],[[19.883079,49.924462],[19.883514,49.923892]],[[19.88307,49.924459],[19.883504,49.923891]],[[19.883573,49.923901],[19.883603,49.922198]],[[19.883563,49.9239],[19.883592,49.922194]],[[19.883539,49.923896],[19.883568,49.922185]],[[19.883514,49.923892],[19.883544,49.922176]],[[19.883504,49.923891],[19.883534,49.922173]],[[19.883603,49.922198],[19.884786,49.921722]],[[19.883592,49.922194],[19.884786,49.921714]],[[19.883568,49.922185],[19.884786,49.921696]],[[19.883544,49.922176],[19.884786,49.921677]],[[19.883534,49.922173],[19.884786,49.921669]],[[19.884786,49.921722],[19.888081,49.923029]],[[19.884786,49.921714],[19.888087,49.923023]],[[19.884786,49.921696],[19.888101,49.92301]],[[19.884786,49.921677],[19.888114,49.922997]],[[19.884786,49.921669],[19.88812,49.922991]],[[19.888081,49.923029],[19.889545,49.92374]],[[19.888087,49.923023],[19.889551,49.923734]],[[19.888101,49.92301],[19.889565,49.923721]],[[19.888114,49.922997],[19.889579,49.923708]],[[19.88812,49.922991],[19.889585,49.923703]],[[19.889545,49.92374],[19.890861,49.924279]],[[19.889551,49.923734],[19.890867,49.924274]],[[19.889565,49.923721],[19.890882,49.924261]],[[19.889579,49.923708],[19.890897,49.924249]],[[19.889585,49.923703],[19.890904,49.924243]],[[19.890861,49.924279],[19.892081,49.925033]],[[19.890867,49.924274],[19.892087,49.925028]],[[19.890882,49.924261],[19.892102,49.925015]],[[19.890897,49.924249],[19.892117,49.925003]],[[19.890904,49.924243],[19.892124,49.924997]],[[19.892081,49.925033],[19.893144,49.925457]],[[19.892087,49.925028],[19.893151,49.925452]],[[19.892102,49.925015],[19.893166,49.925439]],[[19.892117,49.925003],[19.893182,49.925427]],[[19.892124,49.924997],[19.893188,49.925422]],[[19.893144,49.925457],[19.89371,49.925841]],[[19.893151,49.925452],[19.893717,49.925836]],[[19.893166,49.925439],[19.893734,49.925825]],[[19.893182,49.925427],[19.893751,49.925813]],[[19.893188,49.925422],[19.893758,49.925808]],[[19.89371,49.925841],[19.893911,49.925954]],[[19.893717,49.925836],[19.893918,49.925949]],[[19.893734,49.925825],[19.893934,49.925937]],[[19.893751,49.925813],[19.893949,49.925925]],[[19.893758,49.925808],[19.893956,49.92592]],[[19.893911,49.925954],[19.894285,49.926144]],[[19.893918,49.925949],[19.894292,49.926139]],[[19.893934,49.925937],[19.894306,49.926126]],[[19.893949,49.925925],[19.894321,49.926113]],[[19.893956,49.92592],[19.894327,49.926108]],[[19.894285,49.926144],[19.894522,49.926251]],[[19.894292,49.926139],[19.894538,49.92625]],[[19.894306,49.926126],[19.894573,49.926247]],[[19.894321,49.926113],[19.894609,49.926244]],[[19.894327,49.926108],[19.894624,49.926242]],[[19.894522,49.926251],[19.894216,49.926491]],[[19.894538,49.92625],[19.894225,49.926494]],[[19.894573,49.926247],[19.894246,49.926503]],[[19.894609,49.926244],[19.894267,49.926511]],[[19.894624,49.926242],[19.894276,49.926515]],[[19.894216,49.926491],[19.894112,49.926642]],[[19.894225,49.926494],[19.894124,49.926642]],[[19.894246,49.926503],[19.894151,49.92664]],[[19.894267,49.926511],[19.894179,49.926639]],[[19.894276,49.926515],[19.894191,49.926639]],[[19.894112,49.926642],[19.894243,49.926777]],[[19.894124,49.926642],[19.894251,49.926773]],[[19.894151,49.92664],[19.894269,49.926762]],[[19.894179,49.926639],[19.894288,49.926752]],[[19.894191,49.926639],[19.894295,49.926747]],[[19.894243,49.926777],[19.89455,49.926937]],[[19.894251,49.926773],[19.894556,49.926931]],[[19.894269,49.926762],[19.89457,49.926918]],[[19.894288,49.926752],[19.894584,49.926905]],[[19.894295,49.926747],[19.89459,49.9269]],[[19.89455,49.926937],[19.894608,49.926959]],[[19.894556,49.926931],[19.894614,49.926953]],[[19.89457,49.926918],[19.894627,49.92694]],[[19.894584,49.926905],[19.89464,49.926927]],[[19.89459,49.9269],[19.894646,49.926922]],[[19.894608,49.926959],[19.894752,49.927026]],[[19.894614,49.926953],[19.894758,49.927021]],[[19.894627,49.92694],[19.894772,49.927008]],[[19.89464,49.926927],[19.894787,49.926995]],[[19.894646,49.926922],[19.894793,49.926989]]]}},{"type":"Feature","properties":{"variant":"E","kind":"extent"},"geometry":{"type":"MultiLineString","coordinates":[[[19.876068,49.915039],[19.877131,49.915916]],[[19.876076,49.915034],[19.87714,49.915912]],[[19.876095,49.915025],[19.877158,49.915902]],[[19.876114,49.915015],[19.877177,49.915892]],[[19.876123,49.915011],[19.877185,49.915888]],[[19.877131,49.915916],[19.87825,49.916774]],[[19.87714,49.915912],[19.878258,49.91677]],[[19.877158,49.915902],[19.878275,49.916759]],[[19.877177,49.915892],[19.878292,49.916748]],[[19.877185,49.915888],[19.8783,49.916743]],[[19.87825,49.916774],[19.879749,49.91762]],[[19.878258,49.91677],[19.879756,49.917614]],[[19.878275,49.916759],[19.879771,49.917602]],[[19.878292,49.916748],[19.879787,49.91759]],[[19.8783,49.916743],[19.879793,49.917585]],[[19.879749,49.91762],[19.88156,49.918551]],[[19.879756,49.917614],[19.881564,49.918544]],[[19.879771,49.917602],[19.881574,49.918529]],[[19.879787,49.91759],[19.881584,49.918514]],[[19.879793,49.917585],[19.881588,49.918507]],[[19.88156,49.918551],[19.883371,49.918678]],[[19.881564,49.918544],[19.883372,49.918672]],[[19.881574,49.918529],[19.883373,49.918656]],[[19.881584,49.918514],[19.883375,49.91864]],[[19.881588,49.918507],[19.883376,49.918633]],[[19.883371,49.918678],[19.885066,49.918699]],[[19.883372,49.918672],[19.885072,49.918692]],[[19.883373,49.918656],[19.885086,49.918677]],[[19.883375,49.91864],[19.8851,49.918661]],[[19.883376,49.918633],[19.885106,49.918655]],[[19.885066,49.918699],[19.885797,49.919494]],[[19.885072,49.918692],[19.885808,49.919493]],[[19.885086,49.918677],[19.885836,49.919492]],[[19.8851,49.918661],[19.885863,49.91949]],[[19.885106,49.918655],[19.885874,49.91949]],[[19.885797,49.919494],[19.885205,49.920442]],[[19.885808,49.919493],[19.885218,49.92044]],[[19.885836,49.919492],[19.885247,49.920435]],[[19.885863,49.91949],[19.885277,49.92043]],[[19.885874,49.91949],[19.885289,49.920427]],[[19.885205,49.920442],[19.889872,49.92274]],[[19.885218,49.92044],[19.889878,49.922734]],[[19.885247,49.920435],[19.889893,49.922722]],[[19.885277,49.92043],[19.889907,49.922709]],[[19.885289,49.920427],[19.889914,49.922704]],[[19.889872,49.92274],[19.891029,49.923295]],[[19.889878,49.922734],[19.891035,49.92329]],[[19.889893,49.922722],[19.891049,49.923277]],[[19.889907,49.922709],[19.891063,49.923264]],[[19.889914,49.922704],[19.891069,49.923259]],[[19.891029,49.923295],[19.892925,49.924135]],[[19.891035,49.92329],[19.892932,49.92413]],[[19.891049,49.923277],[19.892948,49.924118]],[[19.891063,49.923264],[19.892964,49.924106]],[[19.891069,49.923259],[19.892971,49.924101]],[[19.892925,49.924135],[19.893592,49.924621]],[[19.892932,49.92413],[19.893598,49.924616]],[[19.892948,49.924118],[19.893613,49.924603]],[[19.892964,49.924106],[19.893628,49.92459]],[[19.892971,49.924101],[19.893634,49.924584]],[[19.893592,49.924621],[19.89481,49.924966]],[[19.893598,49.924616],[19.894815,49.924961]],[[19.893613,49.924603],[19.894828,49.924947]],[[19.893628,49.92459],[19.89484,49.924933]],[[19.893634,49.924584],[19.894846,49.924927]],[[19.89481,49.924966],[19.895751,49.925437]],[[19.894815,49.924961],[19.895758,49.925432]],[[19.894828,49.924947],[19.895776,49.925421]],[[19.89484,49.924933],[19.895794,49.92541]],[[19.894846,49.924927],[19.895802,49.925405]],[[19.895751,49.925437],[19.896333,49.925975]],[[19.895758,49.925432],[19.896342,49.925971]],[[19.895776,49.925421],[19.896362,49.925962]],[[19.895794,49.92541],[19.896382,49.925953]],[[19.895802,49.925405],[19.89639,49.925949]]]}},{"type":"Feature","properties":{"variant":"E","kind":"extent"},"geometry":{"type":"MultiLineString","coordinates":[[[19.894321,49.927352],[19.895998,49.927515]],[[19.894323,49.927345],[19.896003,49.927509]],[[19.894326,49.927329],[19.896016,49.927494]],[[19.89433,49.927314],[19.896029,49.927479]],[[19.894331,49.927307],[19.896034,49.927473]],[[19.895998,49.927515],[19.897629,49.928755]],[[19.896003,49.927509],[19.897638,49.928752]],[[19.896016,49.927494],[19.897658,49.928743]],[[19.896029,49.927479],[19.897679,49.928735]],[[19.896034,49.927473],[19.897688,49.928731]],[[19.897629,49.928755],[19.89854,49.930058]],[[19.897638,49.928752],[19.898549,49.930055]],[[19.897658,49.928743],[19.898572,49.930049]],[[19.897679,49.928735],[19.898594,49.930042]],[[19.897688,49.928731],[19.898603,49.93004]],[[19.89854,49.930058],[19.899443,49.931421]],[[19.898549,49.930055],[19.899453,49.931419]],[[19.898572,49.930049],[19.899476,49.931414]],[[19.898594,49.930042],[19.8995,49.93141]],[[19.898603,49.93004],[19.89951,49.931408]],[[19.899443,49.931421],[19.899822,49.932838]],[[19.899453,49.931419],[19.899833,49.932837]],[[19.899476,49.931414],[19.899857,49.932835]],[[19.8995,49.93141],[19.899881,49.932834]],[[19.89951,49.931408],[19.899891,49.932833]],[[19.899822,49.932838],[19.899931,49.934189]],[[19.899833,49.932837],[19.899942,49.934186]],[[19.899857,49.932835],[19.899965,49.934179]],[[19.899881,49.932834],[19.899989,49.934172]],[[19.899891,49.932833],[19.899999,49.934169]],[[19.899931,49.934189],[19.900494,49.934548]],[[19.899942,49.934186],[19.900504,49.934545]],[[19.899965,49.934179],[19.900527,49.934538]],[[19.899989,49.934172],[19.900551,49.934531]],[[19.899999,49.934169],[19.900561,49.934528]],[[19.900494,49.934548],[19.900762,49.936686]],[[19.900504,49.934545],[19.900772,49.936686]],[[19.900527,49.934538],[19.900797,49.936684]],[[19.900551,49.934531],[19.900821,49.936683]],[[19.900561,49.934528],[19.900831,49.936683]]]}},{"type":"Feature","properties":{"variant":"E","kind":"extent"},"geometry":{"type":"MultiLineString","coordinates":[[[19.900057,49.929315],[19.900296,49.930085]],[[19.900067,49.929314],[19.900306,49.930082]],[[19.900091,49.929311],[19.900329,49.930076]],[[19.900115,49.929308],[19.900352,49.930069]],[[19.900125,49.929307],[19.900361,49.930067]],[[19.900296,49.930085],[19.9003,49.930089]],[[19.900306,49.930082],[19.900309,49.930085]],[[19.900329,49.930076],[19.900329,49.930076]],[[19.900352,49.930069],[19.900349,49.930067]],[[19.900361,49.930067],[19.900357,49.930063]],[[19.9003,49.930089],[19.900301,49.930089]],[[19.900309,49.930085],[19.900309,49.930085]],[[19.900329,49.930076],[19.900329,49.930076]],[[19.900349,49.930067],[19.900348,49.930066]],[[19.900357,49.930063],[19.900356,49.930062]],[[19.900301,49.930089],[19.900295,49.930084]],[[19.900309,49.930085],[19.900305,49.930082]],[[19.900329,49.930076],[19.900329,49.930076]],[[19.900348,49.930066],[19.900353,49.93007]],[[19.900356,49.930062],[19.900363,49.930067]],[[19.900295,49.930084],[19.900374,49.931116]],[[19.900305,49.930082],[19.900385,49.931114]],[[19.900329,49.930076],[19.900409,49.93111]],[[19.900353,49.93007],[19.900433,49.931106]],[[19.900363,49.930067],[19.900443,49.931105]],[[19.900374,49.931116],[19.900783,49.931693]],[[19.900385,49.931114],[19.900793,49.931691]],[[19.900409,49.93111],[19.900815,49.931685]],[[19.900433,49.931106],[19.900838,49.93168]],[[19.900443,49.931105],[19.900848,49.931677]],[[19.900783,49.931693],[19.901322,49.932817]],[[19.900793,49.931691],[19.901333,49.932815]],[[19.900815,49.931685],[19.901357,49.932812]],[[19.900838,49.93168],[19.901381,49.932809]],[[19.900848,49.931677],[19.901391,49.932808]],[[19.901322,49.932817],[19.901546,49.934207]],[[19.901333,49.932815],[19.901557,49.934208]],[[19.901357,49.932812],[19.901581,49.934209]],[[19.901381,49.932809],[19.901606,49.93421]],[[19.901391,49.932808],[19.901617,49.93421]],[[19.901546,49.934207],[19.901435,49.934493]],[[19.901557,49.934208],[19.901444,49.934498]],[[19.901581,49.934209],[19.901464,49.93451]],[[19.901606,49.93421],[19.901485,49.934521]],[[19.901617,49.93421],[19.901494,49.934526]],[[19.901435,49.934493],[19.900551,49.934729]],[[19.901444,49.934498],[19.900555,49.934736]],[[19.901464,49.93451],[19.900564,49.93475]],[[19.901485,49.934521],[19.900573,49.934765]],[[19.901494,49.934526],[19.900577,49.934771]]]}},{"type":"Feature","properties":{"variant":"E","kind":"extent"},"geometry":{"type":"MultiLineString","coordinates":[[[19.871465,49.904494],[19.87136,49.905961]],[[19.871475,49.904494],[19.871371,49.905959]],[[19.8715,49.904495],[19.871396,49.905954]],[[19.871524,49.904496],[19.87142,49.905949]],[[19.871534,49.904496],[19.871431,49.905947]],[[19.87136,49.905961],[19.873381,49.907756]],[[19.871371,49.905959],[19.873394,49.907756]],[[19.871396,49.905954],[19.873424,49.907756]],[[19.87142,49.905949],[19.873454,49.907756]],[[19.871431,49.905947],[19.873466,49.907755]],[[19.873381,49.907756],[19.872351,49.908698]],[[19.873394,49.907756],[19.872361,49.9087]],[[19.873424,49.907756],[19.872386,49.908704]],[[19.873454,49.907756],[19.872411,49.908709]],[[19.873466,49.907755],[19.872422,49.908711]],[[19.872351,49.908698],[19.872501,49.910587]],[[19.872361,49.9087],[19.872511,49.910586]],[[19.872386,49.908704],[19.872535,49.910582]],[[19.872411,49.908709],[19.87256,49.910579]],[[19.872422,49.908711],[19.87257,49.910577]],[[19.872501,49.910587],[19.874314,49.913482]],[[19.872511,49.910586],[19.874323,49.913479]],[[19.872535,49.910582],[19.874345,49.913471]],[[19.87256,49.910579],[19.874366,49.913464]],[[19.87257,49.910577],[19.874375,49.91346]],[[19.874314,49.913482],[19.876067,49.915038]],[[19.874323,49.913479],[19.876076,49.915034]],[[19.874345,49.913471],[19.876095,49.915025]],[[19.874366,49.913464],[19.876115,49.915015]],[[19.874375,49.91346],[19.876123,49.915012]]]}},{"type":"Feature","properties":{"variant":"E","kind":"extent"},"geometry":{"type":"MultiLineString","coordinates":[[[19.943762,49.826777],[19.943967,49.824949]],[[19.943748,49.826776],[19.943954,49.824949]],[[19.943707,49.826774],[19.943912,49.824947]],[[19.943665,49.826772],[19.94387,49.824945]],[[19.943651,49.826771],[19.943856,49.824944]]]}},{"type":"Feature","properties":{"variant":"E","kind":"extent"},"geometry":{"type":"MultiLineString","coordinates":[[[19.871534,49.904496],[19.871555,49.904241]],[[19.871524,49.904496],[19.871545,49.904241]],[[19.8715,49.904495],[19.87152,49.904242]],[[19.871475,49.904494],[19.871496,49.904243]],[[19.871465,49.904494],[19.871485,49.904244]],[[19.871555,49.904241],[19.871555,49.904238]],[[19.871545,49.904241],[19.871544,49.90424]],[[19.87152,49.904242],[19.87152,49.904242]],[[19.871496,49.904243],[19.871496,49.904245]],[[19.871485,49.904244],[19.871486,49.904246]],[[19.871555,49.904238],[19.871555,49.90424]],[[19.871544,49.90424],[19.871545,49.904241]],[[19.87152,49.904242],[19.87152,49.904242]],[[19.871496,49.904245],[19.871496,49.904244]],[[19.871486,49.904246],[19.871486,49.904244]],[[19.871555,49.90424],[19.871557,49.903779]],[[19.871545,49.904241],[19.871546,49.903779]],[[19.87152,49.904242],[19.871522,49.903777]],[[19.871496,49.904244],[19.871497,49.903776]],[[19.871486,49.904244],[19.871487,49.903776]],[[19.871557,49.903779],[19.87176,49.902963]],[[19.871546,49.903779],[19.87175,49.902962]],[[19.871522,49.903777],[19.871726,49.902959]],[[19.871497,49.903776],[19.871702,49.902957]],[[19.871487,49.903776],[19.871692,49.902955]],[[19.87176,49.902963],[19.872163,49.901591]],[[19.87175,49.902962],[19.872153,49.901588]],[[19.871726,49.902959],[19.87213,49.901582]],[[19.871702,49.902957],[19.872106,49.901576]],[[19.871692,49.902955],[19.872097,49.901574]],[[19.872163,49.901591],[19.87299,49.900745]],[[19.872153,49.901588],[19.872978,49.900744]],[[19.87213,49.901582],[19.872952,49.900741]],[[19.872106,49.901576],[19.872926,49.900738]],[[19.872097,49.901574],[19.872915,49.900737]],[[19.87299,49.900745],[19.872701,49.899977]],[[19.872978,49.900744],[19.87269,49.899977]],[[19.872952,49.900741],[19.872665,49.899978]],[[19.872926,49.900738],[19.87264,49.899978]],[[19.872915,49.900737],[19.872629,49.899978]],[[19.872701,49.899977],[19.873653,49.897112]],[[19.87269,49.899977],[19.873643,49.897111]],[[19.872665,49.899978],[19.873619,49.897108]],[[19.87264,49.899978],[19.873595,49.897105]],[[19.872629,49.899978],[19.873585,49.897104]],[[19.873653,49.897112],[19.874227,49.894798]],[[19.873643,49.897111],[19.874217,49.894797]],[[19.873619,49.897108],[19.874193,49.894794]],[[19.873595,49.897105],[19.874169,49.894792]],[[19.873585,49.897104],[19.874158,49.894791]],[[19.874227,49.894798],[19.874589,49.893406]],[[19.874217,49.894797],[19.87458,49.893403]],[[19.874193,49.894794],[19.874557,49.893395]],[[19.874169,49.894792],[19.874534,49.893387]],[[19.874158,49.894791],[19.874525,49.893384]],[[19.874589,49.893406],[19.87505,49.893108]],[[19.87458,49.893403],[19.87504,49.893105]],[[19.874557,49.893395],[19.875017,49.893098]],[[19.874534,49.893387],[19.874993,49.89309]],[[19.874525,49.893384],[19.874984,49.893087]],[[19.87505,49.893108],[19.875207,49.892269]],[[19.87504,49.893105],[19.875197,49.892268]],[[19.875017,49.893098],[19.875173,49.892267]],[[19.874993,49.89309],[19.875149,49.892265]],[[19.874984,49.893087],[19.875138,49.892264]]]}},{"type":"Feature","properties":{"variant":"E","kind":"extent"},"geometry":{"type":"MultiLineString","coordinates":[[[19.875198,49.892282],[19.876285,49.891527]],[[19.875191,49.892277],[19.876277,49.891522]],[[19.875173,49.892267],[19.876259,49.891512]],[[19.875155,49.892256],[19.87624,49.891502]],[[19.875147,49.892251],[19.876233,49.891497]],[[19.876285,49.891527],[19.877784,49.890373]],[[19.876277,49.891522],[19.877775,49.890369]],[[19.876259,49.891512],[19.877754,49.890361]],[[19.87624,49.891502],[19.877733,49.890352]],[[19.876233,49.891497],[19.877724,49.890349]],[[19.877784,49.890373],[19.87968,49.887628]],[[19.877775,49.890369],[19.879669,49.887627]],[[19.877754,49.890361],[19.879644,49.887625]],[[19.877733,49.890352],[19.879619,49.887623]],[[19.877724,49.890349],[19.879608,49.887622]],[[19.87968,49.887628],[19.879292,49.88633]],[[19.879669,49.887627],[19.879282,49.886332]],[[19.879644,49.887625],[19.879259,49.886339]],[[19.879619,49.887623],[19.879236,49.886345]],[[19.879608,49.887622],[19.879227,49.886348]],[[19.879292,49.88633],[19.878443,49.885575]],[[19.879282,49.886332],[19.87843,49.885575]],[[19.879259,49.886339],[19.878399,49.885574]],[[19.879236,49.886345],[19.878368,49.885573]],[[19.879227,49.886348],[19.878355,49.885572]],[[19.878443,49.885575],[19.880576,49.884]],[[19.87843,49.885575],[19.880569,49.883995]],[[19.878399,49.885574],[19.880555,49.883982]],[[19.878368,49.885573],[19.88054,49.883969]],[[19.878355,49.885572],[19.880533,49.883963]],[[19.880576,49.884],[19.881907,49.883607]],[[19.880569,49.883995],[19.881903,49.883601]],[[19.880555,49.883982],[19.881892,49.883587]],[[19.88054,49.883969],[19.881881,49.883573]],[[19.880533,49.883963],[19.881876,49.883567]],[[19.881907,49.883607],[19.884604,49.882652]],[[19.881903,49.883601],[19.884599,49.882646]],[[19.881892,49.883587],[19.884587,49.882632]],[[19.881881,49.883573],[19.884575,49.882619]],[[19.881876,49.883567],[19.88457,49.882613]],[[19.884604,49.882652],[19.887231,49.881706]],[[19.884599,49.882646],[19.887226,49.8817]],[[19.884587,49.882632],[19.887216,49.881686]],[[19.884575,49.882619],[19.887206,49.881672]],[[19.88457,49.882613],[19.887201,49.881666]],[[19.887231,49.881706],[19.894886,49.879797]],[[19.887226,49.8817],[19.894882,49.879791]],[[19.887216,49.881686],[19.894873,49.879776]],[[19.887206,49.881672],[19.894864,49.879762]],[[19.887201,49.881666],[19.89486,49.879755]],[[19.894886,49.879797],[19.902756,49.877717]],[[19.894882,49.879791],[19.902751,49.877711]],[[19.894873,49.879776],[19.902738,49.877697]],[[19.894864,49.879762],[19.902725,49.877684]],[[19.89486,49.879755],[19.90272,49.877678]],[[19.902756,49.877717],[19.904278,49.87689]],[[19.902751,49.877711],[19.90427,49.876886]],[[19.902738,49.877697],[19.90425,49.876876]],[[19.902725,49.877684],[19.904231,49.876866]],[[19.90272,49.877678],[19.904223,49.876862]],[[19.904278,49.87689],[19.904978,49.876051]],[[19.90427,49.876886],[19.904969,49.876048]],[[19.90425,49.876876],[19.904948,49.87604]],[[19.904231,49.876866],[19.904926,49.876033]],[[19.904223,49.876862],[19.904917,49.876029]],[[19.904978,49.876051],[19.905988,49.874909]],[[19.904969,49.876048],[19.905985,49.874899]],[[19.904948,49.87604],[19.905978,49.874875]],[[19.904926,49.876033],[19.905971,49.874851]],[[19.904917,49.876029],[19.905968,49.874841]],[[19.905988,49.874909],[19.907218,49.875555]],[[19.905985,49.874899],[19.907219,49.875547]],[[19.905978,49.874875],[19.907221,49.875528]],[[19.905971,49.874851],[19.907223,49.875508]],[[19.905968,49.874841],[19.907224,49.8755]],[[19.907218,49.875555],[19.908635,49.875005]],[[19.907219,49.875547],[19.908629,49.874999]],[[19.907221,49.875528],[19.908617,49.874986]],[[19.907223,49.875508],[19.908604,49.874972]],[[19.907224,49.8755],[19.908599,49.874966]]]}},{"type":"Feature","properties":{"variant":"E","kind":"extent"},"geometry":{"type":"MultiLineString","coordinates":[[[19.908633,49.875005],[19.910007,49.874525]],[[19.908628,49.874999],[19.909994,49.874522]],[[19.908617,49.874986],[19.909962,49.874515]],[[19.908605,49.874972],[19.909931,49.874508]],[[19.9086,49.874966],[19.909917,49.874505]],[[19.910007,49.874525],[19.909042,49.873131]],[[19.909994,49.874522],[19.909032,49.873134]],[[19.909962,49.874515],[19.909011,49.873141]],[[19.909931,49.874508],[19.908989,49.873148]],[[19.909917,49.874505],[19.90898,49.873151]],[[19.909042,49.873131],[19.907997,49.871954]],[[19.909032,49.873134],[19.907985,49.871954]],[[19.909011,49.873141],[19.907957,49.871954]],[[19.908989,49.873148],[19.90793,49.871955]],[[19.90898,49.873151],[19.907918,49.871955]],[[19.907997,49.871954],[19.908728,49.870994]],[[19.907985,49.871954],[19.908719,49.870991]],[[19.907957,49.871954],[19.908696,49.870985]],[[19.90793,49.871955],[19.908674,49.870979]],[[19.907918,49.871955],[19.908664,49.870976]],[[19.908728,49.870994],[19.909187,49.870233]],[[19.908719,49.870991],[19.909177,49.870231]],[[19.908696,49.870985],[19.909153,49.870226]],[[19.908674,49.870979],[19.90913,49.870221]],[[19.908664,49.870976],[19.90912,49.870219]],[[19.909187,49.870233],[19.909689,49.868918]],[[19.909177,49.870231],[19.909679,49.868917]],[[19.909153,49.870226],[19.909656,49.868913]],[[19.90913,49.870221],[19.909632,49.868909]],[[19.90912,49.870219],[19.909622,49.868907]],[[19.909689,49.868918],[19.91041,49.867288]],[[19.909679,49.868917],[19.9104,49.867287]],[[19.909656,49.868913],[19.910376,49.867282]],[[19.909632,49.868909],[19.910353,49.867277]],[[19.909622,49.868907],[19.910343,49.867275]],[[19.91041,49.867288],[19.910907,49.866286]],[[19.9104,49.867287],[19.910897,49.866284]],[[19.910376,49.867282],[19.910873,49.86628]],[[19.910353,49.867277],[19.910849,49.866276]],[[19.910343,49.867275],[19.910839,49.866274]],[[19.910907,49.866286],[19.911224,49.865282]],[[19.910897,49.866284],[19.911213,49.865281]],[[19.910873,49.86628],[19.911189,49.865279]],[[19.910849,49.866276],[19.911165,49.865277]],[[19.910839,49.866274],[19.911155,49.865276]],[[19.911224,49.865282],[19.911311,49.864665]],[[19.911213,49.865281],[19.9113,49.864665]],[[19.911189,49.865279],[19.911276,49.864665]],[[19.911165,49.865277],[19.911252,49.864664]],[[19.911155,49.865276],[19.911241,49.864664]],[[19.911311,49.864665],[19.911204,49.863206]],[[19.9113,49.864665],[19.911194,49.863208]],[[19.911276,49.864665],[19.91117,49.863212]],[[19.911252,49.864664],[19.911146,49.863215]],[[19.911241,49.864664],[19.911135,49.863217]],[[19.911204,49.863206],[19.910518,49.862203]],[[19.911194,49.863208],[19.910509,49.862206]],[[19.91117,49.863212],[19.910487,49.862213]],[[19.911146,49.863215],[19.910465,49.862219]],[[19.911135,49.863217],[19.910455,49.862222]],[[19.910518,49.862203],[19.909783,49.861262]],[[19.910509,49.862206],[19.909773,49.861265]],[[19.910487,49.862213],[19.909751,49.861271]],[[19.910465,49.862219],[19.909728,49.861277]],[[19.910455,49.862222],[19.909718,49.86128]],[[19.909783,49.861262],[19.909306,49.86034]],[[19.909773,49.861265],[19.909296,49.860341]],[[19.909751,49.861271],[19.909271,49.860344]],[[19.909728,49.861277],[19.909247,49.860346]],[[19.909718,49.86128],[19.909236,49.860347]],[[19.909306,49.86034],[19.909368,49.859558]],[[19.909296,49.860341],[19.909358,49.859557]],[[19.909271,49.860344],[19.909334,49.859555]],[[19.909247,49.860346],[19.909309,49.859553]],[[19.909236,49.860347],[19.909299,49.859552]],[[19.909368,49.859558],[19.909776,49.858372]],[[19.909358,49.859557],[19.909766,49.858369]],[[19.909334,49.859555],[19.909744,49.858363]],[[19.909309,49.859553],[19.909721,49.858357]],[[19.909299,49.859552],[19.909711,49.858355]],[[19.909776,49.858372],[19.910637,49.857466]],[[19.909766,49.858369],[19.910629,49.857462]],[[19.909744,49.858363],[19.910609,49.857453]],[[19.909721,49.858357],[19.91059,49.857443]],[[19.909711,49.858355],[19.910581,49.857439]],[[19.910637,49.857466],[19.911592,49.856754]],[[19.910629,49.857462],[19.911585,49.85675]],[[19.910609,49.857453],[19.911568,49.856738]],[[19.91059,49.857443],[19.911551,49.856727]],[[19.910581,49.857439],[19.911543,49.856723]],[[19.911592,49.856754],[19.912391,49.856306]],[[19.911585,49.85675],[19.912384,49.856301]],[[19.911568,49.856738],[19.912368,49.856289]],[[19.911551,49.856727],[19.912352,49.856277]],[[19.911543,49.856723],[19.912345,49.856272]],[[19.912391,49.856306],[19.912381,49.856311]],[[19.912384,49.856301],[19.912377,49.856304]],[[19.912368,49.856289],[19.912368,49.856289]],[[19.912352,49.856277],[19.912358,49.856273]],[[19.912345,49.856272],[19.912354,49.856266]],[[19.912381,49.856311],[19.912598,49.856306]],[[19.912377,49.856304],[19.912598,49.856299]],[[19.912368,49.856289],[19.912597,49.856284]],[[19.912358,49.856273],[19.912596,49.856268]],[[19.912354,49.856266],[19.912596,49.856261]]]}},{"type":"Feature","properties":{"variant":"E","kind":"extent"},"geometry":{"type":"MultiLineString","coordinates":[[[19.916593,49.858144],[19.917263,49.857712]],[[19.916586,49.85814],[19.917248,49.857712]],[[19.916569,49.858129],[19.917214,49.857712]],[[19.916552,49.858117],[19.91718,49.857712]],[[19.916544,49.858113],[19.917165,49.857712]],[[19.917263,49.857712],[19.915439,49.856499]],[[19.917248,49.857712],[19.915432,49.856503]],[[19.917214,49.857712],[19.915415,49.856515]],[[19.91718,49.857712],[19.915399,49.856526]],[[19.917165,49.857712],[19.915391,49.856531]],[[19.915439,49.856499],[19.914174,49.855793]],[[19.915432,49.856503],[19.914164,49.855796]],[[19.915415,49.856515],[19.91414,49.855803]],[[19.915399,49.856526],[19.914116,49.855811]],[[19.915391,49.856531],[19.914106,49.855814]],[[19.914174,49.855793],[19.914123,49.854956]],[[19.914164,49.855796],[19.914112,49.854953]],[[19.91414,49.855803],[19.914088,49.854948]],[[19.914116,49.855811],[19.914063,49.854942]],[[19.914106,49.855814],[19.914052,49.85494]],[[19.914123,49.854956],[19.915492,49.853909]],[[19.914112,49.854953],[19.915484,49.853905]],[[19.914088,49.854948],[19.915466,49.853894]],[[19.914063,49.854942],[19.915448,49.853884]],[[19.914052,49.85494],[19.915441,49.853879]],[[19.915492,49.853909],[19.916106,49.853506]],[[19.915484,49.853905],[19.916099,49.853501]],[[19.915466,49.853894],[19.916083,49.853489]],[[19.915448,49.853884],[19.916067,49.853477]],[[19.915441,49.853879],[19.91606,49.853472]],[[19.916106,49.853506],[19.917128,49.852996]],[[19.916099,49.853501],[19.917122,49.85299]],[[19.916083,49.853489],[19.917107,49.852978]],[[19.916067,49.853477],[19.917092,49.852966]],[[19.91606,49.853472],[19.917085,49.85296]],[[19.917128,49.852996],[19.919117,49.851967]],[[19.917122,49.85299],[19.919111,49.851962]],[[19.917107,49.852978],[19.919096,49.851949]],[[19.917092,49.852966],[19.91908,49.851937]],[[19.917085,49.85296],[19.919074,49.851932]],[[19.919117,49.851967],[19.920726,49.851134]],[[19.919111,49.851962],[19.92072,49.851129]],[[19.919096,49.851949],[19.920705,49.851116]],[[19.91908,49.851937],[19.920691,49.851103]],[[19.919074,49.851932],[19.920685,49.851098]],[[19.920726,49.851134],[19.922048,49.850576]],[[19.92072,49.851129],[19.922042,49.85057]],[[19.920705,49.851116],[19.922027,49.850557]],[[19.920691,49.851103],[19.922013,49.850545]],[[19.920685,49.851098],[19.922006,49.850539]],[[19.922048,49.850576],[19.923467,49.849799]],[[19.922042,49.85057],[19.92346,49.849794]],[[19.922027,49.850557],[19.923444,49.849782]],[[19.922013,49.850545],[19.923427,49.849771]],[[19.922006,49.850539],[19.92342,49.849766]],[[19.923467,49.849799],[19.924959,49.848854]],[[19.92346,49.849794],[19.92495,49.84885]],[[19.923444,49.849782],[19.924932,49.84884]],[[19.923427,49.849771],[19.924913,49.84883]],[[19.92342,49.849766],[19.924904,49.848825]],[[19.924959,49.848854],[19.925579,49.848231]],[[19.92495,49.84885],[19.92557,49.848228]],[[19.924932,49.84884],[19.925548,49.848221]],[[19.924913,49.84883],[19.925526,49.848213]],[[19.924904,49.848825],[19.925517,49.84821]],[[19.925579,49.848231],[19.926189,49.847256]],[[19.92557,49.848228],[19.926178,49.847254]],[[19.925548,49.848221],[19.926155,49.84725]],[[19.925526,49.848213],[19.926131,49.847246]],[[19.925517,49.84821],[19.926121,49.847244]],[[19.926189,49.847256],[19.926461,49.846237]],[[19.926178,49.847254],[19.926451,49.846236]],[[19.926155,49.84725],[19.926427,49.846232]],[[19.926131,49.847246],[19.926403,49.846229]],[[19.926121,49.847244],[19.926393,49.846228]],[[19.926461,49.846237],[19.926875,49.845208]],[[19.926451,49.846236],[19.926865,49.845205]],[[19.926427,49.846232],[19.926843,49.845198]],[[19.926403,49.846229],[19.92682,49.845191]],[[19.926393,49.846228],[19.926811,49.845188]],[[19.926875,49.845208],[19.928308,49.843897]],[[19.926865,49.845205],[19.9283,49.843892]],[[19.926843,49.845198],[19.928283,49.843881]],[[19.92682,49.845191],[19.928266,49.843869]],[[19.926811,49.845188],[19.928258,49.843865]],[[19.928308,49.843897],[19.929249,49.843481]],[[19.9283,49.843892],[19.929247,49.843473]],[[19.928283,49.843881],[19.929242,49.843457]],[[19.928266,49.843869],[19.929236,49.84344]],[[19.928258,49.843865],[19.929234,49.843433]],[[19.929249,49.843481],[19.930325,49.84362]],[[19.929247,49.843473],[19.930327,49.843613]],[[19.929242,49.843457],[19.930332,49.843598]],[[19.929236,49.84344],[19.930337,49.843582]],[[19.929234,49.843433],[19.930339,49.843576]]]}},{"type":"Feature","properties":{"variant":"E","kind":"extent"},"geometry":{"type":"MultiLineString","coordinates":[[[19.93035,49.843617],[19.931006,49.843362]],[[19.930345,49.843611],[19.930998,49.843357]],[[19.930332,49.843598],[19.93098,49.843346]],[[19.930319,49.843584],[19.930962,49.843335]],[[19.930314,49.843579],[19.930954,49.84333]],[[19.931006,49.843362],[19.931339,49.84297]],[[19.930998,49.843357],[19.931333,49.842964]],[[19.93098,49.843346],[19.931317,49.84295]],[[19.930962,49.843335],[19.931302,49.842935]],[[19.930954,49.84333],[19.931295,49.842929]],[[19.931339,49.84297],[19.934174,49.842734]],[[19.931333,49.842964],[19.934173,49.842728]],[[19.931317,49.84295],[19.934171,49.842712]],[[19.931302,49.842935],[19.934168,49.842696]],[[19.931295,49.842929],[19.934167,49.84269]],[[19.934174,49.842734],[19.936718,49.842607]],[[19.934173,49.842728],[19.936717,49.8426]],[[19.934171,49.842712],[19.936714,49.842585]],[[19.934168,49.842696],[19.936711,49.842569]],[[19.934167,49.84269],[19.93671,49.842562]],[[19.936718,49.842607],[19.938888,49.8424]],[[19.936717,49.8426],[19.938887,49.842393]],[[19.936714,49.842585],[19.938883,49.842377]],[[19.936711,49.842569],[19.93888,49.842362]],[[19.93671,49.842562],[19.938879,49.842355]],[[19.938888,49.8424],[19.939779,49.842319]],[[19.938887,49.842393],[19.939782,49.842312]],[[19.938883,49.842377],[19.939791,49.842296]],[[19.93888,49.842362],[19.939799,49.842279]],[[19.938879,49.842355],[19.939802,49.842272]],[[19.939779,49.842319],[19.940092,49.842512]],[[19.939782,49.842312],[19.940098,49.842506]],[[19.939791,49.842296],[19.940113,49.842494]],[[19.939799,49.842279],[19.940128,49.842481]],[[19.939802,49.842272],[19.940134,49.842476]],[[19.940092,49.842512],[19.940499,49.842671]],[[19.940098,49.842506],[19.940502,49.842664]],[[19.940113,49.842494],[19.94051,49.842649]],[[19.940128,49.842481],[19.940518,49.842633]],[[19.940134,49.842476],[19.940521,49.842627]],[[19.940499,49.842671],[19.940989,49.842695]],[[19.940502,49.842664],[19.940988,49.842688]],[[19.94051,49.842649],[19.940985,49.842672]],[[19.940518,49.842633],[19.940982,49.842656]],[[19.940521,49.842627],[19.940981,49.842649]],[[19.940989,49.842695],[19.941295,49.842635]],[[19.940988,49.842688],[19.941292,49.842629]],[[19.940985,49.842672],[19.941285,49.842613]],[[19.940982,49.842656],[19.941277,49.842598]],[[19.940981,49.842649],[19.941274,49.842592]]]}},{"type":"Feature","properties":{"variant":"E","kind":"extent"},"geometry":{"type":"MultiLineString","coordinates":[[[19.941307,49.84263],[19.941835,49.842495]],[[19.941303,49.842624],[19.941829,49.842489]],[[19.941294,49.842609],[19.941816,49.842475]],[[19.941285,49.842595],[19.941802,49.842462]],[[19.941281,49.842589],[19.941796,49.842456]],[[19.941835,49.842495],[19.942649,49.841983]],[[19.941829,49.842489],[19.942643,49.841977]],[[19.941816,49.842475],[19.942631,49.841963]],[[19.941802,49.842462],[19.942618,49.841949]],[[19.941796,49.842456],[19.942613,49.841943]],[[19.942649,49.841983],[19.944197,49.841677]],[[19.942643,49.841977],[19.944192,49.841671]],[[19.942631,49.841963],[19.944181,49.841656]],[[19.942618,49.841949],[19.94417,49.841642]],[[19.942613,49.841943],[19.944166,49.841636]],[[19.944197,49.841677],[19.944988,49.841314]],[[19.944192,49.841671],[19.944982,49.841308]],[[19.944181,49.841656],[19.944968,49.841295]],[[19.94417,49.841642],[19.944953,49.841283]],[[19.944166,49.841636],[19.944947,49.841277]]]}},{"type":"Feature","properties":{"variant":"E","kind":"extent"},"geometry":{"type":"MultiLineString","coordinates":[[[19.943128,49.844029],[19.943312,49.843634]],[[19.943114,49.844027],[19.943298,49.843634]],[[19.943074,49.844019],[19.943255,49.843631]],[[19.943034,49.844011],[19.943213,49.843629]],[[19.943021,49.844009],[19.943198,49.843628]],[[19.943312,49.843634],[19.943238,49.843257]],[[19.943298,49.843634],[19.943225,49.843262]],[[19.943255,49.843631],[19.943186,49.843278]],[[19.943213,49.843629],[19.943147,49.843293]],[[19.943198,49.843628],[19.943133,49.843298]],[[19.943238,49.843257],[19.942704,49.843011]],[[19.943225,49.843262],[19.942697,49.843019]],[[19.943186,49.843278],[19.942677,49.843043]],[[19.943147,49.843293],[19.942657,49.843067]],[[19.943133,49.843298],[19.942651,49.843075]],[[19.942704,49.843011],[19.941988,49.842834]],[[19.942697,49.843019],[19.941982,49.842842]],[[19.942677,49.843043],[19.941965,49.842867]],[[19.942657,49.843067],[19.941948,49.842892]],[[19.942651,49.843075],[19.941942,49.8429]],[[19.941988,49.842834],[19.941473,49.842664]],[[19.941982,49.842842],[19.941465,49.842672]],[[19.941965,49.842867],[19.94144,49.842694]],[[19.941948,49.842892],[19.941415,49.842716]],[[19.941942,49.8429],[19.941406,49.842723]],[[19.941473,49.842664],[19.941111,49.842423]],[[19.941465,49.842672],[19.9411,49.842429]],[[19.94144,49.842694],[19.941065,49.842444]],[[19.941415,49.842716],[19.94103,49.84246]],[[19.941406,49.842723],[19.941019,49.842465]],[[19.941111,49.842423],[19.940868,49.842091]],[[19.9411,49.842429],[19.940854,49.842093]],[[19.941065,49.842444],[19.940813,49.842099]],[[19.94103,49.84246],[19.940771,49.842105]],[[19.941019,49.842465],[19.940757,49.842108]],[[19.940868,49.842091],[19.940864,49.841745]],[[19.940854,49.842093],[19.94085,49.841744]],[[19.940813,49.842099],[19.940809,49.841741]],[[19.940771,49.842105],[19.940767,49.841737]],[[19.940757,49.842108],[19.940753,49.841736]],[[19.940864,49.841745],[19.941027,49.84137]],[[19.94085,49.841744],[19.941014,49.841366]],[[19.940809,49.841741],[19.940977,49.841354]],[[19.940767,49.841737],[19.940939,49.841341]],[[19.940753,49.841736],[19.940926,49.841337]],[[19.941027,49.84137],[19.941506,49.840983]],[[19.941014,49.841366],[19.941495,49.840977]],[[19.940977,49.841354],[19.941463,49.84096]],[[19.940939,49.841341],[19.941432,49.840942]],[[19.940926,49.841337],[19.941421,49.840936]],[[19.941506,49.840983],[19.94212,49.84054]],[[19.941495,49.840977],[19.942108,49.840535]],[[19.941463,49.84096],[19.942071,49.840521]],[[19.941432,49.840942],[19.942035,49.840507]],[[19.941421,49.840936],[19.942023,49.840502]],[[19.94212,49.84054],[19.94222,49.840362]],[[19.942108,49.840535],[19.942206,49.840362]],[[19.942071,49.840521],[19.942163,49.84036]],[[19.942035,49.840507],[19.942119,49.840358]],[[19.942023,49.840502],[19.942105,49.840357]],[[19.94222,49.840362],[19.942065,49.839879]],[[19.942206,49.840362],[19.942051,49.839881]],[[19.942163,49.84036],[19.94201,49.839886]],[[19.942119,49.840358],[19.941969,49.839892]],[[19.942105,49.840357],[19.941956,49.839894]]]}},{"type":"Feature","properties":{"variant":"E","kind":"extent"},"geometry":{"type":"MultiLineString","coordinates":[[[19.867784,49.906882],[19.869376,49.906557]],[[19.867781,49.906876],[19.869368,49.906552]],[[19.867773,49.906861],[19.869348,49.90654]],[[19.867766,49.906846],[19.869328,49.906527]],[[19.867763,49.906839],[19.869319,49.906522]],[[19.869376,49.906557],[19.870323,49.904336]],[[19.869368,49.906552],[19.870313,49.904335]],[[19.869348,49.90654],[19.870289,49.904332]],[[19.869328,49.906527],[19.870265,49.904329]],[[19.869319,49.906522],[19.870255,49.904327]],[[19.870323,49.904336],[19.870654,49.902848]],[[19.870313,49.904335],[19.870644,49.902846]],[[19.870289,49.904332],[19.87062,49.902844]],[[19.870265,49.904329],[19.870596,49.902841]],[[19.870255,49.904327],[19.870585,49.90284]],[[19.870654,49.902848],[19.87113,49.901374]],[[19.870644,49.902846],[19.87112,49.901372]],[[19.87062,49.902844],[19.871096,49.901369]],[[19.870596,49.902841],[19.871072,49.901366]],[[19.870585,49.90284],[19.871062,49.901364]],[[19.87113,49.901374],[19.871621,49.899917]],[[19.87112,49.901372],[19.871611,49.899916]],[[19.871096,49.901369],[19.871587,49.899913]],[[19.871072,49.901366],[19.871563,49.899909]],[[19.871062,49.901364],[19.871553,49.899908]],[[19.871621,49.899917],[19.872145,49.898413]],[[19.871611,49.899916],[19.872135,49.898412]],[[19.871587,49.899913],[19.872111,49.898408]],[[19.871563,49.899909],[19.872087,49.898405]],[[19.871553,49.899908],[19.872077,49.898404]],[[19.872145,49.898413],[19.872504,49.897262]],[[19.872135,49.898412],[19.872493,49.897261]],[[19.872111,49.898408],[19.87247,49.897258]],[[19.872087,49.898405],[19.872446,49.897255]],[[19.872077,49.898404],[19.872435,49.897253]],[[19.872504,49.897262],[19.873172,49.895265]],[[19.872493,49.897261],[19.873162,49.895263]],[[19.87247,49.897258],[19.873138,49.895259]],[[19.872446,49.897255],[19.873115,49.895255]],[[19.872435,49.897253],[19.873105,49.895253]],[[19.873172,49.895265],[19.873429,49.894702]],[[19.873162,49.895263],[19.873419,49.8947]],[[19.873138,49.895259],[19.873395,49.894697]],[[19.873115,49.895255],[19.873371,49.894693]],[[19.873105,49.895253],[19.873361,49.894691]],[[19.873429,49.894702],[19.874111,49.89215]],[[19.873419,49.8947],[19.8741,49.89215]],[[19.873395,49.894697],[19.874076,49.892148]],[[19.873371,49.894693],[19.874052,49.892147]],[[19.873361,49.894691],[19.874041,49.892146]],[[19.874111,49.89215],[19.874122,49.891689]],[[19.8741,49.89215],[19.874112,49.891688]],[[19.874076,49.892148],[19.874087,49.891688]],[[19.874052,49.892147],[19.874063,49.891687]],[[19.874041,49.892146],[19.874052,49.891686]],[[19.874122,49.891689],[19.874227,49.890944]],[[19.874112,49.891688],[19.874217,49.890943]],[[19.874087,49.891688],[19.874193,49.89094]],[[19.874063,49.891687],[19.874169,49.890938]],[[19.874052,49.891686],[19.874158,49.890937]],[[19.874227,49.890944],[19.874501,49.890121]],[[19.874217,49.890943],[19.874491,49.890119]],[[19.874193,49.89094],[19.874467,49.890115]],[[19.874169,49.890938],[19.874444,49.890111]],[[19.874158,49.890937],[19.874434,49.890109]],[[19.874501,49.890121],[19.874889,49.889403]],[[19.874491,49.890119],[19.874879,49.889401]],[[19.874467,49.890115],[19.874856,49.889396]],[[19.874444,49.890111],[19.874832,49.889391]],[[19.874434,49.890109],[19.874822,49.889389]],[[19.874889,49.889403],[19.875345,49.888324]],[[19.874879,49.889401],[19.875334,49.888323]],[[19.874856,49.889396],[19.87531,49.888322]],[[19.874832,49.889391],[19.875285,49.88832]],[[19.874822,49.889389],[19.875275,49.888319]],[[19.875345,49.888324],[19.875312,49.88771]],[[19.875334,49.888323],[19.875301,49.887709]],[[19.87531,49.888322],[19.875277,49.887708]],[[19.875285,49.88832],[19.875252,49.887706]],[[19.875275,49.888319],[19.875242,49.887705]],[[19.875312,49.88771],[19.875584,49.887033]],[[19.875301,49.887709],[19.875574,49.887031]],[[19.875277,49.887708],[19.875551,49.887025]],[[19.875252,49.887706],[19.875528,49.88702]],[[19.875242,49.887705],[19.875518,49.887018]],[[19.875584,49.887033],[19.876134,49.886226]],[[19.875574,49.887031],[19.876125,49.886223]],[[19.875551,49.887025],[19.876103,49.886216]],[[19.875528,49.88702],[19.876081,49.886208]],[[19.875518,49.887018],[19.876072,49.886205]],[[19.876134,49.886226],[19.877536,49.88476]],[[19.876125,49.886223],[19.877525,49.884758]],[[19.876103,49.886216],[19.877501,49.884754]],[[19.876081,49.886208],[19.877476,49.88475]],[[19.876072,49.886205],[19.877465,49.884749]],[[19.877536,49.88476],[19.877445,49.883989]],[[19.877525,49.884758],[19.877434,49.883989]],[[19.877501,49.884754],[19.87741,49.883989]],[[19.877476,49.88475],[19.877385,49.883989]],[[19.877465,49.884749],[19.877375,49.883989]],[[19.877445,49.883989],[19.877532,49.88291]],[[19.877434,49.883989],[19.877521,49.882909]],[[19.87741,49.883989],[19.877497,49.882908]],[[19.877385,49.883989],[19.877473,49.882907]],[[19.877375,49.883989],[19.877462,49.882907]],[[19.877532,49.88291],[19.877718,49.881137]],[[19.877521,49.882909],[19.877708,49.881136]],[[19.877497,49.882908],[19.877684,49.881133]],[[19.877473,49.882907],[19.877659,49.881131]],[[19.877462,49.882907],[19.877649,49.88113]],[[19.877718,49.881137],[19.878101,49.879989]],[[19.877708,49.881136],[19.878092,49.879986]],[[19.877684,49.881133],[19.878069,49.879979]],[[19.877659,49.881131],[19.878046,49.879972]],[[19.877649,49.88113],[19.878037,49.879969]],[[19.878101,49.879989],[19.878948,49.879305]],[[19.878092,49.879986],[19.878941,49.8793]],[[19.878069,49.879979],[19.878926,49.879287]],[[19.878046,49.879972],[19.878911,49.879274]],[[19.878037,49.879969],[19.878904,49.879268]],[[19.878948,49.879305],[19.879982,49.879007]],[[19.878941,49.8793],[19.87998,49.879]],[[19.878926,49.879287],[19.879974,49.878984]],[[19.878911,49.879274],[19.879968,49.878969]],[[19.878904,49.879268],[19.879966,49.878962]],[[19.879982,49.879007],[19.88112,49.87897]],[[19.87998,49.879],[19.88112,49.878963]],[[19.879974,49.878984],[19.881122,49.878947]],[[19.879968,49.878969],[19.881124,49.878931]],[[19.879966,49.878962],[19.881125,49.878924]],[[19.88112,49.87897],[19.88285,49.879199]],[[19.88112,49.878963],[19.882853,49.879192]],[[19.881122,49.878947],[19.882858,49.879177]],[[19.881124,49.878931],[19.882864,49.879162]],[[19.881125,49.878924],[19.882867,49.879155]],[[19.88285,49.879199],[19.885137,49.879602]],[[19.882853,49.879192],[19.88514,49.879596]],[[19.882858,49.879177],[19.885147,49.87958]],[[19.882864,49.879162],[19.885154,49.879565]],[[19.882867,49.879155],[19.885157,49.879559]],[[19.885137,49.879602],[19.889057,49.880425]],[[19.88514,49.879596],[19.889058,49.880418]],[[19.885147,49.87958],[19.88906,49.880401]],[[19.885154,49.879565],[19.889062,49.880385]],[[19.885157,49.879559],[19.889063,49.880378]],[[19.889057,49.880425],[19.891252,49.880189]],[[19.889058,49.880418],[19.89125,49.880183]],[[19.88906,49.880401],[19.891243,49.880167]],[[19.889062,49.880385],[19.891236,49.880152]],[[19.889063,49.880378],[19.891233,49.880146]],[[19.891252,49.880189],[19.895947,49.878923]],[[19.89125,49.880183],[19.895943,49.878917]],[[19.891243,49.880167],[19.895932,49.878902]],[[19.891236,49.880152],[19.895922,49.878888]],[[19.891233,49.880146],[19.895918,49.878882]],[[19.895947,49.878923],[19.897772,49.878327]],[[19.895943,49.878917],[19.897768,49.878321]],[[19.895932,49.878902],[19.897759,49.878306]],[[19.895922,49.878888],[19.897749,49.878291]],[[19.895918,49.878882],[19.897745,49.878285]],[[19.897772,49.878327],[19.899992,49.877873]],[[19.897768,49.878321],[19.899988,49.877867]],[[19.897759,49.878306],[19.899979,49.877852]],[[19.897749,49.878291],[19.89997,49.877837]],[[19.897745,49.878285],[19.899966,49.877831]],[[19.899992,49.877873],[19.902577,49.877043]],[[19.899988,49.877867],[19.902571,49.877037]],[[19.899979,49.877852],[19.902556,49.877024]],[[19.89997,49.877837],[19.902542,49.877011]],[[19.899966,49.877831],[19.902536,49.877006]],[[19.902577,49.877043],[19.903987,49.876153]],[[19.902571,49.877037],[19.903979,49.876149]],[[19.902556,49.877024],[19.903959,49.87614]],[[19.902542,49.877011],[19.90394,49.87613]],[[19.902536,49.877006],[19.903931,49.876126]],[[19.903987,49.876153],[19.904883,49.875059]],[[19.903979,49.876149],[19.904873,49.875056]],[[19.903959,49.87614],[19.904851,49.875049]],[[19.90394,49.87613],[19.904829,49.875042]],[[19.903931,49.876126],[19.90482,49.875039]],[[19.904883,49.875059],[19.905321,49.874381]],[[19.904873,49.875056],[19.905309,49.87438]],[[19.904851,49.875049],[19.905283,49.87438]],[[19.904829,49.875042],[19.905257,49.874379]],[[19.90482,49.875039],[19.905246,49.874379]],[[19.905321,49.874381],[19.904895,49.873592]],[[19.905309,49.87438],[19.904884,49.873592]],[[19.905283,49.87438],[19.904859,49.873592]],[[19.905257,49.874379],[19.904833,49.873593]],[[19.905246,49.874379],[19.904822,49.873593]],[[19.904895,49.873592],[19.90541,49.872531]],[[19.904884,49.873592],[19.905402,49.872526]],[[19.904859,49.873592],[19.905382,49.872515]],[[19.904833,49.873593],[19.905362,49.872504]],[[19.904822,49.873593],[19.905353,49.872499]],[[19.90541,49.872531],[19.907238,49.87196]],[[19.905402,49.872526],[19.90723,49.871955]],[[19.905382,49.872515],[19.907211,49.871943]],[[19.905362,49.872504],[19.907192,49.871932]],[[19.905353,49.872499],[19.907183,49.871927]],[[19.907238,49.87196],[19.907879,49.870905]],[[19.90723,49.871955],[19.907869,49.870902]],[[19.907211,49.871943],[19.907846,49.870896]],[[19.907192,49.871932],[19.907824,49.87089]],[[19.907183,49.871927],[19.907814,49.870888]],[[19.907879,49.870905],[19.908573,49.869864]],[[19.907869,49.870902],[19.908563,49.869863]],[[19.907846,49.870896],[19.908539,49.869859]],[[19.907824,49.87089],[19.908515,49.869855]],[[19.907814,49.870888],[19.908505,49.869853]],[[19.908573,49.869864],[19.909036,49.867161]],[[19.908563,49.869863],[19.909026,49.867159]],[[19.908539,49.869859],[19.909002,49.867156]],[[19.908515,49.869855],[19.908978,49.867152]],[[19.908505,49.869853],[19.908968,49.86715]],[[19.909036,49.867161],[19.909441,49.866463]],[[19.909026,49.867159],[19.909431,49.86646]],[[19.909002,49.867156],[19.90941,49.866453]],[[19.908978,49.867152],[19.909388,49.866446]],[[19.908968,49.86715],[19.909378,49.866443]],[[19.909441,49.866463],[19.910137,49.865739]],[[19.909431,49.86646],[19.910127,49.865737]],[[19.90941,49.866453],[19.910104,49.865731]],[[19.909388,49.866446],[19.91008,49.865726]],[[19.909378,49.866443],[19.91007,49.865724]],[[19.910137,49.865739],[19.910277,49.864938]],[[19.910127,49.865737],[19.910267,49.864938]],[[19.910104,49.865731],[19.910242,49.864938]],[[19.91008,49.865726],[19.910218,49.864938]],[[19.91007,49.865724],[19.910207,49.864938]],[[19.910277,49.864938],[19.910018,49.863598]],[[19.910267,49.864938],[19.910008,49.8636]],[[19.910242,49.864938],[19.909984,49.863604]],[[19.910218,49.864938],[19.90996,49.863607]],[[19.910207,49.864938],[19.90995,49.863609]],[[19.910018,49.863598],[19.909197,49.862098]],[[19.910008,49.8636],[19.909187,49.8621]],[[19.909984,49.863604],[19.909163,49.862104]],[[19.90996,49.863607],[19.90914,49.862109]],[[19.90995,49.863609],[19.90913,49.862111]],[[19.909197,49.862098],[19.908829,49.861157]],[[19.909187,49.8621],[19.908819,49.861159]],[[19.909163,49.862104],[19.908795,49.861163]],[[19.90914,49.862109],[19.908771,49.861167]],[[19.90913,49.862111],[19.908761,49.861168]],[[19.908829,49.861157],[19.908482,49.860283]],[[19.908819,49.861159],[19.908471,49.860283]],[[19.908795,49.861163],[19.908446,49.860284]],[[19.908771,49.861167],[19.908421,49.860285]],[[19.908761,49.861168],[19.908411,49.860285]],[[19.908482,49.860283],[19.908872,49.858385]],[[19.908471,49.860283],[19.908861,49.858387]],[[19.908446,49.860284],[19.908836,49.85839]],[[19.908421,49.860285],[19.908811,49.858392]],[[19.908411,49.860285],[19.9088,49.858394]],[[19.908872,49.858385],[19.908247,49.857621]],[[19.908861,49.858387],[19.908237,49.857623]],[[19.908836,49.85839],[19.908212,49.857626]],[[19.908811,49.858392],[19.908187,49.857629]],[[19.9088,49.858394],[19.908176,49.857631]],[[19.908247,49.857621],[19.908289,49.857218]],[[19.908237,49.857623],[19.908279,49.857217]],[[19.908212,49.857626],[19.908255,49.857216]],[[19.908187,49.857629],[19.90823,49.857215]],[[19.908176,49.857631],[19.90822,49.857215]]]}},{"type":"Feature","properties":{"variant":"E","kind":"extent"},"geometry":{"type":"MultiLineString","coordinates":[[[19.910893,49.854161],[19.913321,49.853803]],[[19.910891,49.854155],[19.913319,49.853796]],[[19.910886,49.854139],[19.913314,49.853781]],[[19.91088,49.854124],[19.913309,49.853765]],[[19.910878,49.854117],[19.913307,49.853759]],[[19.913321,49.853803],[19.914804,49.853648]],[[19.913319,49.853796],[19.914799,49.853642]],[[19.913314,49.853781],[19.914788,49.853627]],[[19.913309,49.853765],[19.914778,49.853612]],[[19.913307,49.853759],[19.914773,49.853606]],[[19.914804,49.853648],[19.91606,49.85294]],[[19.914799,49.853642],[19.916053,49.852935]],[[19.914788,49.853627],[19.916037,49.852923]],[[19.914778,49.853612],[19.916022,49.852911]],[[19.914773,49.853606],[19.916015,49.852905]],[[19.91606,49.85294],[19.917542,49.852194]],[[19.916053,49.852935],[19.917535,49.852189]],[[19.916037,49.852923],[19.91752,49.852176]],[[19.916022,49.852911],[19.917506,49.852164]],[[19.916015,49.852905],[19.917499,49.852158]],[[19.917542,49.852194],[19.919645,49.851172]],[[19.917535,49.852189],[19.919638,49.851166]],[[19.91752,49.852176],[19.919623,49.851154]],[[19.917506,49.852164],[19.919608,49.851141]],[[19.917499,49.852158],[19.919602,49.851136]],[[19.919645,49.851172],[19.921342,49.850276]],[[19.919638,49.851166],[19.921335,49.85027]],[[19.919623,49.851154],[19.92132,49.850258]],[[19.919608,49.851141],[19.921305,49.850246]],[[19.919602,49.851136],[19.921299,49.85024]],[[19.921342,49.850276],[19.923053,49.849433]],[[19.921335,49.85027],[19.923046,49.849428]],[[19.92132,49.850258],[19.92303,49.849416]],[[19.921305,49.850246],[19.923014,49.849404]],[[19.921299,49.85024],[19.923008,49.849399]],[[19.923053,49.849433],[19.924635,49.848447]],[[19.923046,49.849428],[19.924626,49.848443]],[[19.92303,49.849416],[19.924606,49.848433]],[[19.923014,49.849404],[19.924586,49.848424]],[[19.923008,49.849399],[19.924578,49.84842]],[[19.924635,49.848447],[19.925326,49.847519]],[[19.924626,49.848443],[19.925316,49.847517]],[[19.924606,49.848433],[19.925293,49.847511]],[[19.924586,49.848424],[19.92527,49.847506]],[[19.924578,49.84842],[19.92526,49.847504]],[[19.925326,49.847519],[19.925786,49.846307]],[[19.925316,49.847517],[19.925776,49.846305]],[[19.925293,49.847511],[19.925752,49.846302]],[[19.92527,49.847506],[19.925728,49.846299]],[[19.92526,49.847504],[19.925718,49.846297]],[[19.925786,49.846307],[19.926064,49.845354]],[[19.925776,49.846305],[19.926054,49.845352]],[[19.925752,49.846302],[19.92603,49.845348]],[[19.925728,49.846299],[19.926007,49.845343]],[[19.925718,49.846297],[19.925997,49.845341]],[[19.926064,49.845354],[19.926689,49.844443]],[[19.926054,49.845352],[19.926679,49.84444]],[[19.92603,49.845348],[19.926658,49.844432]],[[19.926007,49.845343],[19.926637,49.844425]],[[19.925997,49.845341],[19.926628,49.844421]],[[19.926689,49.844443],[19.927397,49.843756]],[[19.926679,49.84444],[19.927389,49.843752]],[[19.926658,49.844432],[19.927371,49.843741]],[[19.926637,49.844425],[19.927352,49.843731]],[[19.926628,49.844421],[19.927345,49.843726]],[[19.927397,49.843756],[19.928506,49.843139]],[[19.927389,49.843752],[19.928498,49.843134]],[[19.927371,49.843741],[19.928479,49.843124]],[[19.927352,49.843731],[19.92846,49.843114]],[[19.927345,49.843726],[19.928452,49.84311]],[[19.928506,49.843139],[19.928746,49.842868]],[[19.928498,49.843134],[19.928737,49.842865]],[[19.928479,49.843124],[19.928716,49.842857]],[[19.92846,49.843114],[19.928695,49.842849]],[[19.928452,49.84311],[19.928686,49.842846]]]}},{"type":"Feature","properties":{"variant":"E","kind":"extent"},"geometry":{"type":"MultiLineString","coordinates":[[[19.929794,49.842592],[19.930562,49.842551]],[[19.929793,49.842585],[19.930561,49.842544]],[[19.929791,49.84257],[19.930558,49.842528]],[[19.929789,49.842554],[19.930556,49.842513]],[[19.929788,49.842547],[19.930554,49.842506]],[[19.930562,49.842551],[19.931841,49.842425]],[[19.930561,49.842544],[19.93184,49.842419]],[[19.930558,49.842528],[19.931837,49.842403]],[[19.930556,49.842513],[19.931834,49.842387]],[[19.930554,49.842506],[19.931832,49.842381]],[[19.931841,49.842425],[19.933173,49.842322]],[[19.93184,49.842419],[19.933172,49.842315]],[[19.931837,49.842403],[19.933168,49.8423]],[[19.931834,49.842387],[19.933164,49.842284]],[[19.931832,49.842381],[19.933162,49.842277]],[[19.933173,49.842322],[19.934659,49.842133]],[[19.933172,49.842315],[19.934658,49.842126]],[[19.933168,49.8423],[19.934654,49.842111]],[[19.933164,49.842284],[19.93465,49.842095]],[[19.933162,49.842277],[19.934649,49.842088]],[[19.934659,49.842133],[19.93806,49.841884]],[[19.934658,49.842126],[19.938059,49.841877]],[[19.934654,49.842111],[19.938057,49.841862]],[[19.93465,49.842095],[19.938054,49.841846]],[[19.934649,49.842088],[19.938053,49.841839]],[[19.93806,49.841884],[19.939315,49.841809]],[[19.938059,49.841877],[19.939313,49.841802]],[[19.938057,49.841862],[19.939309,49.841786]],[[19.938054,49.841846],[19.939305,49.841771]],[[19.938053,49.841839],[19.939304,49.841764]],[[19.939315,49.841809],[19.940014,49.841698]],[[19.939313,49.841802],[19.940009,49.841692]],[[19.939309,49.841786],[19.939998,49.841678]],[[19.939305,49.841771],[19.939986,49.841663]],[[19.939304,49.841764],[19.939981,49.841657]],[[19.940014,49.841698],[19.940673,49.841332]],[[19.940009,49.841692],[19.940666,49.841327]],[[19.939998,49.841678],[19.940651,49.841314]],[[19.939986,49.841663],[19.940636,49.841302]],[[19.939981,49.841657],[19.94063,49.841297]],[[19.940673,49.841332],[19.94087,49.841241]],[[19.940666,49.841327],[19.940869,49.841233]],[[19.940651,49.841314],[19.940866,49.841215]],[[19.940636,49.841302],[19.940863,49.841197]],[[19.94063,49.841297],[19.940862,49.841189]],[[19.94087,49.841241],[19.941061,49.841295]],[[19.940869,49.841233],[19.941065,49.841289]],[[19.940866,49.841215],[19.941075,49.841274]],[[19.940863,49.841197],[19.941085,49.84126]],[[19.940862,49.841189],[19.941089,49.841254]]]}},{"type":"Feature","properties":{"variant":"E","kind":"extent"},"geometry":{"type":"MultiLineString","coordinates":[[[19.941053,49.841292],[19.941621,49.841582]],[[19.94106,49.841286],[19.941624,49.841575]],[[19.941075,49.841274],[19.94163,49.841558]],[[19.94109,49.841262],[19.941637,49.841541]],[[19.941097,49.841256],[19.94164,49.841534]],[[19.941621,49.841582],[19.942858,49.841435]],[[19.941624,49.841575],[19.942854,49.841428]],[[19.94163,49.841558],[19.942846,49.841413]],[[19.941637,49.841541],[19.942838,49.841398]],[[19.94164,49.841534],[19.942835,49.841392]],[[19.942858,49.841435],[19.944218,49.840977]],[[19.942854,49.841428],[19.944212,49.840972]],[[19.942846,49.841413],[19.944198,49.840959]],[[19.942838,49.841398],[19.944183,49.840946]],[[19.942835,49.841392],[19.944177,49.84094]],[[19.944218,49.840977],[19.945338,49.840283]],[[19.944212,49.840972],[19.94533,49.840278]],[[19.944198,49.840959],[19.945312,49.840268]],[[19.944183,49.840946],[19.945293,49.840258]],[[19.944177,49.84094],[19.945285,49.840253]],[[19.945338,49.840283],[19.946176,49.839524]],[[19.94533,49.840278],[19.946168,49.83952]],[[19.945312,49.840268],[19.946148,49.839511]],[[19.945293,49.840258],[19.946128,49.839502]],[[19.945285,49.840253],[19.946119,49.839498]],[[19.946176,49.839524],[19.946176,49.839524]],[[19.946168,49.83952],[19.946168,49.83952]],[[19.946148,49.839511],[19.946148,49.839511]],[[19.946128,49.839502],[19.946128,49.839502]],[[19.946119,49.839498],[19.946119,49.839498]],[[19.946176,49.839524],[19.946176,49.839524]],[[19.946168,49.83952],[19.946168,49.83952]],[[19.946148,49.839511],[19.946148,49.839511]],[[19.946128,49.839502],[19.946128,49.839502]],[[19.946119,49.839498],[19.946119,49.839498]],[[19.946176,49.839524],[19.946176,49.839524]],[[19.946168,49.83952],[19.946168,49.83952]],[[19.946148,49.839511],[19.946148,49.839511]],[[19.946128,49.839502],[19.946128,49.839502]],[[19.946119,49.839498],[19.946119,49.839498]],[[19.946176,49.839524],[19.946176,49.839524]],[[19.946168,49.83952],[19.946168,49.83952]],[[19.946148,49.839511],[19.946148,49.839511]],[[19.946128,49.839502],[19.946128,49.839502]],[[19.946119,49.839498],[19.946119,49.839498]],[[19.946176,49.839524],[19.946179,49.839521]],[[19.946168,49.83952],[19.94617,49.839518]],[[19.946148,49.839511],[19.946148,49.839511]],[[19.946128,49.839502],[19.946126,49.839504]],[[19.946119,49.839498],[19.946116,49.839501]],[[19.946179,49.839521],[19.94636,49.839141]],[[19.94617,49.839518],[19.94635,49.839139]],[[19.946148,49.839511],[19.946327,49.839134]],[[19.946126,49.839504],[19.946304,49.839129]],[[19.946116,49.839501],[19.946294,49.839127]]]}},{"type":"Feature","properties":{"variant":"E","kind":"extent"},"geometry":{"type":"MultiLineString","coordinates":[[[19.943777,49.826149],[19.941857,49.825965]],[[19.943775,49.826157],[19.941844,49.825973]],[[19.943769,49.826184],[19.941807,49.825997]],[[19.943763,49.826211],[19.94177,49.826021]],[[19.943761,49.82622],[19.941757,49.826028]],[[19.941857,49.825965],[19.941582,49.824606]],[[19.941844,49.825973],[19.941569,49.824609]],[[19.941807,49.825997],[19.941528,49.824617]],[[19.94177,49.826021],[19.941488,49.824625]],[[19.941757,49.826028],[19.941474,49.824628]],[[19.941582,49.824606],[19.940725,49.823518]],[[19.941569,49.824609],[19.940713,49.823522]],[[19.941528,49.824617],[19.940677,49.823536]],[[19.941488,49.824625],[19.940641,49.823549]],[[19.941474,49.824628],[19.940629,49.823554]],[[19.940725,49.823518],[19.939517,49.82231]],[[19.940713,49.823522],[19.939506,49.822315]],[[19.940677,49.823536],[19.939472,49.822331]],[[19.940641,49.823549],[19.939438,49.822347]],[[19.940629,49.823554],[19.939427,49.822352]],[[19.939517,49.82231],[19.937938,49.821041]],[[19.939506,49.822315],[19.937928,49.821048]],[[19.939472,49.822331],[19.937897,49.821066]],[[19.939438,49.822347],[19.937867,49.821084]],[[19.939427,49.822352],[19.937856,49.82109]],[[19.937938,49.821041],[19.936404,49.820085]],[[19.937928,49.821048],[19.936396,49.820092]],[[19.937897,49.821066],[19.93637,49.820113]],[[19.937867,49.821084],[19.936344,49.820135]],[[19.937856,49.82109],[19.936335,49.820142]],[[19.936404,49.820085],[19.934373,49.819256]],[[19.936396,49.820092],[19.934368,49.819265]],[[19.93637,49.820113],[19.93435,49.81929]],[[19.936344,49.820135],[19.934333,49.819314]],[[19.936335,49.820142],[19.934327,49.819323]],[[19.934373,49.819256],[19.933453,49.819078]],[[19.934368,49.819265],[19.933447,49.819087]],[[19.93435,49.81929],[19.933427,49.819111]],[[19.934333,49.819314],[19.933407,49.819135]],[[19.934327,49.819323],[19.933401,49.819143]],[[19.933453,49.819078],[19.932856,49.81877]],[[19.933447,49.819087],[19.932848,49.818778]],[[19.933427,49.819111],[19.932824,49.8188]],[[19.933407,49.819135],[19.9328,49.818822]],[[19.933401,49.819143],[19.932793,49.81883]],[[19.932856,49.81877],[19.930482,49.817875]],[[19.932848,49.818778],[19.930476,49.817883]],[[19.932824,49.8188],[19.930455,49.817907]],[[19.9328,49.818822],[19.930435,49.81793]],[[19.932793,49.81883],[19.930428,49.817938]],[[19.930482,49.817875],[19.92896,49.817348]],[[19.930476,49.817883],[19.928953,49.817356]],[[19.930455,49.817907],[19.928931,49.817379]],[[19.930435,49.81793],[19.92891,49.817402]],[[19.930428,49.817938],[19.928903,49.81741]],[[19.92896,49.817348],[19.927763,49.816841]],[[19.928953,49.817356],[19.927754,49.816848]],[[19.928931,49.817379],[19.927729,49.81687]],[[19.92891,49.817402],[19.927704,49.816891]],[[19.928903,49.81741],[19.927695,49.816899]],[[19.927763,49.816841],[19.92735,49.816606]],[[19.927754,49.816848],[19.927341,49.816613]],[[19.927729,49.81687],[19.927314,49.816633]],[[19.927704,49.816891],[19.927286,49.816653]],[[19.927695,49.816899],[19.927277,49.81666]],[[19.92735,49.816606],[19.92568,49.815673]],[[19.927341,49.816613],[19.92567,49.815679]],[[19.927314,49.816633],[19.925642,49.815699]],[[19.927286,49.816653],[19.925614,49.815719]],[[19.927277,49.81666],[19.925604,49.815726]],[[19.92568,49.815673],[19.923752,49.814439]],[[19.92567,49.815679],[19.923742,49.814445]],[[19.925642,49.815699],[19.923711,49.814464]],[[19.925614,49.815719],[19.92368,49.814482]],[[19.925604,49.815726],[19.92367,49.814488]],[[19.923752,49.814439],[19.922955,49.81383]],[[19.923742,49.814445],[19.922944,49.813835]],[[19.923711,49.814464],[19.92291,49.813851]],[[19.92368,49.814482],[19.922877,49.813867]],[[19.92367,49.814488],[19.922865,49.813873]],[[19.922955,49.81383],[19.922309,49.813174]],[[19.922944,49.813835],[19.922296,49.813178]],[[19.92291,49.813851],[19.922257,49.813188]],[[19.922877,49.813867],[19.922218,49.813198]],[[19.922865,49.813873],[19.922205,49.813202]],[[19.922309,49.813174],[19.921834,49.811776]],[[19.922296,49.813178],[19.92182,49.811777]],[[19.922257,49.813188],[19.921779,49.811782]],[[19.922218,49.813198],[19.921738,49.811787]],[[19.922205,49.813202],[19.921724,49.811788]],[[19.921834,49.811776],[19.921731,49.811242]],[[19.92182,49.811777],[19.921717,49.811242]],[[19.921779,49.811782],[19.921675,49.811241]],[[19.921738,49.811787],[19.921633,49.811241]],[[19.921724,49.811788],[19.921618,49.811241]],[[19.921731,49.811242],[19.921944,49.810366]],[[19.921717,49.811242],[19.92193,49.810364]],[[19.921675,49.811241],[19.92189,49.810357]],[[19.921633,49.811241],[19.921849,49.810351]],[[19.921618,49.811241],[19.921835,49.810349]],[[19.921944,49.810366],[19.92229,49.809682]],[[19.92193,49.810364],[19.922277,49.809679]],[[19.92189,49.810357],[19.922238,49.809669]],[[19.921849,49.810351],[19.922199,49.809659]],[[19.921835,49.810349],[19.922186,49.809656]],[[19.92229,49.809682],[19.923164,49.808395]],[[19.922277,49.809679],[19.923152,49.808391]],[[19.922238,49.809669],[19.923114,49.80838]],[[19.922199,49.809659],[19.923075,49.808369]],[[19.922186,49.809656],[19.923063,49.808366]]]}},{"type":"Feature","properties":{"variant":"E","kind":"extent"},"geometry":{"type":"MultiLineString","coordinates":[[[19.936168,49.819381],[19.937281,49.820184]],[[19.936178,49.819375],[19.937291,49.820178]],[[19.936209,49.819357],[19.937321,49.820159]],[[19.93624,49.819339],[19.937351,49.82014]],[[19.936251,49.819333],[19.937361,49.820134]],[[19.937281,49.820184],[19.93928,49.821432]],[[19.937291,49.820178],[19.939291,49.821426]],[[19.937321,49.820159],[19.939323,49.821409]],[[19.937351,49.82014],[19.939355,49.821392]],[[19.937361,49.820134],[19.939365,49.821386]],[[19.93928,49.821432],[19.940557,49.82266]],[[19.939291,49.821426],[19.940569,49.822655]],[[19.939323,49.821409],[19.940604,49.822641]],[[19.939355,49.821392],[19.940639,49.822626]],[[19.939365,49.821386],[19.940651,49.822621]],[[19.940557,49.82266],[19.941511,49.823692]],[[19.940569,49.822655],[19.941523,49.823688]],[[19.940604,49.822641],[19.94156,49.823675]],[[19.940639,49.822626],[19.941596,49.823662]],[[19.940651,49.822621],[19.941609,49.823657]],[[19.941511,49.823692],[19.94223,49.824603]],[[19.941523,49.823688],[19.942239,49.824595]],[[19.94156,49.823675],[19.942266,49.82457]],[[19.941596,49.823662],[19.942294,49.824545]],[[19.941609,49.823657],[19.942303,49.824537]],[[19.94223,49.824603],[19.943774,49.824743]],[[19.942239,49.824595],[19.943776,49.824734]],[[19.942266,49.82457],[19.943782,49.824708]],[[19.942294,49.824545],[19.943788,49.824681]],[[19.942303,49.824537],[19.94379,49.824672]]]}},{"type":"Feature","properties":{"variant":"E","kind":"km","name":"0+000"},"geometry":{"type":"Point","coordinates":[19.968971,50.001662]}},{"type":"Feature","properties":{"variant":"E","kind":"km","name":"1+000"},"geometry":{"type":"Point","coordinates":[19.969938,49.992717]}},{"type":"Feature","properties":{"variant":"E","kind":"km","name":"2+000"},"geometry":{"type":"Point","coordinates":[19.964599,49.98444]}},{"type":"Feature","properties":{"variant":"E","kind":"km","name":"3+000"},"geometry":{"type":"Point","coordinates":[19.956066,49.977522]}},{"type":"Feature","properties":{"variant":"E","kind":"km","name":"4+000"},"geometry":{"type":"Point","coordinates":[19.944233,49.972772]}},{"type":"Feature","properties":{"variant":"E","kind":"km","name":"5+000"},"geometry":{"type":"Point","coordinates":[19.934455,49.966393]}},{"type":"Feature","properties":{"variant":"E","kind":"km","name":"6+000"},"geometry":{"type":"Point","coordinates":[19.925644,49.959452]}},{"type":"Feature","properties":{"variant":"E","kind":"km","name":"7+000"},"geometry":{"type":"Point","coordinates":[19.916452,49.952786]}},{"type":"Feature","properties":{"variant":"E","kind":"km","name":"8+000"},"geometry":{"type":"Point","coordinates":[19.906006,49.946837]}},{"type":"Feature","properties":{"variant":"E","kind":"km","name":"9+000"},"geometry":{"type":"Point","coordinates":[19.901226,49.938667]}},{"type":"Feature","properties":{"variant":"E","kind":"km","name":"10+000"},"geometry":{"type":"Point","coordinates":[19.899206,49.92983]}},{"type":"Feature","properties":{"variant":"E","kind":"km","name":"11+000"},"geometry":{"type":"Point","coordinates":[19.889953,49.923267]}},{"type":"Feature","properties":{"variant":"E","kind":"km","name":"12+000"},"geometry":{"type":"Point","coordinates":[19.878974,49.91774]}},{"type":"Feature","properties":{"variant":"E","kind":"km","name":"13+000"},"geometry":{"type":"Point","coordinates":[19.871477,49.910319]}},{"type":"Feature","properties":{"variant":"E","kind":"km","name":"14+000"},"geometry":{"type":"Point","coordinates":[19.871609,49.901423]}},{"type":"Feature","properties":{"variant":"E","kind":"km","name":"15+000"},"geometry":{"type":"Point","coordinates":[19.87435,49.89261]}},{"type":"Feature","properties":{"variant":"E","kind":"km","name":"16+000"},"geometry":{"type":"Point","coordinates":[19.879211,49.884354]}},{"type":"Feature","properties":{"variant":"E","kind":"km","name":"17+000"},"geometry":{"type":"Point","coordinates":[19.891518,49.880315]}},{"type":"Feature","properties":{"variant":"E","kind":"km","name":"18+000"},"geometry":{"type":"Point","coordinates":[19.904004,49.876526]}},{"type":"Feature","properties":{"variant":"E","kind":"km","name":"19+000"},"geometry":{"type":"Point","coordinates":[19.909549,49.868327]}},{"type":"Feature","properties":{"variant":"E","kind":"km","name":"20+000"},"geometry":{"type":"Point","coordinates":[19.90898,49.859601]}},{"type":"Feature","properties":{"variant":"E","kind":"km","name":"21+000"},"geometry":{"type":"Point","coordinates":[19.917278,49.852606]}},{"type":"Feature","properties":{"variant":"E","kind":"km","name":"22+000"},"geometry":{"type":"Point","coordinates":[19.92618,49.846081]}},{"type":"Feature","properties":{"variant":"E","kind":"km","name":"23+000"},"geometry":{"type":"Point","coordinates":[19.93723,49.842216]}},{"type":"Feature","properties":{"variant":"E","kind":"km","name":"24+000"},"geometry":{"type":"Point","coordinates":[19.948263,49.837803]}},{"type":"Feature","properties":{"variant":"E","kind":"km","name":"25+000"},"geometry":{"type":"Point","coordinates":[19.951128,49.829141]}},{"type":"Feature","properties":{"variant":"E","kind":"km","name":"26+000"},"geometry":{"type":"Point","coordinates":[19.940932,49.823406]}},{"type":"Feature","properties":{"variant":"E","kind":"km","name":"27+000"},"geometry":{"type":"Point","coordinates":[19.930527,49.817702]}},{"type":"Feature","properties":{"variant":"E","kind":"km","name":"28+000"},"geometry":{"type":"Point","coordinates":[19.922023,49.811088]}}],"attribution":"© GDDKiA — STEŚ S7 Kraków–Myślenice (2025), warianty A–F"}