{"type":"FeatureCollection","features":[{"type":"Feature","properties":{"variant":"F","kind":"axis"},"geometry":{"type":"MultiLineString","coordinates":[[[19.997441,50.000962],[19.992133,49.989892],[19.992087,49.989797],[19.992042,49.989702],[19.991996,49.989607],[19.991951,49.989511],[19.991906,49.989416],[19.991861,49.989321],[19.991817,49.989226],[19.991773,49.989131],[19.991729,49.989035],[19.991686,49.98894],[19.991643,49.988844],[19.991601,49.988749],[19.991559,49.988653],[19.991518,49.988557],[19.991478,49.988461],[19.991439,49.988365],[19.9914,49.988269],[19.991362,49.988172],[19.991325,49.988076],[19.991289,49.987979],[19.991254,49.987882],[19.991221,49.987785],[19.991188,49.987688],[19.991156,49.987591],[19.991126,49.987493],[19.991097,49.987396],[19.991069,49.987298],[19.991043,49.9872],[19.991018,49.987102],[19.990995,49.987003],[19.990973,49.986905],[19.990879,49.986339],[19.990839,49.98577],[19.990852,49.985201],[19.990917,49.984633],[19.991036,49.984069],[19.991208,49.98351],[19.991243,49.983414],[19.99128,49.983317],[19.991318,49.983221],[19.991358,49.983125],[19.991399,49.983029],[19.991441,49.982933],[19.991485,49.982838],[19.991529,49.982743],[19.991575,49.982648],[19.991622,49.982553],[19.99167,49.982459],[19.99172,49.982364],[19.99177,49.98227],[19.991821,49.982176],[19.991872,49.982083],[19.991925,49.981989],[19.991978,49.981896],[19.992032,49.981803],[19.992087,49.98171],[19.992142,49.981617],[19.992198,49.981524],[19.992254,49.981432],[19.992311,49.981339],[19.992368,49.981247],[19.992425,49.981155],[19.992483,49.981062],[19.992541,49.98097],[19.992599,49.980878],[19.992657,49.980786],[19.992716,49.980694],[19.992774,49.980602],[19.994061,49.978576],[19.994157,49.978425],[19.994253,49.978273],[19.994348,49.978122],[19.994443,49.97797],[19.994537,49.977819],[19.99463,49.977667],[19.994723,49.977515],[19.994813,49.977362],[19.994903,49.977209],[19.99499,49.977056],[19.995076,49.976902],[19.99516,49.976748],[19.995241,49.976593],[19.995321,49.976438],[19.995397,49.976282],[19.995471,49.976126],[19.995541,49.975969],[19.995608,49.975812],[19.995672,49.975654],[19.995733,49.975495],[19.995789,49.975336],[19.995841,49.975176],[19.995889,49.975015],[19.995933,49.974854],[19.995972,49.974693],[19.996006,49.974531],[19.996035,49.974369],[19.996058,49.974206],[19.996076,49.974043],[19.996088,49.97388],[19.996095,49.973717],[19.996079,49.973251],[19.996014,49.972788],[19.995899,49.972328],[19.995736,49.971875],[19.995524,49.971429],[19.995265,49.970995],[19.994961,49.970573],[19.994612,49.970165],[19.99422,49.969774],[19.993787,49.969402],[19.993316,49.969049],[19.992808,49.968719],[19.992265,49.968412],[19.992068,49.96831],[19.991866,49.968211],[19.991661,49.968115],[19.991453,49.968021],[19.991242,49.967931],[19.991028,49.967844],[19.990811,49.967759],[19.990592,49.967677],[19.990371,49.967597],[19.990148,49.96752],[19.989923,49.967446],[19.989696,49.967373],[19.989467,49.967303],[19.989237,49.967235],[19.989005,49.967168],[19.988772,49.967104],[19.988538,49.967042],[19.988303,49.966981],[19.988067,49.966921],[19.98783,49.966863],[19.987593,49.966807],[19.987355,49.966751],[19.987116,49.966697],[19.986876,49.966644],[19.986636,49.966591],[19.986396,49.966539],[19.986156,49.966488],[19.985915,49.966437],[19.985674,49.966387],[19.985433,49.966337],[19.985192,49.966287],[19.98383,49.966005],[19.983658,49.965969],[19.983485,49.965933],[19.983313,49.965897],[19.983141,49.965861],[19.982969,49.965825],[19.982797,49.965789],[19.982625,49.965752],[19.982454,49.965715],[19.982282,49.965678],[19.982111,49.96564],[19.98194,49.965602],[19.981769,49.965564],[19.981599,49.965525],[19.981429,49.965485],[19.981259,49.965445],[19.98109,49.965404],[19.980921,49.965362],[19.980752,49.965319],[19.980584,49.965276],[19.980417,49.965232],[19.98025,49.965187],[19.980083,49.965142],[19.979917,49.965095],[19.979752,49.965047],[19.979588,49.964998],[19.979424,49.964949],[19.979261,49.964898],[19.979099,49.964846],[19.978938,49.964793],[19.978778,49.964738],[19.978619,49.964683],[19.97783,49.964382],[19.977071,49.964049],[19.976346,49.963687],[19.975658,49.963296],[19.975009,49.962878],[19.974402,49.962435],[19.973839,49.961968],[19.973733,49.961873],[19.973629,49.961778],[19.973527,49.961681],[19.973427,49.961584],[19.973328,49.961486],[19.973231,49.961388],[19.973135,49.961289],[19.973041,49.961189],[19.972948,49.961089],[19.972856,49.960989],[19.972766,49.960887],[19.972677,49.960786],[19.97259,49.960684],[19.972503,49.960581],[19.972418,49.960478],[19.972333,49.960375],[19.97225,49.960272],[19.972178,49.960182]],[[19.969083,49.956359],[19.969055,49.956332],[19.968452,49.955823],[19.967797,49.955342],[19.967092,49.95489],[19.967014,49.954844],[19.966934,49.954797],[19.966855,49.954751],[19.966775,49.954705],[19.966694,49.95466],[19.966613,49.954615],[19.966531,49.95457],[19.96645,49.954526],[19.966367,49.954481],[19.966285,49.954437],[19.966202,49.954394],[19.966119,49.95435],[19.966035,49.954307],[19.965951,49.954264],[19.965867,49.954222],[19.965783,49.954179],[19.965698,49.954137],[19.965613,49.954095],[19.965528,49.954053],[19.965443,49.954011],[19.965358,49.953969],[19.965272,49.953928],[19.965187,49.953886],[19.965101,49.953845],[19.965015,49.953804],[19.964929,49.953762],[19.964843,49.953721],[19.964757,49.95368],[19.964671,49.953639],[19.964585,49.953598],[19.964499,49.953557],[19.959144,49.951012],[19.958985,49.950937],[19.958827,49.950862],[19.958668,49.950787],[19.95851,49.950711],[19.958351,49.950636],[19.958192,49.950561],[19.958033,49.950487],[19.957874,49.950412],[19.957714,49.950338],[19.957555,49.950263],[19.957394,49.950189],[19.957234,49.950116],[19.957074,49.950043],[19.956912,49.94997],[19.956751,49.949897],[19.956589,49.949825],[19.956427,49.949753],[19.956264,49.949681],[19.956101,49.94961],[19.955937,49.94954],[19.955773,49.94947],[19.955608,49.949401],[19.955443,49.949332],[19.955277,49.949264],[19.95511,49.949196],[19.954943,49.949129],[19.954775,49.949063],[19.954606,49.948997],[19.954437,49.948933],[19.954267,49.948869],[19.954096,49.948806],[19.952588,49.948294],[19.95103,49.947849],[19.949431,49.94747],[19.947796,49.947161],[19.947605,49.94713],[19.947414,49.947099],[19.947223,49.94707],[19.947031,49.947041],[19.946839,49.947013],[19.946647,49.946986],[19.946454,49.94696],[19.946261,49.946935],[19.946068,49.94691],[19.945875,49.946886],[19.945682,49.946862],[19.945488,49.94684],[19.945294,49.946817],[19.9451,49.946796],[19.944906,49.946775],[19.944712,49.946754],[19.944518,49.946734],[19.944324,49.946714],[19.944129,49.946694],[19.943935,49.946675],[19.94374,49.946657],[19.943545,49.946638],[19.94335,49.94662],[19.943156,49.946603],[19.942961,49.946585],[19.942766,49.946567],[19.942571,49.94655],[19.942376,49.946533],[19.942181,49.946516],[19.941986,49.946499],[19.941791,49.946482],[19.939173,49.946254],[19.939067,49.946245],[19.938961,49.946236],[19.938855,49.946226],[19.938749,49.946217],[19.938643,49.946208],[19.938537,49.946198],[19.938431,49.946189],[19.938325,49.946179],[19.938219,49.946169],[19.938114,49.946159],[19.938008,49.946149],[19.937902,49.946139],[19.937796,49.946128],[19.93769,49.946118],[19.937585,49.946107],[19.937479,49.946096],[19.937374,49.946084],[19.937268,49.946072],[19.937163,49.94606],[19.937057,49.946048],[19.936952,49.946036],[19.936847,49.946023],[19.936742,49.946009],[19.936637,49.945996],[19.936533,49.945982],[19.936428,49.945967],[19.936323,49.945952],[19.936219,49.945937],[19.936115,49.945921],[19.936011,49.945905],[19.935907,49.945888],[19.934945,49.945709],[19.934004,49.945487],[19.933089,49.945224],[19.932204,49.944921],[19.931353,49.94458],[19.931264,49.944542],[19.931176,49.944503],[19.931088,49.944463],[19.931001,49.944424],[19.930914,49.944383],[19.930827,49.944343],[19.930741,49.944302],[19.930655,49.944261],[19.930569,49.94422],[19.930484,49.944178],[19.930399,49.944136],[19.930314,49.944094],[19.93023,49.944051],[19.930146,49.944008],[19.930062,49.943965],[19.929978,49.943922],[19.929895,49.943879],[19.929812,49.943835],[19.929729,49.943792],[19.929647,49.943748],[19.929564,49.943704],[19.929482,49.94366],[19.9294,49.943616],[19.929317,49.943571],[19.929236,49.943527],[19.929154,49.943482],[19.929072,49.943438],[19.92899,49.943393],[19.928909,49.943349],[19.928827,49.943304],[19.928745,49.943259],[19.924305,49.940829],[19.924224,49.940785],[19.924142,49.94074],[19.924061,49.940695],[19.923979,49.94065],[19.923898,49.940606],[19.923816,49.940561],[19.923735,49.940516],[19.923654,49.940471],[19.923573,49.940426],[19.923492,49.94038],[19.923411,49.940335],[19.923331,49.94029],[19.923251,49.940244],[19.92317,49.940198],[19.923091,49.940152],[19.923011,49.940106],[19.922932,49.94006],[19.922853,49.940013],[19.922774,49.939966],[19.922695,49.939919],[19.922617,49.939872],[19.92254,49.939825],[19.922462,49.939777],[19.922448,49.939768]],[[19.913729,49.930675],[19.913477,49.930494],[19.912816,49.930078],[19.912116,49.92969],[19.91138,49.929331],[19.910609,49.929002],[19.910518,49.928966],[19.910426,49.928931],[19.910334,49.928896],[19.910242,49.928861],[19.910149,49.928826],[19.910056,49.928792],[19.909963,49.928759],[19.909869,49.928725],[19.909775,49.928692],[19.909681,49.92866],[19.909587,49.928627],[19.909492,49.928595],[19.909397,49.928563],[19.909302,49.928532],[19.909206,49.9285],[19.909111,49.928469],[19.909015,49.928438],[19.908919,49.928408],[19.908823,49.928377],[19.908727,49.928347],[19.908631,49.928317],[19.908535,49.928287],[19.908438,49.928257],[19.908342,49.928227],[19.908245,49.928198],[19.908148,49.928168],[19.908052,49.928138],[19.907955,49.928109],[19.907858,49.92808],[19.907761,49.92805],[19.907665,49.928021],[19.901854,49.926261],[19.901665,49.926203],[19.901475,49.926146],[19.901285,49.926088],[19.901096,49.92603],[19.900906,49.925972],[19.900717,49.925914],[19.900528,49.925855],[19.90034,49.925796],[19.900151,49.925736],[19.899963,49.925676],[19.899776,49.925616],[19.899589,49.925554],[19.899403,49.925492],[19.899217,49.92543],[19.899032,49.925366],[19.898847,49.925302],[19.898663,49.925237],[19.89848,49.925171],[19.898298,49.925104],[19.898117,49.925036],[19.897937,49.924967],[19.897757,49.924897],[19.897579,49.924825],[19.897403,49.924752],[19.897227,49.924679],[19.897053,49.924603],[19.89688,49.924527],[19.896708,49.924449],[19.896539,49.924369],[19.896371,49.924289],[19.896204,49.924206]]]}},{"type":"Feature","properties":{"variant":"F","kind":"axis"},"geometry":{"type":"MultiLineString","coordinates":[[[19.896204,49.924206],[19.895474,49.923814],[19.894784,49.923392],[19.894139,49.922942],[19.89354,49.922467],[19.89299,49.921966],[19.892492,49.921444],[19.892047,49.920903],[19.891658,49.920343],[19.891326,49.919769],[19.891052,49.919181],[19.891,49.91905],[19.89095,49.918919],[19.890903,49.918787],[19.890859,49.918655],[19.890817,49.918522],[19.890778,49.918389],[19.890741,49.918256],[19.890707,49.918122],[19.890674,49.917989],[19.890644,49.917855],[19.890616,49.917721],[19.89059,49.917586],[19.890565,49.917452],[19.890543,49.917317],[19.890522,49.917183],[19.890502,49.917048],[19.890484,49.916913],[19.890467,49.916778],[19.890452,49.916643],[19.890438,49.916508],[19.890424,49.916373],[19.890412,49.916238],[19.890401,49.916103],[19.89039,49.915968],[19.89038,49.915833],[19.890371,49.915697],[19.890362,49.915562],[19.890353,49.915427],[19.890345,49.915292],[19.890337,49.915156],[19.890329,49.915021],[19.889452,49.899973],[19.889442,49.899797],[19.889431,49.89962],[19.889422,49.899443],[19.889412,49.899267],[19.889404,49.89909],[19.889396,49.898913],[19.889389,49.898737],[19.889384,49.89856],[19.889379,49.898383],[19.889376,49.898206],[19.889375,49.898029],[19.889376,49.897853],[19.889378,49.897676],[19.889383,49.897499],[19.88939,49.897322],[19.8894,49.897146],[19.889412,49.896969],[19.889427,49.896793],[19.889445,49.896616],[19.889466,49.89644],[19.889491,49.896264],[19.889518,49.896088],[19.88955,49.895913],[19.889585,49.895737],[19.889624,49.895562],[19.889668,49.895388],[19.889715,49.895214],[19.889767,49.89504],[19.889824,49.894867],[19.889885,49.894695],[19.889951,49.894523],[19.890215,49.89394],[19.890537,49.893369],[19.890915,49.892813],[19.891347,49.892273],[19.891833,49.891752],[19.892369,49.891253],[19.892954,49.890777],[19.893585,49.890327],[19.893777,49.890201],[19.893972,49.890077],[19.894171,49.889955],[19.894373,49.889836],[19.894578,49.889719],[19.894785,49.889604],[19.894996,49.88949],[19.895208,49.889379],[19.895423,49.88927],[19.895641,49.889163],[19.89586,49.889057],[19.896082,49.888953],[19.896305,49.888851],[19.89653,49.888751],[19.896757,49.888651],[19.896985,49.888554],[19.897214,49.888457],[19.897445,49.888362],[19.897676,49.888268],[19.897909,49.888176],[19.898143,49.888084],[19.898378,49.887993],[19.898613,49.887903],[19.898849,49.887813],[19.899086,49.887725],[19.899323,49.887636],[19.899561,49.887549],[19.899798,49.887461],[19.900037,49.887374],[19.900275,49.887287],[19.900513,49.887201],[19.912963,49.882669],[19.913201,49.882582],[19.913439,49.882495],[19.913677,49.882408],[19.913915,49.88232],[19.914153,49.882233],[19.91439,49.882144],[19.914626,49.882056],[19.914862,49.881966],[19.915098,49.881876],[19.915332,49.881785],[19.915566,49.881693],[19.915799,49.8816],[19.916031,49.881507],[19.916261,49.881411],[19.91649,49.881315],[19.916718,49.881217],[19.916945,49.881118],[19.91717,49.881017],[19.917393,49.880915],[19.917614,49.880811],[19.917834,49.880706],[19.918051,49.880598],[19.918266,49.880489],[19.918479,49.880378],[19.918689,49.880265],[19.918897,49.88015],[19.919101,49.880032],[19.919303,49.879913],[19.919501,49.879791],[19.919697,49.879668],[19.919888,49.879541],[19.92053,49.879082],[19.921124,49.878597],[19.921667,49.878088],[19.922157,49.877557],[19.922592,49.877006],[19.922971,49.876438],[19.923292,49.875855],[19.923552,49.87526],[19.923752,49.874655],[19.923798,49.874481],[19.923839,49.874306],[19.923875,49.874131],[19.923906,49.873955],[19.923933,49.873779],[19.923956,49.873603],[19.923975,49.873427],[19.92399,49.87325],[19.924001,49.873074],[19.924008,49.872897],[19.924012,49.87272],[19.924012,49.872543],[19.92401,49.872367],[19.924004,49.87219],[19.923996,49.872013],[19.923985,49.871836],[19.923971,49.87166],[19.923956,49.871483],[19.923938,49.871307],[19.923918,49.871131],[19.923896,49.870955],[19.923873,49.870778],[19.923848,49.870602],[19.923822,49.870426],[19.923794,49.87025],[19.923766,49.870075],[19.923737,49.869899],[19.923707,49.869723],[19.923677,49.869547],[19.923646,49.869372],[19.923616,49.869196],[19.923609,49.869157],[19.923595,49.86908],[19.923582,49.869004],[19.923569,49.868928],[19.923555,49.868851],[19.923542,49.868775],[19.923529,49.868699],[19.923516,49.868622],[19.923503,49.868546],[19.923491,49.86847],[19.923478,49.868393],[19.923466,49.868317],[19.923453,49.86824],[19.923441,49.868164],[19.92343,49.868088],[19.923418,49.868011],[19.923407,49.867935],[19.923396,49.867858],[19.923385,49.867782],[19.923375,49.867705],[19.923365,49.867629],[19.923355,49.867552],[19.923346,49.867475],[19.923337,49.867399],[19.923328,49.867322],[19.92332,49.867246],[19.923313,49.867169],[19.923305,49.867092],[19.923299,49.867016],[19.923292,49.866939],[19.923287,49.866862],[19.923282,49.866785],[19.923268,49.865677],[19.923369,49.86457],[19.923584,49.86347],[19.923603,49.863394],[19.923622,49.863318],[19.923642,49.863243],[19.923663,49.863167],[19.923684,49.863091],[19.923705,49.863016],[19.923727,49.86294],[19.92375,49.862865],[19.923772,49.86279],[19.923796,49.862714],[19.923819,49.862639],[19.923843,49.862564],[19.923867,49.862488],[19.923892,49.862413],[19.923916,49.862338],[19.923941,49.862263],[19.923967,49.862188],[19.923992,49.862113],[19.924018,49.862038],[19.924044,49.861963],[19.92407,49.861888],[19.924097,49.861813],[19.924123,49.861738],[19.92415,49.861663],[19.924177,49.861589],[19.924203,49.861514],[19.92423,49.861439],[19.924257,49.861364],[19.924284,49.861289],[19.924312,49.861215],[19.924339,49.86114],[19.925926,49.856765],[19.92598,49.856614],[19.926035,49.856463],[19.92609,49.856312],[19.926144,49.856161],[19.926198,49.856009],[19.926251,49.855858],[19.926304,49.855707],[19.926356,49.855555],[19.926407,49.855404],[19.926458,49.855252],[19.926507,49.8551],[19.926556,49.854948],[19.926603,49.854796],[19.926649,49.854643],[19.926693,49.854491],[19.926737,49.854338],[19.926778,49.854185],[19.926818,49.854032],[19.926856,49.853879],[19.926893,49.853726],[19.926927,49.853572],[19.926959,49.853418],[19.926989,49.853264],[19.927017,49.85311],[19.927043,49.852956],[19.927066,49.852801],[19.927086,49.852646],[19.927104,49.852492],[19.927119,49.852337],[19.927131,49.852182],[19.927141,49.852027],[19.927142,49.851272],[19.92707,49.850518],[19.926927,49.849769],[19.926711,49.849027],[19.926425,49.848295],[19.926069,49.847576],[19.925644,49.846873],[19.925548,49.84673],[19.92545,49.846589],[19.925349,49.846448],[19.925246,49.846308],[19.92514,49.846169],[19.925032,49.84603],[19.924921,49.845892],[19.924809,49.845755],[19.924694,49.845619],[19.924578,49.845483],[19.92446,49.845348],[19.92434,49.845213],[19.924218,49.845079],[19.924095,49.844946],[19.923971,49.844814],[19.923845,49.844681],[19.923718,49.84455],[19.923589,49.844419],[19.92346,49.844288],[19.92333,49.844157],[19.923198,49.844028],[19.923066,49.843898],[19.922933,49.843769],[19.9228,49.84364],[19.922666,49.843511],[19.922531,49.843382],[19.922396,49.843254],[19.922261,49.843126],[19.922125,49.842998],[19.92199,49.84287],[19.921854,49.842742],[19.920046,49.841038],[19.919814,49.84082],[19.919582,49.840601],[19.919351,49.840382],[19.91912,49.840164],[19.91889,49.839944],[19.918661,49.839725],[19.918433,49.839505],[19.918206,49.839284],[19.91798,49.839063],[19.917757,49.838841],[19.917534,49.838618],[19.917314,49.838395],[19.917096,49.838171],[19.91688,49.837945],[19.916667,49.837719],[19.916457,49.837492],[19.916249,49.837264],[19.916045,49.837034],[19.915843,49.836803],[19.915646,49.836571],[19.915452,49.836338],[19.915262,49.836103],[19.915075,49.835867],[19.914894,49.83563],[19.914717,49.835391],[19.914544,49.83515],[19.914377,49.834909],[19.914215,49.834665],[19.914058,49.834421],[19.913907,49.834174],[19.913762,49.833927],[19.913209,49.83285],[19.912772,49.831752],[19.912451,49.830637],[19.912356,49.830109]],[[19.921155,49.811629],[19.923437,49.808475]]]}},{"type":"Feature","properties":{"variant":"F","kind":"axis"},"geometry":{"type":"MultiLineString","coordinates":[[[19.86743,49.907446],[19.869806,49.907632],[19.869912,49.90764],[19.870019,49.907648],[19.870125,49.907656],[19.870231,49.907665],[19.870337,49.907673],[19.870443,49.907681],[19.870549,49.907689],[19.870656,49.907697],[19.870762,49.907704],[19.870868,49.907712],[19.870975,49.907719],[19.871081,49.907727],[19.871187,49.907734],[19.871294,49.90774],[19.8714,49.907747],[19.871507,49.907753],[19.871613,49.907759],[19.87172,49.907765],[19.871826,49.907771],[19.871933,49.907776],[19.872039,49.907781],[19.872146,49.907785],[19.872253,49.90779],[19.87236,49.907793],[19.872466,49.907797],[19.872573,49.9078],[19.87268,49.907802],[19.872787,49.907805],[19.872894,49.907806],[19.873001,49.907807],[19.873108,49.907808],[19.873108,49.907808],[19.874108,49.907791],[19.875105,49.907729],[19.876092,49.907623],[19.877066,49.907474],[19.877169,49.907456],[19.877272,49.907437],[19.877374,49.907417],[19.877477,49.907397],[19.877579,49.907377],[19.877681,49.907356],[19.877783,49.907335],[19.877885,49.907314],[19.877986,49.907292],[19.878087,49.90727],[19.878189,49.907248],[19.878289,49.907225],[19.87839,49.907202],[19.878491,49.907179],[19.878591,49.907155],[19.878692,49.907131],[19.878792,49.907107],[19.878892,49.907083],[19.878992,49.907059],[19.879092,49.907034],[19.879192,49.907009],[19.879291,49.906984],[19.879391,49.906959],[19.879491,49.906934],[19.87959,49.906909],[19.87969,49.906883],[19.879789,49.906858],[19.879888,49.906832],[19.879988,49.906806],[19.880087,49.906781],[19.880186,49.906755],[19.881447,49.90643],[19.88151,49.906413],[19.881574,49.906397],[19.881637,49.90638],[19.881701,49.906364],[19.881764,49.906348],[19.881828,49.906331],[19.881892,49.906315],[19.881955,49.906299],[19.882019,49.906283],[19.882083,49.906267],[19.882146,49.90625],[19.88221,49.906234],[19.882274,49.906219],[19.882338,49.906203],[19.882402,49.906187],[19.882466,49.906171],[19.88253,49.906156],[19.882594,49.90614],[19.882658,49.906125],[19.882722,49.90611],[19.882787,49.906095],[19.882851,49.90608],[19.882915,49.906065],[19.88298,49.90605],[19.883045,49.906036],[19.883109,49.906021],[19.883174,49.906007],[19.883239,49.905993],[19.883304,49.905979],[19.883369,49.905965],[19.883434,49.905952]]]}},{"type":"Feature","properties":{"variant":"F","kind":"axis"},"geometry":{"type":"MultiLineString","coordinates":[[[19.883434,49.905952],[19.884362,49.905783],[19.885304,49.905654],[19.886258,49.905565],[19.886258,49.905565],[19.886326,49.90556],[19.886394,49.905556],[19.886462,49.905551],[19.88653,49.905547],[19.886598,49.905543],[19.886666,49.905539],[19.886735,49.905536],[19.886803,49.905532],[19.886871,49.905529],[19.886939,49.905526],[19.887008,49.905523],[19.887076,49.90552],[19.887144,49.905517],[19.887212,49.905514],[19.887281,49.905512],[19.887349,49.905509],[19.887417,49.905507],[19.887486,49.905505],[19.887554,49.905502],[19.887622,49.9055],[19.887691,49.905498],[19.887759,49.905496],[19.887827,49.905494],[19.887896,49.905492],[19.887964,49.905491],[19.888033,49.905489],[19.888101,49.905487],[19.888169,49.905485],[19.888238,49.905484],[19.888306,49.905482],[19.888374,49.90548],[19.889771,49.905447]]]}},{"type":"Feature","properties":{"variant":"F","kind":"axisTunnel"},"geometry":{"type":"MultiLineString","coordinates":[[[19.972178,49.960182],[19.972167,49.960168],[19.972085,49.960064],[19.972004,49.959959],[19.971924,49.959855],[19.971844,49.95975],[19.971765,49.959645],[19.971687,49.95954],[19.971609,49.959435],[19.971531,49.959329],[19.971454,49.959224],[19.971377,49.959118],[19.9713,49.959013],[19.971223,49.958907],[19.971146,49.958801],[19.971122,49.958767],[19.971076,49.958705],[19.971031,49.958642],[19.970986,49.95858],[19.97094,49.958517],[19.970894,49.958455],[19.970849,49.958392],[19.970803,49.95833],[19.970757,49.958268],[19.970711,49.958205],[19.970664,49.958143],[19.970618,49.958081],[19.970571,49.958019],[19.970523,49.957957],[19.970476,49.957895],[19.970428,49.957833],[19.97038,49.957772],[19.970332,49.95771],[19.970283,49.957649],[19.970234,49.957587],[19.970184,49.957526],[19.970134,49.957465],[19.970083,49.957404],[19.970032,49.957344],[19.96998,49.957283],[19.969928,49.957223],[19.969876,49.957163],[19.969822,49.957103],[19.969769,49.957043],[19.969714,49.956984],[19.969659,49.956924],[19.969603,49.956866],[19.969083,49.956359]],[[19.922448,49.939768],[19.922385,49.939729],[19.922309,49.939681],[19.922233,49.939632],[19.922157,49.939583],[19.922082,49.939534],[19.922008,49.939485],[19.921934,49.939435],[19.92186,49.939385],[19.921288,49.938968],[19.920756,49.93853],[19.920264,49.938072],[19.920206,49.938014],[19.920148,49.937956],[19.920092,49.937897],[19.920035,49.937838],[19.91998,49.937779],[19.919925,49.93772],[19.91987,49.937661],[19.919816,49.937601],[19.919763,49.937541],[19.91971,49.937481],[19.919657,49.937421],[19.919605,49.937361],[19.919554,49.9373],[19.919502,49.93724],[19.919451,49.937179],[19.919401,49.937118],[19.919351,49.937057],[19.919301,49.936996],[19.919251,49.936935],[19.919202,49.936874],[19.919153,49.936812],[19.919104,49.936751],[19.919055,49.936689],[19.919007,49.936628],[19.918959,49.936566],[19.91891,49.936505],[19.918862,49.936443],[19.918814,49.936381],[19.918766,49.936319],[19.918719,49.936258],[19.918671,49.936196],[19.91679,49.933768],[19.916742,49.933706],[19.916695,49.933644],[19.916647,49.933582],[19.916599,49.933521],[19.916551,49.933459],[19.916502,49.933397],[19.916454,49.933336],[19.916406,49.933274],[19.916357,49.933213],[19.916308,49.933151],[19.916259,49.93309],[19.91621,49.933029],[19.91616,49.932967],[19.91611,49.932906],[19.91606,49.932845],[19.91601,49.932785],[19.915959,49.932724],[19.915908,49.932663],[19.915856,49.932603],[19.915804,49.932542],[19.915751,49.932482],[19.915698,49.932422],[19.915645,49.932362],[19.915591,49.932303],[19.915536,49.932243],[19.915481,49.932184],[19.915426,49.932125],[19.91537,49.932066],[19.915313,49.932008],[19.915256,49.93195],[19.915197,49.931892],[19.91467,49.931403],[19.914096,49.930936],[19.913729,49.930675]]]}},{"type":"Feature","properties":{"variant":"F","kind":"axisTunnel"},"geometry":{"type":"MultiLineString","coordinates":[[[19.912356,49.830109],[19.912248,49.82951],[19.912165,49.828377],[19.912201,49.827243],[19.912357,49.826113],[19.912631,49.824993],[19.912712,49.824733],[19.912799,49.824475],[19.912892,49.824217],[19.912991,49.823959],[19.913095,49.823703],[19.913205,49.823448],[19.91332,49.823194],[19.913439,49.82294],[19.913563,49.822688],[19.913692,49.822436],[19.913824,49.822186],[19.913961,49.821936],[19.914102,49.821687],[19.914246,49.821439],[19.914393,49.821192],[19.914543,49.820945],[19.914697,49.8207],[19.914853,49.820455],[19.915012,49.82021],[19.915172,49.819967],[19.915336,49.819724],[19.915501,49.819481],[19.915667,49.819239],[19.915836,49.818998],[19.916005,49.818757],[19.916176,49.818516],[19.916348,49.818275],[19.91652,49.818035],[19.916693,49.817795],[19.916867,49.817555],[19.91704,49.817315],[19.921155,49.811629]]]}},{"type":"Feature","properties":{"variant":"F","kind":"tunnel","name":"SOLID"},"geometry":{"type":"Polygon","coordinates":[[[19.913529,49.930793],[19.913941,49.930551],[19.913989,49.930585],[19.91407,49.930643],[19.914503,49.930971],[19.915003,49.931391],[19.91546,49.931822],[19.9158,49.932178],[19.9161,49.932516],[19.916548,49.93306],[19.916927,49.933537],[19.917487,49.934262],[19.918359,49.935388],[19.919107,49.936355],[19.919871,49.937298],[19.920148,49.937609],[19.920434,49.93791],[19.920817,49.938275],[19.921229,49.938628],[19.92166,49.93897],[19.922212,49.939362],[19.922392,49.939481],[19.922643,49.93964],[19.922253,49.939896],[19.921998,49.939735],[19.921807,49.939609],[19.921237,49.939205],[19.92079,49.938849],[19.920363,49.938484],[19.919966,49.938105],[19.919669,49.937793],[19.919383,49.937471],[19.918611,49.936519],[19.91786,49.935548],[19.916989,49.934422],[19.916429,49.933699],[19.916055,49.933226],[19.915612,49.93269],[19.915321,49.932362],[19.914993,49.932019],[19.914551,49.931602],[19.91407,49.931198],[19.913651,49.93088],[19.913576,49.930826],[19.913529,49.930793]]]}},{"type":"Feature","properties":{"variant":"F","kind":"tunnel","name":"SOLID"},"geometry":{"type":"Polygon","coordinates":[[[19.968847,49.956453],[19.969321,49.956263],[19.970275,49.957255],[19.970926,49.958074],[19.97152,49.958891],[19.972406,49.960113],[19.971901,49.960265],[19.971015,49.959044],[19.970426,49.958233],[19.969789,49.957432],[19.968847,49.956453]]]}},{"type":"Feature","properties":{"variant":"F","kind":"tunnel","name":"SOLID"},"geometry":{"type":"Polygon","coordinates":[[[19.912618,49.830093],[19.912065,49.830127],[19.911955,49.82939],[19.911885,49.828241],[19.911904,49.827403],[19.912032,49.826364],[19.912189,49.825588],[19.912388,49.824863],[19.912691,49.823994],[19.913218,49.822797],[19.913624,49.822012],[19.914002,49.821347],[19.914545,49.820465],[19.914856,49.819988],[19.915829,49.818574],[19.916826,49.817188],[19.920903,49.811553],[19.921407,49.811706],[19.917329,49.81734],[19.916335,49.818723],[19.915367,49.820131],[19.91506,49.820602],[19.914521,49.821476],[19.914149,49.822132],[19.913749,49.822903],[19.91323,49.824082],[19.912933,49.824934],[19.912738,49.825643],[19.912585,49.826402],[19.912459,49.82742],[19.912441,49.828237],[19.91251,49.829366],[19.912618,49.830093]]]}},{"type":"Feature","properties":{"variant":"F","kind":"bridge","name":"SOLID"},"geometry":{"type":"Polygon","coordinates":[[[19.86929,49.909681],[19.869137,49.909328],[19.870252,49.909354],[19.870321,49.90971],[19.86929,49.909681]]]}},{"type":"Feature","properties":{"variant":"F","kind":"bridge","name":"SOLID"},"geometry":{"type":"Polygon","coordinates":[[[19.867154,49.907989],[19.867781,49.907922],[19.867438,49.907129],[19.866896,49.907163],[19.867154,49.907989]]]}},{"type":"Feature","properties":{"variant":"F","kind":"bridge","name":"SOLID"},"geometry":{"type":"Polygon","coordinates":[[[19.869165,49.907935],[19.869205,49.907277],[19.87005,49.907361],[19.869984,49.908005],[19.869165,49.907935]]]}},{"type":"Feature","properties":{"variant":"F","kind":"bridge","name":"SOLID"},"geometry":{"type":"Polygon","coordinates":[[[19.870881,49.909594],[19.870755,49.909303],[19.871561,49.909037],[19.871711,49.90928],[19.870881,49.909594]]]}},{"type":"Feature","properties":{"variant":"F","kind":"bridge","name":"SOLID"},"geometry":{"type":"Polygon","coordinates":[[[19.869552,49.905896],[19.870467,49.90597],[19.870511,49.905744],[19.86962,49.905672],[19.869552,49.905896]]]}},{"type":"Feature","properties":{"variant":"F","kind":"bridge","name":"SOLID"},"geometry":{"type":"Polygon","coordinates":[[[19.901258,49.926479],[19.901635,49.926592],[19.902102,49.926007],[19.901723,49.925883],[19.901258,49.926479]]]}},{"type":"Feature","properties":{"variant":"F","kind":"bridge","name":"SOLID"},"geometry":{"type":"Polygon","coordinates":[[[19.912582,49.929681],[19.912254,49.929972],[19.911915,49.929812],[19.911801,49.929754],[19.912146,49.929472],[19.912252,49.929526],[19.912582,49.929681]]]}},{"type":"Feature","properties":{"variant":"F","kind":"bridge","name":"SOLID"},"geometry":{"type":"Polygon","coordinates":[[[19.94125,49.94626],[19.941166,49.946616],[19.940981,49.946597],[19.940294,49.946533],[19.940222,49.946527],[19.940296,49.94617],[19.940371,49.946177],[19.941063,49.946241],[19.94125,49.94626]]]}},{"type":"Feature","properties":{"variant":"F","kind":"bridge","name":"SOLID"},"geometry":{"type":"Polygon","coordinates":[[[19.946512,49.947207],[19.946454,49.947346],[19.946939,49.947411],[19.947194,49.946604],[19.946706,49.946538],[19.946512,49.947207]]]}},{"type":"Feature","properties":{"variant":"F","kind":"bridge","name":"SOLID"},"geometry":{"type":"Polygon","coordinates":[[[19.949575,49.947649],[19.949776,49.947313],[19.951734,49.9478],[19.953011,49.948186],[19.95425,49.94861],[19.95546,49.949083],[19.956957,49.94975],[19.95664,49.950046],[19.955157,49.949385],[19.953975,49.948922],[19.952762,49.948508],[19.951515,49.948131],[19.949575,49.947649]]]}},{"type":"Feature","properties":{"variant":"F","kind":"bridge","name":"SOLID"},"geometry":{"type":"Polygon","coordinates":[[[19.977532,49.964473],[19.977831,49.964169],[19.978219,49.964327],[19.978936,49.964589],[19.978661,49.964902],[19.977925,49.964633],[19.977532,49.964473]]]}},{"type":"Feature","properties":{"variant":"F","kind":"bridge","name":"SOLID"},"geometry":{"type":"Polygon","coordinates":[[[19.994871,49.976737],[19.995404,49.976861],[19.994774,49.977921],[19.994252,49.977794],[19.994871,49.976737]]]}},{"type":"Feature","properties":{"variant":"F","kind":"bridge","name":"SOLID"},"geometry":{"type":"Polygon","coordinates":[[[19.998623,50.001422],[19.998081,50.000687],[19.998469,50.000597],[19.999012,50.001354],[19.998623,50.001422]],[[19.995879,50.001095],[19.995936,50.000473],[19.996328,50.0005],[19.996261,50.001119],[19.995879,50.001095]]]}},{"type":"Feature","properties":{"variant":"F","kind":"bridge","name":"SOLID"},"geometry":{"type":"Polygon","coordinates":[[[19.993537,49.993971],[19.993436,49.993706],[19.994433,49.993552],[19.994532,49.993837],[19.993537,49.993971]]]}},{"type":"Feature","properties":{"variant":"F","kind":"bridge","name":"SOLID"},"geometry":{"type":"Polygon","coordinates":[[[19.990702,49.982849],[19.990791,49.982646],[19.992243,49.982816],[19.992106,49.98313],[19.990649,49.982971],[19.990702,49.982849]]]}},{"type":"Feature","properties":{"variant":"F","kind":"bridge","name":"SOLID"},"geometry":{"type":"Polygon","coordinates":[[[19.891047,49.920219],[19.891119,49.920515],[19.892134,49.920422],[19.892052,49.920136],[19.891047,49.920219]]]}},{"type":"Feature","properties":{"variant":"F","kind":"bridge","name":"SOLID"},"geometry":{"type":"Polygon","coordinates":[[[19.997134,49.999715],[19.996601,49.999821],[19.995822,49.998196],[19.996355,49.99809],[19.997134,49.999715]]]}},{"type":"Feature","properties":{"variant":"F","kind":"bridge","name":"SOLID"},"geometry":{"type":"Polygon","coordinates":[[[19.891671,49.919863],[19.891143,49.919978],[19.891011,49.919723],[19.890761,49.919174],[19.890622,49.918799],[19.890369,49.917882],[19.890277,49.917404],[19.890204,49.916892],[19.890138,49.91629],[19.890107,49.915909],[19.890052,49.915045],[19.889973,49.913695],[19.89053,49.913681],[19.890609,49.915031],[19.890663,49.915892],[19.890694,49.916268],[19.890759,49.916863],[19.890831,49.917365],[19.89092,49.917828],[19.891167,49.918725],[19.8913,49.919082],[19.891542,49.919615],[19.891671,49.919863]]]}},{"type":"Feature","properties":{"variant":"F","kind":"bridge","name":"SOLID"},"geometry":{"type":"Polygon","coordinates":[[[19.878131,49.90745],[19.877949,49.907111],[19.878215,49.907051],[19.878595,49.906963],[19.87934,49.906779],[19.879951,49.906622],[19.880437,49.906497],[19.881067,49.906334],[19.881274,49.906668],[19.880644,49.906831],[19.880158,49.906956],[19.879542,49.907114],[19.878789,49.9073],[19.878401,49.90739],[19.878131,49.90745]]]}},{"type":"Feature","properties":{"variant":"F","kind":"bridge","name":"SOLID"},"geometry":{"type":"Polygon","coordinates":[[[19.87454,49.907571],[19.87459,49.907929],[19.873644,49.907984],[19.872284,49.907971],[19.870841,49.907891],[19.870457,49.907864],[19.870518,49.907506],[19.870895,49.907533],[19.872312,49.907611],[19.873623,49.907624],[19.87454,49.907571]]]}},{"type":"Feature","properties":{"variant":"F","kind":"bridge","name":"SOLID"},"geometry":{"type":"Polygon","coordinates":[[[19.889399,49.905943],[19.889476,49.905803],[19.890272,49.906005],[19.890202,49.906147],[19.889399,49.905943]]]}},{"type":"Feature","properties":{"variant":"F","kind":"bridge","name":"SOLID"},"geometry":{"type":"Polygon","coordinates":[[[19.889545,49.904904],[19.88941,49.904685],[19.890205,49.90447],[19.890357,49.904717],[19.889545,49.904904]]]}},{"type":"Feature","properties":{"variant":"F","kind":"bridge","name":"SOLID"},"geometry":{"type":"Polygon","coordinates":[[[19.984027,49.966234],[19.984197,49.965892],[19.986581,49.966386],[19.987589,49.966615],[19.988724,49.966898],[19.990165,49.967323],[19.991698,49.967913],[19.991412,49.968222],[19.989905,49.967642],[19.988508,49.967229],[19.987396,49.966952],[19.986404,49.966727],[19.984027,49.966234]]]}},{"type":"Feature","properties":{"variant":"F","kind":"bridge","name":"SOLID"},"geometry":{"type":"Polygon","coordinates":[[[19.995567,49.97403],[19.995571,49.973866],[19.996705,49.973888],[19.996697,49.974063],[19.995567,49.97403]]]}},{"type":"Feature","properties":{"variant":"F","kind":"bridge","name":"SOLID"},"geometry":{"type":"Polygon","coordinates":[[[19.889981,49.895277],[19.889434,49.895207],[19.889532,49.894888],[19.889927,49.89393],[19.890121,49.893567],[19.890344,49.893198],[19.890678,49.892715],[19.891296,49.89197],[19.891666,49.891588],[19.892063,49.891219],[19.892468,49.890876],[19.892995,49.890473],[19.893426,49.890175],[19.894289,49.889643],[19.894953,49.889282],[19.895451,49.88903],[19.895794,49.889313],[19.895304,49.889561],[19.894661,49.889911],[19.893822,49.890428],[19.893412,49.890712],[19.892902,49.891101],[19.892513,49.89143],[19.892131,49.891786],[19.891778,49.89215],[19.891178,49.892874],[19.890858,49.893337],[19.890643,49.893691],[19.89046,49.894035],[19.890075,49.894969],[19.889981,49.895277]]]}},{"type":"Feature","properties":{"variant":"F","kind":"bridge","name":"SOLID"},"geometry":{"type":"Polygon","coordinates":[[[19.924283,49.872967],[19.923727,49.872965],[19.923732,49.872399],[19.923718,49.872027],[19.923693,49.871658],[19.924249,49.871642],[19.924274,49.872015],[19.924289,49.872395],[19.924283,49.872967]]]}},{"type":"Feature","properties":{"variant":"F","kind":"bridge","name":"SOLID"},"geometry":{"type":"Polygon","coordinates":[[[19.9266,49.853936],[19.926663,49.853411],[19.927272,49.853394],[19.927115,49.853939],[19.9266,49.853936]]]}},{"type":"Feature","properties":{"variant":"F","kind":"bridge","name":"SOLID"},"geometry":{"type":"Polygon","coordinates":[[[19.927669,49.853856],[19.927459,49.853803],[19.927735,49.85326],[19.927951,49.853301],[19.927669,49.853856]]]}},{"type":"Feature","properties":{"variant":"F","kind":"bridge","name":"SOLID"},"geometry":{"type":"Polygon","coordinates":[[[19.926702,49.852508],[19.92744,49.852778],[19.927582,49.852623],[19.926842,49.852324],[19.926702,49.852508]]]}},{"type":"Feature","properties":{"variant":"F","kind":"bridge","name":"SOLID"},"geometry":{"type":"Polygon","coordinates":[[[19.912356,49.831896],[19.912292,49.83168],[19.91331,49.831807],[19.913306,49.831996],[19.912356,49.831896]]]}},{"type":"Feature","properties":{"variant":"F","kind":"bridge","name":"SOLID"},"geometry":{"type":"Polygon","coordinates":[[[19.912252,49.831459],[19.912256,49.831307],[19.91324,49.831482],[19.913227,49.831632],[19.912252,49.831459]]]}},{"type":"Feature","properties":{"variant":"F","kind":"bridge","name":"SOLID"},"geometry":{"type":"Polygon","coordinates":[[[19.925946,49.847504],[19.9254,49.847435],[19.925632,49.846666],[19.926178,49.846735],[19.925946,49.847504]]]}},{"type":"Feature","properties":{"variant":"F","kind":"bridge","name":"SOLID"},"geometry":{"type":"Polygon","coordinates":[[[19.88877,49.90029],[19.88874,49.900091],[19.890147,49.900069],[19.890142,49.900259],[19.88877,49.90029]]]}},{"type":"Feature","properties":{"variant":"F","kind":"bridge","name":"SOLID"},"geometry":{"type":"Polygon","coordinates":[[[19.917745,49.881149],[19.918023,49.881038],[19.91739,49.880479],[19.917155,49.880591],[19.917745,49.881149]]]}},{"type":"Feature","properties":{"variant":"F","kind":"interchangeName","name":"Węzeł Kraków Blacharska"},"geometry":{"type":"Point","coordinates":[19.999579,49.999603]}},{"type":"Feature","properties":{"variant":"F","kind":"interchangeName","name":"Węzeł Myślenice Północ"},"geometry":{"type":"Point","coordinates":[19.929536,49.854983]}},{"type":"Feature","properties":{"variant":"F","kind":"interchangeName","name":"Węzeł Głogoczów"},"geometry":{"type":"Point","coordinates":[19.880115,49.908631]}},{"type":"Feature","properties":{"variant":"F","kind":"interchangeName","name":"Węzeł Golkowice"},"geometry":{"type":"Point","coordinates":[19.998681,49.972436]}},{"type":"Feature","properties":{"variant":"F","kind":"interchangeName","name":"Węzeł Świątniki Górne"},"geometry":{"type":"Point","coordinates":[19.947309,49.944807]}},{"type":"Feature","properties":{"variant":"F","kind":"extent"},"geometry":{"type":"MultiLineString","coordinates":[[[19.889993,49.920475],[19.893195,49.920194]],[[19.889991,49.920468],[19.893194,49.920187]],[[19.889987,49.920446],[19.893188,49.920165]],[[19.889982,49.920424],[19.893183,49.920143]],[[19.889981,49.920417],[19.893181,49.920136]],[[19.893195,49.920194],[19.893546,49.920156]],[[19.893194,49.920187],[19.893546,49.920149]],[[19.893188,49.920165],[19.893548,49.920126]],[[19.893183,49.920143],[19.89355,49.920103]],[[19.893181,49.920136],[19.893551,49.920096]],[[19.893546,49.920156],[19.894588,49.920342]],[[19.893546,49.920149],[19.89459,49.920336]],[[19.893548,49.920126],[19.8946,49.920314]],[[19.89355,49.920103],[19.894609,49.920293]],[[19.893551,49.920096],[19.894612,49.920286]]]}},{"type":"Feature","properties":{"variant":"F","kind":"extent"},"geometry":{"type":"MultiLineString","coordinates":[[[19.911561,49.929945],[19.908316,49.928759]],[[19.911556,49.929951],[19.908311,49.928765]],[[19.911544,49.929965],[19.908299,49.928779]],[[19.911532,49.929978],[19.908287,49.928793]],[[19.911527,49.929984],[19.908282,49.928798]],[[19.908316,49.928759],[19.908316,49.928759]],[[19.908311,49.928765],[19.908311,49.928765]],[[19.908299,49.928779],[19.908299,49.928779]],[[19.908287,49.928793],[19.908288,49.928793]],[[19.908282,49.928798],[19.908283,49.928799]],[[19.908316,49.928759],[19.90694,49.928294]],[[19.908311,49.928765],[19.906937,49.928301]],[[19.908299,49.928779],[19.90693,49.928316]],[[19.908288,49.928793],[19.906922,49.928331]],[[19.908283,49.928799],[19.906919,49.928338]],[[19.90694,49.928294],[19.906939,49.928294]],[[19.906937,49.928301],[19.906937,49.9283]],[[19.90693,49.928316],[19.90693,49.928316]],[[19.906922,49.928331],[19.906923,49.928331]],[[19.906919,49.928338],[19.90692,49.928338]],[[19.906939,49.928294],[19.906613,49.928192]],[[19.906937,49.9283],[19.906609,49.928198]],[[19.90693,49.928316],[19.906598,49.928212]],[[19.906923,49.928331],[19.906587,49.928227]],[[19.90692,49.928338],[19.906583,49.928233]],[[19.906613,49.928192],[19.906613,49.928192]],[[19.906609,49.928198],[19.906609,49.928198]],[[19.906598,49.928212],[19.906598,49.928212]],[[19.906587,49.928227],[19.906587,49.928227]],[[19.906583,49.928233],[19.906583,49.928233]],[[19.906613,49.928192],[19.906613,49.928192]],[[19.906609,49.928198],[19.906609,49.928198]],[[19.906598,49.928212],[19.906598,49.928212]],[[19.906587,49.928227],[19.906587,49.928227]],[[19.906583,49.928233],[19.906583,49.928233]],[[19.906613,49.928192],[19.906614,49.928192]],[[19.906609,49.928198],[19.906609,49.928198]],[[19.906598,49.928212],[19.906598,49.928212]],[[19.906587,49.928227],[19.906587,49.928226]],[[19.906583,49.928233],[19.906582,49.928232]],[[19.906614,49.928192],[19.905243,49.927709]],[[19.906609,49.928198],[19.905238,49.927715]],[[19.906598,49.928212],[19.905226,49.927729]],[[19.906587,49.928226],[19.905215,49.927743]],[[19.906582,49.928232],[19.90521,49.927749]],[[19.905243,49.927709],[19.905243,49.927709]],[[19.905238,49.927715],[19.905238,49.927715]],[[19.905226,49.927729],[19.905226,49.927729]],[[19.905215,49.927743],[19.905215,49.927743]],[[19.90521,49.927749],[19.90521,49.927749]],[[19.905243,49.927709],[19.905243,49.927709]],[[19.905238,49.927715],[19.905238,49.927715]],[[19.905226,49.927729],[19.905226,49.927729]],[[19.905215,49.927743],[19.905215,49.927743]],[[19.90521,49.927749],[19.90521,49.927749]],[[19.905243,49.927709],[19.905243,49.927709]],[[19.905238,49.927715],[19.905238,49.927715]],[[19.905226,49.927729],[19.905226,49.927729]],[[19.905215,49.927743],[19.905215,49.927743]],[[19.90521,49.927749],[19.90521,49.927749]],[[19.905243,49.927709],[19.905243,49.927709]],[[19.905238,49.927715],[19.905238,49.927715]],[[19.905226,49.927729],[19.905226,49.927729]],[[19.905215,49.927743],[19.905215,49.927743]],[[19.90521,49.927749],[19.90521,49.927749]],[[19.905243,49.927709],[19.905261,49.927715]],[[19.905238,49.927715],[19.90525,49.92772]],[[19.905226,49.927729],[19.905226,49.927729]],[[19.905215,49.927743],[19.905202,49.927738]],[[19.90521,49.927749],[19.905192,49.927742]],[[19.905261,49.927715],[19.905261,49.927714]],[[19.90525,49.92772],[19.90525,49.927719]],[[19.905226,49.927729],[19.905226,49.927729]],[[19.905202,49.927738],[19.905202,49.927739]],[[19.905192,49.927742],[19.905192,49.927744]],[[19.905261,49.927714],[19.904077,49.92737]],[[19.90525,49.927719],[19.904075,49.927377]],[[19.905226,49.927729],[19.904071,49.927393]],[[19.905202,49.927739],[19.904066,49.927409]],[[19.905192,49.927744],[19.904065,49.927416]],[[19.904077,49.92737],[19.897122,49.927655]],[[19.904075,49.927377],[19.897123,49.927661]],[[19.904071,49.927393],[19.897124,49.927677]],[[19.904066,49.927409],[19.897126,49.927693]],[[19.904065,49.927416],[19.897127,49.927699]],[[19.897122,49.927655],[19.897122,49.927655]],[[19.897123,49.927661],[19.897123,49.927661]],[[19.897124,49.927677],[19.897124,49.927677]],[[19.897126,49.927693],[19.897126,49.927693]],[[19.897127,49.927699],[19.897127,49.927699]],[[19.897122,49.927655],[19.897122,49.927655]],[[19.897123,49.927661],[19.897123,49.927661]],[[19.897124,49.927677],[19.897124,49.927677]],[[19.897126,49.927693],[19.897126,49.927693]],[[19.897127,49.927699],[19.897127,49.927699]],[[19.897122,49.927655],[19.897122,49.927655]],[[19.897123,49.927661],[19.897123,49.927661]],[[19.897124,49.927677],[19.897124,49.927677]],[[19.897126,49.927693],[19.897126,49.927693]],[[19.897127,49.927699],[19.897127,49.927699]],[[19.897122,49.927655],[19.897122,49.927655]],[[19.897123,49.927661],[19.897123,49.927661]],[[19.897124,49.927677],[19.897124,49.927677]],[[19.897126,49.927693],[19.897126,49.927693]],[[19.897127,49.927699],[19.897127,49.927699]],[[19.897122,49.927655],[19.897122,49.927655]],[[19.897123,49.927661],[19.897123,49.927661]],[[19.897124,49.927677],[19.897124,49.927677]],[[19.897126,49.927693],[19.897126,49.927693]],[[19.897127,49.927699],[19.897127,49.927699]],[[19.897122,49.927655],[19.897122,49.927655]],[[19.897123,49.927661],[19.897123,49.927661]],[[19.897124,49.927677],[19.897124,49.927677]],[[19.897126,49.927693],[19.897126,49.927693]],[[19.897127,49.927699],[19.897127,49.927699]],[[19.897122,49.927655],[19.897122,49.927655]],[[19.897123,49.927661],[19.897123,49.927661]],[[19.897124,49.927677],[19.897124,49.927677]],[[19.897126,49.927693],[19.897126,49.927693]],[[19.897127,49.927699],[19.897127,49.927699]],[[19.897122,49.927655],[19.897122,49.927655]],[[19.897123,49.927661],[19.897123,49.927661]],[[19.897124,49.927677],[19.897124,49.927677]],[[19.897126,49.927693],[19.897126,49.927693]],[[19.897127,49.927699],[19.897127,49.927699]],[[19.897122,49.927655],[19.897133,49.927654]],[[19.897123,49.927661],[19.897131,49.927661]],[[19.897124,49.927677],[19.897124,49.927677]],[[19.897126,49.927693],[19.897118,49.927693]],[[19.897127,49.927699],[19.897115,49.9277]],[[19.897133,49.927654],[19.893367,49.926122]],[[19.897131,49.927661],[19.893359,49.926127]],[[19.897124,49.927677],[19.893341,49.926138]],[[19.897118,49.927693],[19.893323,49.92615]],[[19.897115,49.9277],[19.893315,49.926154]],[[19.893367,49.926122],[19.891003,49.92353]],[[19.893359,49.926127],[19.890992,49.923531]],[[19.893341,49.926138],[19.890966,49.923534]],[[19.893323,49.92615],[19.890941,49.923537]],[[19.893315,49.926154],[19.89093,49.923539]],[[19.891003,49.92353],[19.891388,49.921862]],[[19.890992,49.923531],[19.891378,49.92186]],[[19.890966,49.923534],[19.891354,49.921856]],[[19.890941,49.923537],[19.891331,49.921852]],[[19.89093,49.923539],[19.891321,49.92185]],[[19.891388,49.921862],[19.891665,49.921406]],[[19.891378,49.92186],[19.891655,49.921404]],[[19.891354,49.921856],[19.891632,49.921398]],[[19.891331,49.921852],[19.89161,49.921392]],[[19.891321,49.92185],[19.8916,49.92139]],[[19.891665,49.921406],[19.891665,49.921406]],[[19.891655,49.921404],[19.891655,49.921404]],[[19.891632,49.921398],[19.891632,49.921398]],[[19.89161,49.921392],[19.89161,49.921392]],[[19.8916,49.92139],[19.8916,49.92139]],[[19.891665,49.921406],[19.891665,49.921406]],[[19.891655,49.921404],[19.891655,49.921404]],[[19.891632,49.921398],[19.891632,49.921398]],[[19.89161,49.921392],[19.89161,49.921392]],[[19.8916,49.92139],[19.8916,49.92139]],[[19.891665,49.921406],[19.891665,49.921406]],[[19.891655,49.921404],[19.891655,49.921404]],[[19.891632,49.921398],[19.891632,49.921398]],[[19.89161,49.921392],[19.89161,49.921392]],[[19.8916,49.92139],[19.8916,49.92139]],[[19.891665,49.921406],[19.891665,49.921406]],[[19.891655,49.921404],[19.891655,49.921404]],[[19.891632,49.921398],[19.891632,49.921398]],[[19.89161,49.921392],[19.89161,49.921392]],[[19.8916,49.92139],[19.8916,49.92139]],[[19.891665,49.921406],[19.891665,49.921406]],[[19.891655,49.921404],[19.891655,49.921404]],[[19.891632,49.921398],[19.891632,49.921398]],[[19.89161,49.921392],[19.89161,49.921392]],[[19.8916,49.92139],[19.8916,49.92139]],[[19.891665,49.921406],[19.891665,49.921406]],[[19.891655,49.921404],[19.891655,49.921404]],[[19.891632,49.921398],[19.891632,49.921398]],[[19.89161,49.921392],[19.89161,49.921392]],[[19.8916,49.92139],[19.8916,49.92139]],[[19.891665,49.921406],[19.891665,49.921406]],[[19.891655,49.921404],[19.891655,49.921404]],[[19.891632,49.921398],[19.891632,49.921398]],[[19.89161,49.921392],[19.89161,49.921392]],[[19.8916,49.92139],[19.8916,49.92139]],[[19.891665,49.921406],[19.891666,49.921405]],[[19.891655,49.921404],[19.891656,49.921403]],[[19.891632,49.921398],[19.891632,49.921398]],[[19.89161,49.921392],[19.891609,49.921393]],[[19.8916,49.92139],[19.891599,49.921391]],[[19.891666,49.921405],[19.891761,49.921177]],[[19.891656,49.921403],[19.89175,49.921177]],[[19.891632,49.921398],[19.891725,49.921177]],[[19.891609,49.921393],[19.8917,49.921177]],[[19.891599,49.921391],[19.891689,49.921177]],[[19.891761,49.921177],[19.89161,49.9208]],[[19.89175,49.921177],[19.891601,49.920803]],[[19.891725,49.921177],[19.891579,49.920811]],[[19.8917,49.921177],[19.891557,49.920818]],[[19.891689,49.921177],[19.891547,49.920822]],[[19.89161,49.9208],[19.890991,49.920351]],[[19.891601,49.920803],[19.890981,49.920354]],[[19.891579,49.920811],[19.890958,49.920361]],[[19.891557,49.920818],[19.890935,49.920368]],[[19.891547,49.920822],[19.890925,49.92037]],[[19.890991,49.920351],[19.890869,49.91973]],[[19.890981,49.920354],[19.890859,49.919732]],[[19.890958,49.920361],[19.890835,49.919735]],[[19.890935,49.920368],[19.890811,49.919738]],[[19.890925,49.92037],[19.890801,49.91974]],[[19.890869,49.91973],[19.890297,49.918502]],[[19.890859,49.919732],[19.890287,49.918503]],[[19.890835,49.919735],[19.890262,49.918506]],[[19.890811,49.919738],[19.890238,49.918509]],[[19.890801,49.91974],[19.890228,49.91851]],[[19.890297,49.918502],[19.890072,49.916825]],[[19.890287,49.918503],[19.890062,49.916826]],[[19.890262,49.918506],[19.890038,49.916827]],[[19.890238,49.918509],[19.890013,49.916829]],[[19.890228,49.91851],[19.890003,49.916829]]]}},{"type":"Feature","properties":{"variant":"F","kind":"extent"},"geometry":{"type":"MultiLineString","coordinates":[[[19.945314,49.949462],[19.944815,49.947947]],[[19.945305,49.949467],[19.944805,49.947951]],[[19.945284,49.949478],[19.944784,49.947961]],[[19.945263,49.94949],[19.944762,49.947971]],[[19.945254,49.949495],[19.944753,49.947975]],[[19.944815,49.947947],[19.94224,49.946971]],[[19.944805,49.947951],[19.942237,49.946978]],[[19.944784,49.947961],[19.942229,49.946993]],[[19.944762,49.947971],[19.94222,49.947008]],[[19.944753,49.947975],[19.942217,49.947015]],[[19.94224,49.946971],[19.940875,49.946847]],[[19.942237,49.946978],[19.940873,49.946853]],[[19.942229,49.946993],[19.940871,49.946869]],[[19.94222,49.947008],[19.940868,49.946885]],[[19.942217,49.947015],[19.940867,49.946891]],[[19.940875,49.946847],[19.939456,49.946764]],[[19.940873,49.946853],[19.939454,49.946771]],[[19.940871,49.946869],[19.939448,49.946786]],[[19.940868,49.946885],[19.939442,49.946802]],[[19.940867,49.946891],[19.939439,49.946808]],[[19.939456,49.946764],[19.938255,49.946437]],[[19.939454,49.946771],[19.938253,49.946444]],[[19.939448,49.946786],[19.938249,49.94646]],[[19.939442,49.946802],[19.938244,49.946476]],[[19.939439,49.946808],[19.938242,49.946483]],[[19.938255,49.946437],[19.936621,49.946471]],[[19.938253,49.946444],[19.93662,49.946478]],[[19.938249,49.94646],[19.936616,49.946494]],[[19.938244,49.946476],[19.936612,49.94651]],[[19.938242,49.946483],[19.936611,49.946516]],[[19.936621,49.946471],[19.935743,49.946277]],[[19.93662,49.946478],[19.93574,49.946284]],[[19.936616,49.946494],[19.935733,49.946299]],[[19.936612,49.94651],[19.935726,49.946314]],[[19.936611,49.946516],[19.935723,49.94632]],[[19.935743,49.946277],[19.934105,49.946003]],[[19.93574,49.946284],[19.9341,49.946009]],[[19.935733,49.946299],[19.934089,49.946023]],[[19.935726,49.946314],[19.934079,49.946038]],[[19.935723,49.94632],[19.934074,49.946044]],[[19.934105,49.946003],[19.933334,49.945638]],[[19.9341,49.946009],[19.933328,49.945643]],[[19.934089,49.946023],[19.933315,49.945657]],[[19.934079,49.946038],[19.933302,49.94567]],[[19.934074,49.946044],[19.933297,49.945676]],[[19.933334,49.945638],[19.932194,49.945253]],[[19.933328,49.945643],[19.93219,49.945259]],[[19.933315,49.945657],[19.93218,49.945273]],[[19.933302,49.94567],[19.932171,49.945288]],[[19.933297,49.945676],[19.932166,49.945294]],[[19.932194,49.945253],[19.931491,49.945091]],[[19.93219,49.945259],[19.931486,49.945097]],[[19.93218,49.945273],[19.931474,49.945111]],[[19.932171,49.945288],[19.931461,49.945125]],[[19.932166,49.945294],[19.931456,49.945131]],[[19.931491,49.945091],[19.93115,49.944901]],[[19.931486,49.945097],[19.931144,49.944906]],[[19.931474,49.945111],[19.931129,49.944919]],[[19.931461,49.945125],[19.931114,49.944932]],[[19.931456,49.945131],[19.931108,49.944937]],[[19.93115,49.944901],[19.930022,49.944441]],[[19.931144,49.944906],[19.930017,49.944447]],[[19.931129,49.944919],[19.930004,49.94446]],[[19.931114,49.944932],[19.929991,49.944473]],[[19.931108,49.944937],[19.929985,49.944479]],[[19.930022,49.944441],[19.929309,49.944143]],[[19.930017,49.944447],[19.929301,49.944148]],[[19.930004,49.94446],[19.929284,49.94416]],[[19.929991,49.944473],[19.929266,49.944171]],[[19.929985,49.944479],[19.929258,49.944176]],[[19.929309,49.944143],[19.929101,49.943924]],[[19.929301,49.944148],[19.929093,49.943928]],[[19.929284,49.94416],[19.929075,49.94394]],[[19.929266,49.944171],[19.929058,49.943951]],[[19.929258,49.944176],[19.92905,49.943956]],[[19.929101,49.943924],[19.928423,49.943653]],[[19.929093,49.943928],[19.928416,49.943658]],[[19.929075,49.94394],[19.9284,49.94367]],[[19.929058,49.943951],[19.928383,49.943682]],[[19.92905,49.943956],[19.928376,49.943687]],[[19.928423,49.943653],[19.928158,49.943426]],[[19.928416,49.943658],[19.92815,49.943431]],[[19.9284,49.94367],[19.928133,49.943442]],[[19.928383,49.943682],[19.928116,49.943454]],[[19.928376,49.943687],[19.928109,49.943459]],[[19.928158,49.943426],[19.927882,49.943302]],[[19.92815,49.943431],[19.927877,49.943308]],[[19.928133,49.943442],[19.927864,49.943321]],[[19.928116,49.943454],[19.92785,49.943335]],[[19.928109,49.943459],[19.927845,49.94334]],[[19.927882,49.943302],[19.927531,49.943168]],[[19.927877,49.943308],[19.927524,49.943173]],[[19.927864,49.943321],[19.927508,49.943185]],[[19.92785,49.943335],[19.927492,49.943197]],[[19.927845,49.94334],[19.927485,49.943203]],[[19.927531,49.943168],[19.926813,49.942622]],[[19.927524,49.943173],[19.926805,49.942626]],[[19.927508,49.943185],[19.926786,49.942636]],[[19.927492,49.943197],[19.926767,49.942646]],[[19.927485,49.943203],[19.926759,49.942651]],[[19.926813,49.942622],[19.92657,49.94243]],[[19.926805,49.942626],[19.926562,49.942434]],[[19.926786,49.942636],[19.926545,49.942445]],[[19.926767,49.942646],[19.926527,49.942457]],[[19.926759,49.942651],[19.92652,49.942461]],[[19.92657,49.94243],[19.926282,49.942277]],[[19.926562,49.942434],[19.926276,49.942282]],[[19.926545,49.942445],[19.92626,49.942294]],[[19.926527,49.942457],[19.926244,49.942306]],[[19.92652,49.942461],[19.926238,49.942311]],[[19.926282,49.942277],[19.926075,49.942163]],[[19.926276,49.942282],[19.926068,49.942168]],[[19.92626,49.942294],[19.926052,49.94218]],[[19.926244,49.942306],[19.926037,49.942192]],[[19.926238,49.942311],[19.92603,49.942197]]]}},{"type":"Feature","properties":{"variant":"F","kind":"extent"},"geometry":{"type":"MultiLineString","coordinates":[[[19.926834,49.941768],[19.927189,49.941999]],[[19.926842,49.941764],[19.927195,49.941994]],[[19.926859,49.941752],[19.927209,49.94198]],[[19.926876,49.941741],[19.927223,49.941967]],[[19.926884,49.941737],[19.927229,49.941961]],[[19.927189,49.941999],[19.928261,49.942294]],[[19.927195,49.941994],[19.928265,49.942288]],[[19.927209,49.94198],[19.928274,49.942273]],[[19.927223,49.941967],[19.928284,49.942259]],[[19.927229,49.941961],[19.928288,49.942252]],[[19.928261,49.942294],[19.929125,49.942521]],[[19.928265,49.942288],[19.929129,49.942515]],[[19.928274,49.942273],[19.929138,49.9425]],[[19.928284,49.942259],[19.929147,49.942486]],[[19.928288,49.942252],[19.929151,49.942479]],[[19.929125,49.942521],[19.929939,49.942743]],[[19.929129,49.942515],[19.929944,49.942737]],[[19.929138,49.9425],[19.929958,49.942724]],[[19.929147,49.942486],[19.929971,49.94271]],[[19.929151,49.942479],[19.929977,49.942704]],[[19.929939,49.942743],[19.930574,49.943112]],[[19.929944,49.942737],[19.930582,49.943107]],[[19.929958,49.942724],[19.930601,49.943097]],[[19.929971,49.94271],[19.930619,49.943086]],[[19.929977,49.942704],[19.930627,49.943082]],[[19.930574,49.943112],[19.930961,49.943463]],[[19.930582,49.943107],[19.93097,49.943459]],[[19.930601,49.943097],[19.930991,49.943451]],[[19.930619,49.943086],[19.931011,49.943442]],[[19.930627,49.943082],[19.93102,49.943439]],[[19.930961,49.943463],[19.931394,49.943936]],[[19.93097,49.943459],[19.931403,49.943932]],[[19.930991,49.943451],[19.931423,49.943923]],[[19.931011,49.943442],[19.931442,49.943913]],[[19.93102,49.943439],[19.931451,49.943909]],[[19.931394,49.943936],[19.931778,49.944228]],[[19.931403,49.943932],[19.931785,49.944223]],[[19.931423,49.943923],[19.931801,49.944211]],[[19.931442,49.943913],[19.931818,49.944199]],[[19.931451,49.943909],[19.931825,49.944194]],[[19.931778,49.944228],[19.932285,49.944441]],[[19.931785,49.944223],[19.932289,49.944434]],[[19.931801,49.944211],[19.932298,49.94442]],[[19.931818,49.944199],[19.932307,49.944405]],[[19.931825,49.944194],[19.932311,49.944398]],[[19.932285,49.944441],[19.932741,49.944496]],[[19.932289,49.944434],[19.932743,49.94449]],[[19.932298,49.94442],[19.932747,49.944474]],[[19.932307,49.944405],[19.932751,49.944459]],[[19.932311,49.944398],[19.932752,49.944452]],[[19.932741,49.944496],[19.933412,49.944562]],[[19.932743,49.94449],[19.933415,49.944556]],[[19.932747,49.944474],[19.933424,49.944541]],[[19.932751,49.944459],[19.933432,49.944526]],[[19.932752,49.944452],[19.933436,49.944519]],[[19.933412,49.944562],[19.933937,49.94477]],[[19.933415,49.944556],[19.933942,49.944764]],[[19.933424,49.944541],[19.933953,49.94475]],[[19.933432,49.944526],[19.933964,49.944736]],[[19.933436,49.944519],[19.933969,49.94473]],[[19.933937,49.94477],[19.934756,49.944997]],[[19.933942,49.944764],[19.93476,49.944991]],[[19.933953,49.94475],[19.93477,49.944976]],[[19.933964,49.944736],[19.93478,49.944962]],[[19.933969,49.94473],[19.934784,49.944956]],[[19.934756,49.944997],[19.936087,49.945382]],[[19.93476,49.944991],[19.93609,49.945376]],[[19.93477,49.944976],[19.936099,49.945361]],[[19.93478,49.944962],[19.936107,49.945346]],[[19.934784,49.944956],[19.93611,49.94534]],[[19.936087,49.945382],[19.936943,49.945534]],[[19.93609,49.945376],[19.936946,49.945527]],[[19.936099,49.945361],[19.936954,49.945512]],[[19.936107,49.945346],[19.936962,49.945497]],[[19.93611,49.94534],[19.936965,49.945491]],[[19.936943,49.945534],[19.938156,49.945836]],[[19.936946,49.945527],[19.93816,49.94583]],[[19.936954,49.945512],[19.938168,49.945815]],[[19.936962,49.945497],[19.938176,49.9458]],[[19.936965,49.945491],[19.938179,49.945794]],[[19.938156,49.945836],[19.938607,49.945927]],[[19.93816,49.94583],[19.938609,49.94592]],[[19.938168,49.945815],[19.938612,49.945905]],[[19.938176,49.9458],[19.938616,49.945889]],[[19.938179,49.945794],[19.938618,49.945882]],[[19.938607,49.945927],[19.939749,49.945937]],[[19.938609,49.94592],[19.93975,49.94593]],[[19.938612,49.945905],[19.93975,49.945915]],[[19.938616,49.945889],[19.939751,49.945899]],[[19.938618,49.945882],[19.939751,49.945892]],[[19.939749,49.945937],[19.941053,49.94597]],[[19.93975,49.94593],[19.941055,49.945963]],[[19.93975,49.945915],[19.941059,49.945947]],[[19.939751,49.945899],[19.941063,49.945932]],[[19.939751,49.945892],[19.941065,49.945925]],[[19.941053,49.94597],[19.942067,49.94617]],[[19.941055,49.945963],[19.942069,49.946163]],[[19.941059,49.945947],[19.942073,49.946148]],[[19.941063,49.945932],[19.942078,49.946132]],[[19.941065,49.945925],[19.94208,49.946125]],[[19.942067,49.94617],[19.94364,49.946253]],[[19.942069,49.946163],[19.943639,49.946246]],[[19.942073,49.946148],[19.943637,49.94623]],[[19.942078,49.946132],[19.943635,49.946214]],[[19.94208,49.946125],[19.943634,49.946207]],[[19.94364,49.946253],[19.945604,49.945925]],[[19.943639,49.946246],[19.945596,49.945919]],[[19.943637,49.94623],[19.945576,49.945906]],[[19.943635,49.946214],[19.945556,49.945893]],[[19.943634,49.946207],[19.945548,49.945888]],[[19.945604,49.945925],[19.945766,49.94555]],[[19.945596,49.945919],[19.945756,49.945548]],[[19.945576,49.945906],[19.945733,49.945544]],[[19.945556,49.945893],[19.945709,49.94554]],[[19.945548,49.945888],[19.945699,49.945538]],[[19.945766,49.94555],[19.945766,49.94555]],[[19.945756,49.945548],[19.945756,49.945548]],[[19.945733,49.945544],[19.945733,49.945544]],[[19.945709,49.94554],[19.945709,49.94554]],[[19.945699,49.945538],[19.945699,49.945538]],[[19.945766,49.94555],[19.945766,49.94555]],[[19.945756,49.945548],[19.945756,49.945548]],[[19.945733,49.945544],[19.945733,49.945544]],[[19.945709,49.94554],[19.945709,49.94554]],[[19.945699,49.945538],[19.945699,49.945538]]]}},{"type":"Feature","properties":{"variant":"F","kind":"extent"},"geometry":{"type":"MultiLineString","coordinates":[[[19.926053,49.942152],[19.925574,49.941992]],[[19.926048,49.942158],[19.925568,49.941997]],[[19.926037,49.942172],[19.925552,49.942009]],[[19.926026,49.942186],[19.925537,49.942022]],[[19.926021,49.942192],[19.92553,49.942027]],[[19.925574,49.941992],[19.925363,49.941827]],[[19.925568,49.941997],[19.925355,49.941831]],[[19.925552,49.942009],[19.925337,49.941842]],[[19.925537,49.942022],[19.925319,49.941853]],[[19.92553,49.942027],[19.925311,49.941857]],[[19.925363,49.941827],[19.924919,49.941547]],[[19.925355,49.941831],[19.924912,49.941552]],[[19.925337,49.941842],[19.924895,49.941563]],[[19.925319,49.941853],[19.924879,49.941575]],[[19.925311,49.941857],[19.924872,49.94158]],[[19.924919,49.941547],[19.924143,49.941095]],[[19.924912,49.941552],[19.924137,49.9411]],[[19.924895,49.941563],[19.924122,49.941112]],[[19.924879,49.941575],[19.924107,49.941125]],[[19.924872,49.94158],[19.9241,49.94113]],[[19.924143,49.941095],[19.92269,49.940452]],[[19.924137,49.9411],[19.922684,49.940458]],[[19.924122,49.941112],[19.92267,49.940471]],[[19.924107,49.941125],[19.922656,49.940484]],[[19.9241,49.94113],[19.92265,49.94049]]]}},{"type":"Feature","properties":{"variant":"F","kind":"extent"},"geometry":{"type":"MultiLineString","coordinates":[[[19.926881,49.941735],[19.926401,49.941477]],[[19.926875,49.94174],[19.926394,49.941482]],[[19.926859,49.941752],[19.926377,49.941493]],[[19.926844,49.941765],[19.92636,49.941504]],[[19.926837,49.94177],[19.926353,49.941509]],[[19.926401,49.941477],[19.926026,49.94121]],[[19.926394,49.941482],[19.926017,49.941214]],[[19.926377,49.941493],[19.925998,49.941224]],[[19.92636,49.941504],[19.925979,49.941234]],[[19.926353,49.941509],[19.925971,49.941238]],[[19.926026,49.94121],[19.925272,49.94052]],[[19.926017,49.941214],[19.925264,49.940524]],[[19.925998,49.941224],[19.925245,49.940535]],[[19.925979,49.941234],[19.925227,49.940545]],[[19.925971,49.941238],[19.925219,49.94055]],[[19.925272,49.94052],[19.922794,49.939027]],[[19.925264,49.940524],[19.922787,49.939032]],[[19.925245,49.940535],[19.92277,49.939044]],[[19.925227,49.940545],[19.922753,49.939055]],[[19.925219,49.94055],[19.922746,49.93906]]]}},{"type":"Feature","properties":{"variant":"F","kind":"extent"},"geometry":{"type":"MultiLineString","coordinates":[[[19.944894,49.944362],[19.945197,49.945011]],[[19.944904,49.94436],[19.945207,49.945009]],[[19.94494,49.944353],[19.945243,49.945002]],[[19.944977,49.944346],[19.94528,49.944995]],[[19.944987,49.944344],[19.94529,49.944993]],[[19.945197,49.945011],[19.945338,49.945314]],[[19.945207,49.945009],[19.945348,49.945312]],[[19.945243,49.945002],[19.945385,49.945304]],[[19.94528,49.944995],[19.945421,49.945297]],[[19.94529,49.944993],[19.945431,49.945295]],[[19.945338,49.945314],[19.945403,49.945439]],[[19.945348,49.945312],[19.945412,49.945435]],[[19.945385,49.945304],[19.945444,49.945419]],[[19.945421,49.945297],[19.945476,49.945404]],[[19.945431,49.945295],[19.945485,49.945399]],[[19.945403,49.945439],[19.945623,49.945537]],[[19.945412,49.945435],[19.945628,49.94553]],[[19.945444,49.945419],[19.945643,49.945507]],[[19.945476,49.945404],[19.945658,49.945484]],[[19.945485,49.945399],[19.945662,49.945477]],[[19.945623,49.945537],[19.945837,49.945564]],[[19.945628,49.94553],[19.945838,49.945557]],[[19.945643,49.945507],[19.945842,49.945532]],[[19.945658,49.945484],[19.945847,49.945508]],[[19.945662,49.945477],[19.945848,49.945501]],[[19.945837,49.945564],[19.946239,49.94557]],[[19.945838,49.945557],[19.946239,49.945563]],[[19.945842,49.945532],[19.946239,49.945539]],[[19.945847,49.945508],[19.946238,49.945514]],[[19.945848,49.945501],[19.946238,49.945507]],[[19.946239,49.94557],[19.946526,49.945558]],[[19.946239,49.945563],[19.946527,49.945552]],[[19.946239,49.945539],[19.946528,49.945527]],[[19.946238,49.945514],[19.946529,49.945502]],[[19.946238,49.945507],[19.94653,49.945495]],[[19.946526,49.945558],[19.946616,49.945566]],[[19.946527,49.945552],[19.946618,49.945559]],[[19.946528,49.945527],[19.946623,49.945535]],[[19.946529,49.945502],[19.946628,49.94551]],[[19.94653,49.945495],[19.946629,49.945504]],[[19.946616,49.945566],[19.946767,49.945579]],[[19.946618,49.945559],[19.94677,49.945572]],[[19.946623,49.945535],[19.946779,49.945548]],[[19.946628,49.94551],[19.946789,49.945524]],[[19.946629,49.945504],[19.946792,49.945518]],[[19.946767,49.945579],[19.946941,49.945623]],[[19.94677,49.945572],[19.946948,49.945617]],[[19.946779,49.945548],[19.946971,49.945596]],[[19.946789,49.945524],[19.946994,49.945576]],[[19.946792,49.945518],[19.947,49.94557]],[[19.946941,49.945623],[19.947077,49.945727]],[[19.946948,49.945617],[19.947086,49.945724]],[[19.946971,49.945596],[19.947119,49.945711]],[[19.946994,49.945576],[19.947153,49.945698]],[[19.947,49.94557],[19.947162,49.945695]],[[19.947077,49.945727],[19.947129,49.945817]],[[19.947086,49.945724],[19.947139,49.945816]],[[19.947119,49.945711],[19.947179,49.945814]],[[19.947153,49.945698],[19.947219,49.945812]],[[19.947162,49.945695],[19.94723,49.945812]],[[19.947129,49.945817],[19.946419,49.94811]],[[19.947139,49.945816],[19.946429,49.948111]],[[19.947179,49.945814],[19.946467,49.948116]],[[19.947219,49.945812],[19.946504,49.948121]],[[19.94723,49.945812],[19.946515,49.948122]],[[19.946419,49.94811],[19.946366,49.94828]],[[19.946429,49.948111],[19.946377,49.948281]],[[19.946467,49.948116],[19.946415,49.948285]],[[19.946504,49.948121],[19.946453,49.948288]],[[19.946515,49.948122],[19.946463,49.948289]],[[19.946366,49.94828],[19.946348,49.948429]],[[19.946377,49.948281],[19.946359,49.948429]],[[19.946415,49.948285],[19.946397,49.948429]],[[19.946453,49.948288],[19.946436,49.948428]],[[19.946463,49.948289],[19.946446,49.948428]],[[19.946348,49.948429],[19.946363,49.94851]],[[19.946359,49.948429],[19.946373,49.948508]],[[19.946397,49.948429],[19.94641,49.948502]],[[19.946436,49.948428],[19.946448,49.948496]],[[19.946446,49.948428],[19.946458,49.948494]],[[19.946363,49.94851],[19.94649,49.948704]],[[19.946373,49.948508],[19.946499,49.948701]],[[19.94641,49.948502],[19.946534,49.94869]],[[19.946448,49.948496],[19.946568,49.948679]],[[19.946458,49.948494],[19.946577,49.948676]],[[19.94649,49.948704],[19.946547,49.948769]],[[19.946499,49.948701],[19.946556,49.948765]],[[19.946534,49.94869],[19.946589,49.948753]],[[19.946568,49.948679],[19.946623,49.948741]],[[19.946577,49.948676],[19.946632,49.948737]],[[19.946547,49.948769],[19.94666,49.948896]],[[19.946556,49.948765],[19.946669,49.948892]],[[19.946589,49.948753],[19.946703,49.94888]],[[19.946623,49.948741],[19.946736,49.948868]],[[19.946632,49.948737],[19.946745,49.948864]],[[19.94666,49.948896],[19.947474,49.949811]],[[19.946669,49.948892],[19.947484,49.949808]],[[19.946703,49.94888],[19.947517,49.949795]],[[19.946736,49.948868],[19.94755,49.949783]],[[19.946745,49.948864],[19.947559,49.94978]]]}},{"type":"Feature","properties":{"variant":"F","kind":"extent"},"geometry":{"type":"MultiLineString","coordinates":[[[19.998707,49.974074],[19.997903,49.973974]],[[19.998705,49.97408],[19.997901,49.973981]],[[19.998698,49.974105],[19.997897,49.974006]],[[19.99869,49.974129],[19.997893,49.97403]],[[19.998688,49.974136],[19.997891,49.974037]],[[19.997903,49.973974],[19.995174,49.973908]],[[19.997901,49.973981],[19.995173,49.973914]],[[19.997897,49.974006],[19.995171,49.973939]],[[19.997893,49.97403],[19.995168,49.973964]],[[19.997891,49.974037],[19.995167,49.97397]],[[19.995174,49.973908],[19.994615,49.973868]],[[19.995173,49.973914],[19.994613,49.973875]],[[19.995171,49.973939],[19.994608,49.973899]],[[19.995168,49.973964],[19.994602,49.973924]],[[19.995167,49.97397],[19.994601,49.97393]],[[19.994615,49.973868],[19.994241,49.973823]],[[19.994613,49.973875],[19.994237,49.973829]],[[19.994608,49.973899],[19.994223,49.973853]],[[19.994602,49.973924],[19.994209,49.973876]],[[19.994601,49.97393],[19.994206,49.973883]],[[19.994241,49.973823],[19.994061,49.973752]],[[19.994237,49.973829],[19.994055,49.973757]],[[19.994223,49.973853],[19.99403,49.973776]],[[19.994209,49.973876],[19.994005,49.973796]],[[19.994206,49.973883],[19.993999,49.973801]],[[19.994061,49.973752],[19.993885,49.973627]],[[19.994055,49.973757],[19.993878,49.973632]],[[19.99403,49.973776],[19.993853,49.973651]],[[19.994005,49.973796],[19.993827,49.973669]],[[19.993999,49.973801],[19.99382,49.973675]],[[19.993885,49.973627],[19.993523,49.973467]],[[19.993878,49.973632],[19.993518,49.973473]],[[19.993853,49.973651],[19.9935,49.973495]],[[19.993827,49.973669],[19.993482,49.973517]],[[19.99382,49.973675],[19.993477,49.973523]],[[19.993523,49.973467],[19.99318,49.973381]],[[19.993518,49.973473],[19.993176,49.973388]],[[19.9935,49.973495],[19.993164,49.973411]],[[19.993482,49.973517],[19.993151,49.973435]],[[19.993477,49.973523],[19.993148,49.973441]],[[19.99318,49.973381],[19.992643,49.973277]],[[19.993176,49.973388],[19.99264,49.973283]],[[19.993164,49.973411],[19.992629,49.973307]],[[19.993151,49.973435],[19.992618,49.973331]],[[19.993148,49.973441],[19.992615,49.973337]]]}},{"type":"Feature","properties":{"variant":"F","kind":"extent"},"geometry":{"type":"MultiLineString","coordinates":[[[19.991652,49.994193],[19.992243,49.994057]],[[19.991649,49.994187],[19.99224,49.994051]],[[19.991636,49.994163],[19.992228,49.994027]],[[19.991623,49.99414],[19.992217,49.994003]],[[19.99162,49.994134],[19.992213,49.993997]],[[19.992243,49.994057],[19.992937,49.993935]],[[19.99224,49.994051],[19.992935,49.993929]],[[19.992228,49.994027],[19.992926,49.993905]],[[19.992217,49.994003],[19.992916,49.993881]],[[19.992213,49.993997],[19.992914,49.993874]],[[19.992937,49.993935],[19.994025,49.993777]],[[19.992935,49.993929],[19.994023,49.993771]],[[19.992926,49.993905],[19.994014,49.993746]],[[19.992916,49.993881],[19.994006,49.993722]],[[19.992914,49.993874],[19.994003,49.993716]],[[19.994025,49.993777],[19.994922,49.993639]],[[19.994023,49.993771],[19.994919,49.993633]],[[19.994014,49.993746],[19.994911,49.993609]],[[19.994006,49.993722],[19.994902,49.993584]],[[19.994003,49.993716],[19.9949,49.993578]],[[19.994922,49.993639],[19.995382,49.993573]],[[19.994919,49.993633],[19.995378,49.993567]],[[19.994911,49.993609],[19.995364,49.993543]],[[19.994902,49.993584],[19.995351,49.99352]],[[19.9949,49.993578],[19.995347,49.993513]],[[19.995382,49.993573],[19.995871,49.993403]],[[19.995378,49.993567],[19.995865,49.993397]],[[19.995364,49.993543],[19.995845,49.993376]],[[19.995351,49.99352],[19.995825,49.993355]],[[19.995347,49.993513],[19.995819,49.993349]],[[19.995871,49.993403],[19.996231,49.993237]],[[19.995865,49.993397],[19.996223,49.993232]],[[19.995845,49.993376],[19.996196,49.993214]],[[19.995825,49.993355],[19.996168,49.993197]],[[19.995819,49.993349],[19.99616,49.993192]],[[19.996231,49.993237],[19.996584,49.992907]],[[19.996223,49.993232],[19.996575,49.992904]],[[19.996196,49.993214],[19.996543,49.992889]],[[19.996168,49.993197],[19.996512,49.992875]],[[19.99616,49.993192],[19.996503,49.992872]]]}},{"type":"Feature","properties":{"variant":"F","kind":"extent"},"geometry":{"type":"MultiLineString","coordinates":[[[19.993161,49.993877],[19.99346,49.994207]],[[19.99317,49.993874],[19.993469,49.994204]],[[19.993191,49.993866],[19.993492,49.994198]],[[19.993212,49.993858],[19.993515,49.994192]],[[19.993221,49.993855],[19.993525,49.99419]],[[19.99346,49.994207],[19.993954,49.995501]],[[19.993469,49.994204],[19.993964,49.995499]],[[19.993492,49.994198],[19.993988,49.995495]],[[19.993515,49.994192],[19.994011,49.99549]],[[19.993525,49.99419],[19.994021,49.995488]],[[19.993954,49.995501],[19.994734,49.996851]],[[19.993964,49.995499],[19.994744,49.996849]],[[19.993988,49.995495],[19.994767,49.996844]],[[19.994011,49.99549],[19.99479,49.996839]],[[19.994021,49.995488],[19.9948,49.996837]],[[19.994734,49.996851],[19.995034,49.997487]],[[19.994744,49.996849],[19.995045,49.997486]],[[19.994767,49.996844],[19.995069,49.997483]],[[19.99479,49.996839],[19.995093,49.99748]],[[19.9948,49.996837],[19.995103,49.997479]],[[19.995034,49.997487],[19.995062,49.997775]],[[19.995045,49.997486],[19.995072,49.997775]],[[19.995069,49.997483],[19.995097,49.997776]],[[19.995093,49.99748],[19.995121,49.997776]],[[19.995103,49.997479],[19.995132,49.997776]],[[19.995062,49.997775],[19.994996,49.998077]],[[19.995072,49.997775],[19.995006,49.998078]],[[19.995097,49.997776],[19.99503,49.99808]],[[19.995121,49.997776],[19.995055,49.998083]],[[19.995132,49.997776],[19.995065,49.998083]],[[19.994996,49.998077],[19.994994,49.998084]],[[19.995006,49.998078],[19.995005,49.998083]],[[19.99503,49.99808],[19.99503,49.99808]],[[19.995055,49.998083],[19.995056,49.998077]],[[19.995065,49.998083],[19.995067,49.998076]],[[19.994994,49.998084],[19.995261,49.99841]],[[19.995005,49.998083],[19.99527,49.998406]],[[19.99503,49.99808],[19.995291,49.998398]],[[19.995056,49.998077],[19.995312,49.99839]],[[19.995067,49.998076],[19.995321,49.998386]],[[19.995261,49.99841],[19.995764,49.998883]],[[19.99527,49.998406],[19.995773,49.998879]],[[19.995291,49.998398],[19.995794,49.998871]],[[19.995312,49.99839],[19.995815,49.998863]],[[19.995321,49.998386],[19.995824,49.99886]],[[19.995764,49.998883],[19.996017,49.999199]],[[19.995773,49.998879],[19.996027,49.999196]],[[19.995794,49.998871],[19.996051,49.999191]],[[19.995815,49.998863],[19.996074,49.999186]],[[19.995824,49.99886],[19.996084,49.999184]],[[19.996017,49.999199],[19.996069,49.999372]],[[19.996027,49.999196],[19.996079,49.999372]],[[19.996051,49.999191],[19.996104,49.999372]],[[19.996074,49.999186],[19.996129,49.999372]],[[19.996084,49.999184],[19.99614,49.999372]],[[19.996069,49.999372],[19.99602,49.999536]],[[19.996079,49.999372],[19.996029,49.999539]],[[19.996104,49.999372],[19.996052,49.999547]],[[19.996129,49.999372],[19.996075,49.999554]],[[19.99614,49.999372],[19.996084,49.999557]],[[19.99602,49.999536],[19.99583,49.999665]],[[19.996029,49.999539],[19.995835,49.999671]],[[19.996052,49.999547],[19.995846,49.999686]],[[19.996075,49.999554],[19.995857,49.999701]],[[19.996084,49.999557],[19.995862,49.999708]],[[19.99583,49.999665],[19.995073,49.999708]],[[19.995835,49.999671],[19.995075,49.999715]],[[19.995846,49.999686],[19.99508,49.999731]],[[19.995857,49.999701],[19.995085,49.999746]],[[19.995862,49.999708],[19.995088,49.999753]],[[19.995073,49.999708],[19.993485,50.00007]],[[19.995075,49.999715],[19.993487,50.000076]],[[19.99508,49.999731],[19.993492,50.000092]],[[19.995085,49.999746],[19.993498,50.000107]],[[19.995088,49.999753],[19.9935,50.000114]],[[19.993485,50.00007],[19.99203,50.000164]],[[19.993487,50.000076],[19.992031,50.00017]],[[19.993492,50.000092],[19.992033,50.000186]],[[19.993498,50.000107],[19.992036,50.000202]],[[19.9935,50.000114],[19.992037,50.000208]]]}},{"type":"Feature","properties":{"variant":"F","kind":"extent"},"geometry":{"type":"MultiLineString","coordinates":[[[19.994696,49.993668],[19.994749,49.99378]],[[19.994706,49.993666],[19.994759,49.993778]],[[19.994729,49.993662],[19.994782,49.993774]],[[19.994753,49.993657],[19.994806,49.993769]],[[19.994763,49.993655],[19.994816,49.993767]],[[19.994749,49.99378],[19.994796,49.993883]],[[19.994759,49.993778],[19.994807,49.993882]],[[19.994782,49.993774],[19.994832,49.993881]],[[19.994806,49.993769],[19.994857,49.993881]],[[19.994816,49.993767],[19.994868,49.99388]],[[19.994796,49.993883],[19.994766,49.99399]],[[19.994807,49.993882],[19.994776,49.993991]],[[19.994832,49.993881],[19.9948,49.993994]],[[19.994857,49.993881],[19.994824,49.993997]],[[19.994868,49.99388],[19.994835,49.993998]],[[19.994766,49.99399],[19.994724,49.994139]],[[19.994776,49.993991],[19.994735,49.994139]],[[19.9948,49.993994],[19.99476,49.994138]],[[19.994824,49.993997],[19.994785,49.994138]],[[19.994835,49.993998],[19.994795,49.994138]],[[19.994724,49.994139],[19.994806,49.994354]],[[19.994735,49.994139],[19.994816,49.994353]],[[19.99476,49.994138],[19.994839,49.994349]],[[19.994785,49.994138],[19.994863,49.994345]],[[19.994795,49.994138],[19.994873,49.994343]],[[19.994806,49.994354],[19.994914,49.99462]],[[19.994816,49.994353],[19.994924,49.994617]],[[19.994839,49.994349],[19.994947,49.994611]],[[19.994863,49.994345],[19.994969,49.994605]],[[19.994873,49.994343],[19.994979,49.994602]],[[19.994914,49.99462],[19.995105,49.994823]],[[19.994924,49.994617],[19.995114,49.99482]],[[19.994947,49.994611],[19.995135,49.994812]],[[19.994969,49.994605],[19.995157,49.994805]],[[19.994979,49.994602],[19.995166,49.994802]],[[19.995105,49.994823],[19.995267,49.995045]],[[19.995114,49.99482],[19.995276,49.995042]],[[19.995135,49.994812],[19.995298,49.995035]],[[19.995157,49.994805],[19.995319,49.995027]],[[19.995166,49.994802],[19.995329,49.995024]],[[19.995267,49.995045],[19.995438,49.995227]],[[19.995276,49.995042],[19.995447,49.995224]],[[19.995298,49.995035],[19.995468,49.995216]],[[19.995319,49.995027],[19.99549,49.995208]],[[19.995329,49.995024],[19.995499,49.995205]],[[19.995438,49.995227],[19.995527,49.995337]],[[19.995447,49.995224],[19.995536,49.995335]],[[19.995468,49.995216],[19.995559,49.995328]],[[19.99549,49.995208],[19.995581,49.995322]],[[19.995499,49.995205],[19.995591,49.99532]],[[19.995527,49.995337],[19.995712,49.995693]],[[19.995536,49.995335],[19.995722,49.995691]],[[19.995559,49.995328],[19.995745,49.995686]],[[19.995581,49.995322],[19.995768,49.995681]],[[19.995591,49.99532],[19.995778,49.995679]],[[19.995712,49.995693],[19.996301,49.996823]],[[19.995722,49.995691],[19.996311,49.996821]],[[19.995745,49.995686],[19.996334,49.996817]],[[19.995768,49.995681],[19.996358,49.996813]],[[19.995778,49.995679],[19.996368,49.996811]],[[19.996301,49.996823],[19.996721,49.998033]],[[19.996311,49.996821],[19.996731,49.998032]],[[19.996334,49.996817],[19.996755,49.998029]],[[19.996358,49.996813],[19.996779,49.998026]],[[19.996368,49.996811],[19.996789,49.998025]],[[19.996721,49.998033],[19.996843,49.998664]],[[19.996731,49.998032],[19.996854,49.998662]],[[19.996755,49.998029],[19.996878,49.998659]],[[19.996779,49.998026],[19.996901,49.998655]],[[19.996789,49.998025],[19.996912,49.998654]],[[19.996843,49.998664],[19.997228,49.999437]],[[19.996854,49.998662],[19.997238,49.999435]],[[19.996878,49.998659],[19.997261,49.999429]],[[19.996901,49.998655],[19.997283,49.999422]],[[19.996912,49.998654],[19.997293,49.99942]],[[19.997228,49.999437],[19.997378,49.999623]],[[19.997238,49.999435],[19.997385,49.999618]],[[19.997261,49.999429],[19.997404,49.999607]],[[19.997283,49.999422],[19.997422,49.999595]],[[19.997293,49.99942],[19.99743,49.99959]],[[19.997378,49.999623],[19.997583,49.999699]],[[19.997385,49.999618],[19.997587,49.999693]],[[19.997404,49.999607],[19.997597,49.999678]],[[19.997422,49.999595],[19.997606,49.999663]],[[19.99743,49.99959],[19.99761,49.999657]],[[19.997583,49.999699],[19.998083,49.999783]],[[19.997587,49.999693],[19.998086,49.999776]],[[19.997597,49.999678],[19.998092,49.999761]],[[19.997606,49.999663],[19.998098,49.999746]],[[19.99761,49.999657],[19.998101,49.999739]]]}},{"type":"Feature","properties":{"variant":"F","kind":"extent"},"geometry":{"type":"MultiLineString","coordinates":[[[19.993225,49.993864],[19.99305,49.992787]],[[19.993215,49.993864],[19.99304,49.992791]],[[19.993191,49.993866],[19.993017,49.992801]],[[19.993166,49.993868],[19.992994,49.992811]],[[19.993156,49.993868],[19.992984,49.992815]],[[19.99305,49.992787],[19.99279,49.9927]],[[19.99304,49.992791],[19.992786,49.992706]],[[19.993017,49.992801],[19.992776,49.99272]],[[19.992994,49.992811],[19.992766,49.992735]],[[19.992984,49.992815],[19.992761,49.992741]],[[19.99279,49.9927],[19.992367,49.992595]],[[19.992786,49.992706],[19.99236,49.9926]],[[19.992776,49.99272],[19.992343,49.992613]],[[19.992766,49.992735],[19.992327,49.992626]],[[19.992761,49.992741],[19.99232,49.992631]],[[19.992367,49.992595],[19.99223,49.992454]],[[19.99236,49.9926],[19.992219,49.992454]],[[19.992343,49.992613],[19.992191,49.992456]],[[19.992327,49.992626],[19.992163,49.992457]],[[19.99232,49.992631],[19.992152,49.992457]],[[19.99223,49.992454],[19.992439,49.992153]],[[19.992219,49.992454],[19.992429,49.992151]],[[19.992191,49.992456],[19.992406,49.992146]],[[19.992163,49.992457],[19.992382,49.992141]],[[19.992152,49.992457],[19.992372,49.992139]],[[19.992439,49.992153],[19.992595,49.991703]],[[19.992429,49.992151],[19.992584,49.991704]],[[19.992406,49.992146],[19.992558,49.991706]],[[19.992382,49.992141],[19.992533,49.991707]],[[19.992372,49.992139],[19.992522,49.991708]],[[19.992595,49.991703],[19.99165,49.990388]],[[19.992584,49.991704],[19.991639,49.99039]],[[19.992558,49.991706],[19.991616,49.990394]],[[19.992533,49.991707],[19.991592,49.990399]],[[19.992522,49.991708],[19.991582,49.9904]],[[19.99165,49.990388],[19.991469,49.989437]],[[19.991639,49.99039],[19.991459,49.989438]],[[19.991616,49.990394],[19.991435,49.989442]],[[19.991592,49.990399],[19.991411,49.989445]],[[19.991582,49.9904],[19.991401,49.989447]],[[19.991469,49.989437],[19.991196,49.988954]],[[19.991459,49.989438],[19.991186,49.988957]],[[19.991435,49.989442],[19.991163,49.988962]],[[19.991411,49.989445],[19.99114,49.988968]],[[19.991401,49.989447],[19.991131,49.98897]],[[19.991196,49.988954],[19.990771,49.988273]],[[19.991186,49.988957],[19.99076,49.988275]],[[19.991163,49.988962],[19.990737,49.988279]],[[19.99114,49.988968],[19.990713,49.988283]],[[19.991131,49.98897],[19.990703,49.988285]],[[19.990771,49.988273],[19.990546,49.987472]],[[19.99076,49.988275],[19.990536,49.987474]],[[19.990737,49.988279],[19.990512,49.987477]],[[19.990713,49.988283],[19.990488,49.987479]],[[19.990703,49.988285],[19.990478,49.987481]],[[19.990546,49.987472],[19.990359,49.986877]],[[19.990536,49.987474],[19.990349,49.986878]],[[19.990512,49.987477],[19.990325,49.986881]],[[19.990488,49.987479],[19.9903,49.986883]],[[19.990478,49.987481],[19.99029,49.986884]],[[19.990359,49.986877],[19.990285,49.986185]],[[19.990349,49.986878],[19.990274,49.986186]],[[19.990325,49.986881],[19.99025,49.986186]],[[19.9903,49.986883],[19.990226,49.986186]],[[19.99029,49.986884],[19.990215,49.986187]],[[19.990285,49.986185],[19.990322,49.98516]],[[19.990274,49.986186],[19.990311,49.98516]],[[19.99025,49.986186],[19.990287,49.98516]],[[19.990226,49.986186],[19.990262,49.98516]],[[19.990215,49.986187],[19.990252,49.985159]],[[19.990322,49.98516],[19.990322,49.98516]],[[19.990311,49.98516],[19.990311,49.98516]],[[19.990287,49.98516],[19.990287,49.98516]],[[19.990262,49.98516],[19.990262,49.98516]],[[19.990252,49.985159],[19.990252,49.985159]],[[19.990322,49.98516],[19.990322,49.98516]],[[19.990311,49.98516],[19.990311,49.98516]],[[19.990287,49.98516],[19.990287,49.98516]],[[19.990262,49.98516],[19.990262,49.98516]],[[19.990252,49.985159],[19.990252,49.985159]],[[19.990322,49.98516],[19.990322,49.985161]],[[19.990311,49.98516],[19.990311,49.98516]],[[19.990287,49.98516],[19.990287,49.98516]],[[19.990262,49.98516],[19.990262,49.985159]],[[19.990252,49.985159],[19.990252,49.985159]],[[19.990322,49.985161],[19.990424,49.983857]],[[19.990311,49.98516],[19.990414,49.983856]],[[19.990287,49.98516],[19.99039,49.983855]],[[19.990262,49.985159],[19.990365,49.983854]],[[19.990252,49.985159],[19.990355,49.983853]],[[19.990424,49.983857],[19.990594,49.982743]],[[19.990414,49.983856],[19.990583,49.982742]],[[19.99039,49.983855],[19.990559,49.982741]],[[19.990365,49.983854],[19.990535,49.982739]],[[19.990355,49.983853],[19.990524,49.982739]]]}},{"type":"Feature","properties":{"variant":"F","kind":"extent"},"geometry":{"type":"MultiLineString","coordinates":[[[19.98947,49.982718],[19.98947,49.982718]],[[19.98947,49.982709],[19.98947,49.982709]],[[19.98947,49.982682],[19.98947,49.982682]],[[19.989471,49.982655],[19.989471,49.982655]],[[19.989471,49.982646],[19.989471,49.982646]],[[19.98947,49.982718],[19.989468,49.982718]],[[19.98947,49.982709],[19.989469,49.982709]],[[19.98947,49.982682],[19.98947,49.982682]],[[19.989471,49.982655],[19.989472,49.982655]],[[19.989471,49.982646],[19.989472,49.982646]],[[19.989468,49.982718],[19.990038,49.982741]],[[19.989469,49.982709],[19.990039,49.982732]],[[19.98947,49.982682],[19.990042,49.982705]],[[19.989472,49.982655],[19.990046,49.982678]],[[19.989472,49.982646],[19.990047,49.982669]],[[19.990038,49.982741],[19.990488,49.982767]],[[19.990039,49.982732],[19.990491,49.982758]],[[19.990042,49.982705],[19.990497,49.982731]],[[19.990046,49.982678],[19.990504,49.982704]],[[19.990047,49.982669],[19.990507,49.982695]],[[19.990488,49.982767],[19.991449,49.98292]],[[19.990491,49.982758],[19.991452,49.982912]],[[19.990497,49.982731],[19.991463,49.982886]],[[19.990504,49.982704],[19.991473,49.982859]],[[19.990507,49.982695],[19.991477,49.982851]],[[19.991449,49.98292],[19.993141,49.983214]],[[19.991452,49.982912],[19.993144,49.983205]],[[19.991463,49.982886],[19.993155,49.983179]],[[19.991473,49.982859],[19.993166,49.983153]],[[19.991477,49.982851],[19.99317,49.983144]],[[19.993141,49.983214],[19.993141,49.983214]],[[19.993144,49.983205],[19.993144,49.983205]],[[19.993155,49.983179],[19.993155,49.983179]],[[19.993166,49.983153],[19.993166,49.983153]],[[19.99317,49.983144],[19.99317,49.983144]],[[19.993141,49.983214],[19.993141,49.983214]],[[19.993144,49.983205],[19.993144,49.983205]],[[19.993155,49.983179],[19.993155,49.983179]],[[19.993166,49.983153],[19.993166,49.983153]],[[19.99317,49.983144],[19.99317,49.983144]],[[19.993141,49.983214],[19.993141,49.983214]],[[19.993144,49.983205],[19.993144,49.983205]],[[19.993155,49.983179],[19.993155,49.983179]],[[19.993166,49.983153],[19.993166,49.983153]],[[19.99317,49.983144],[19.99317,49.983144]],[[19.993141,49.983214],[19.993141,49.983214]],[[19.993144,49.983205],[19.993144,49.983205]],[[19.993155,49.983179],[19.993155,49.983179]],[[19.993166,49.983153],[19.993166,49.983153]],[[19.99317,49.983144],[19.99317,49.983144]]]}},{"type":"Feature","properties":{"variant":"F","kind":"extent"},"geometry":{"type":"MultiLineString","coordinates":[[[19.992351,49.983037],[19.992215,49.983271]],[[19.992361,49.98304],[19.992225,49.983274]],[[19.992383,49.983045],[19.992247,49.98328]],[[19.992406,49.983051],[19.992269,49.983286]],[[19.992416,49.983053],[19.992279,49.983289]],[[19.992215,49.983271],[19.992079,49.983454]],[[19.992225,49.983274],[19.992088,49.983457]],[[19.992247,49.98328],[19.99211,49.983463]],[[19.992269,49.983286],[19.992132,49.98347]],[[19.992279,49.983289],[19.992142,49.983473]],[[19.992079,49.983454],[19.992078,49.983455]],[[19.992088,49.983457],[19.992088,49.983457]],[[19.99211,49.983463],[19.99211,49.983463]],[[19.992132,49.98347],[19.992133,49.98347]],[[19.992142,49.983473],[19.992142,49.983472]],[[19.992078,49.983455],[19.991857,49.98384]],[[19.992088,49.983457],[19.991866,49.983842]],[[19.99211,49.983463],[19.991889,49.983848]],[[19.992133,49.98347],[19.991912,49.983853]],[[19.992142,49.983472],[19.991922,49.983856]],[[19.991857,49.98384],[19.991857,49.983839]],[[19.991866,49.983842],[19.991867,49.983842]],[[19.991889,49.983848],[19.991889,49.983848]],[[19.991912,49.983853],[19.991912,49.983854]],[[19.991922,49.983856],[19.991921,49.983856]],[[19.991857,49.983839],[19.991472,49.98438]],[[19.991867,49.983842],[19.991483,49.984382]],[[19.991889,49.983848],[19.991507,49.984386]],[[19.991912,49.983854],[19.991531,49.98439]],[[19.991921,49.983856],[19.991541,49.984392]],[[19.991472,49.98438],[19.991381,49.985055]],[[19.991483,49.984382],[19.991392,49.985055]],[[19.991507,49.984386],[19.991416,49.985055]],[[19.991531,49.98439],[19.991441,49.985056]],[[19.991541,49.984392],[19.991451,49.985056]],[[19.991381,49.985055],[19.991494,49.985996]],[[19.991392,49.985055],[19.991504,49.985995]],[[19.991416,49.985055],[19.991528,49.985994]],[[19.991441,49.985056],[19.991553,49.985993]],[[19.991451,49.985056],[19.991563,49.985992]],[[19.991494,49.985996],[19.991637,49.987151]],[[19.991504,49.985995],[19.991647,49.98715]],[[19.991528,49.985994],[19.991671,49.987146]],[[19.991553,49.985993],[19.991695,49.987143]],[[19.991563,49.985992],[19.991706,49.987142]],[[19.991637,49.987151],[19.992181,49.988249]],[[19.991647,49.98715],[19.992192,49.988247]],[[19.991671,49.987146],[19.992216,49.988244]],[[19.991695,49.987143],[19.99224,49.988241]],[[19.991706,49.987142],[19.99225,49.988239]],[[19.992181,49.988249],[19.992363,49.989338]],[[19.992192,49.988247],[19.992373,49.989336]],[[19.992216,49.988244],[19.992397,49.989332]],[[19.99224,49.988241],[19.992421,49.989328]],[[19.99225,49.988239],[19.992431,49.989326]],[[19.992363,49.989338],[19.992981,49.99022]],[[19.992373,49.989336],[19.992991,49.990218]],[[19.992397,49.989332],[19.993014,49.990213]],[[19.992421,49.989328],[19.993038,49.990208]],[[19.992431,49.989326],[19.993048,49.990206]],[[19.992981,49.99022],[19.99331,49.99125]],[[19.992991,49.990218],[19.99332,49.991248]],[[19.993014,49.990213],[19.993343,49.991243]],[[19.993038,49.990208],[19.993367,49.991238]],[[19.993048,49.990206],[19.993377,49.991236]],[[19.99331,49.99125],[19.993593,49.991666]],[[19.99332,49.991248],[19.993603,49.991664]],[[19.993343,49.991243],[19.993627,49.991659]],[[19.993367,49.991238],[19.99365,49.991654]],[[19.993377,49.991236],[19.99366,49.991652]],[[19.993593,49.991666],[19.993911,49.992595]],[[19.993603,49.991664],[19.993921,49.992592]],[[19.993627,49.991659],[19.993945,49.992587]],[[19.99365,49.991654],[19.993968,49.992582]],[[19.99366,49.991652],[19.993978,49.99258]],[[19.993911,49.992595],[19.994698,49.993671]],[[19.993921,49.992592],[19.994707,49.993669]],[[19.993945,49.992587],[19.994729,49.993662]],[[19.993968,49.992582],[19.994751,49.993655]],[[19.993978,49.99258],[19.994761,49.993652]]]}},{"type":"Feature","properties":{"variant":"F","kind":"extent"},"geometry":{"type":"MultiLineString","coordinates":[[[19.990591,49.98275],[19.990744,49.982527]],[[19.990581,49.982747],[19.990734,49.982525]],[[19.990559,49.982741],[19.990712,49.982518]],[[19.990537,49.982734],[19.990689,49.982512]],[[19.990527,49.982732],[19.99068,49.982509]],[[19.990744,49.982527],[19.99092,49.982259]],[[19.990734,49.982525],[19.99091,49.982257]],[[19.990712,49.982518],[19.990888,49.98225]],[[19.990689,49.982512],[19.990866,49.982244]],[[19.99068,49.982509],[19.990856,49.982242]],[[19.99092,49.982259],[19.99092,49.982259]],[[19.99091,49.982257],[19.99091,49.982257]],[[19.990888,49.98225],[19.990888,49.98225]],[[19.990866,49.982244],[19.990866,49.982244]],[[19.990856,49.982242],[19.990856,49.982242]],[[19.99092,49.982259],[19.99092,49.982259]],[[19.99091,49.982257],[19.99091,49.982257]],[[19.990888,49.98225],[19.990888,49.98225]],[[19.990866,49.982244],[19.990866,49.982244]],[[19.990856,49.982242],[19.990856,49.982242]],[[19.99092,49.982259],[19.99092,49.982259]],[[19.99091,49.982257],[19.99091,49.982257]],[[19.990888,49.98225],[19.990888,49.98225]],[[19.990866,49.982244],[19.990866,49.982244]],[[19.990856,49.982242],[19.990856,49.982242]],[[19.99092,49.982259],[19.99092,49.982259]],[[19.99091,49.982257],[19.99091,49.982257]],[[19.990888,49.98225],[19.990888,49.98225]],[[19.990866,49.982244],[19.990866,49.982244]],[[19.990856,49.982242],[19.990856,49.982242]],[[19.99092,49.982259],[19.99092,49.982259]],[[19.99091,49.982257],[19.99091,49.982257]],[[19.990888,49.98225],[19.990888,49.98225]],[[19.990866,49.982244],[19.990866,49.982244]],[[19.990856,49.982242],[19.990856,49.982242]],[[19.99092,49.982259],[19.99092,49.982259]],[[19.99091,49.982257],[19.99091,49.982257]],[[19.990888,49.98225],[19.990888,49.98225]],[[19.990866,49.982244],[19.990866,49.982244]],[[19.990856,49.982242],[19.990856,49.982242]],[[19.99092,49.982259],[19.99092,49.982259]],[[19.99091,49.982257],[19.99091,49.982257]],[[19.990888,49.98225],[19.990888,49.98225]],[[19.990866,49.982244],[19.990866,49.982244]],[[19.990856,49.982242],[19.990856,49.982242]],[[19.99092,49.982259],[19.99092,49.98226]],[[19.99091,49.982257],[19.99091,49.982257]],[[19.990888,49.98225],[19.990888,49.98225]],[[19.990866,49.982244],[19.990866,49.982244]],[[19.990856,49.982242],[19.990856,49.982241]],[[19.99092,49.98226],[19.991251,49.98179]],[[19.99091,49.982257],[19.991242,49.981787]],[[19.990888,49.98225],[19.99122,49.981781]],[[19.990866,49.982244],[19.991197,49.981774]],[[19.990856,49.982241],[19.991188,49.981772]],[[19.991251,49.98179],[19.991531,49.981389]],[[19.991242,49.981787],[19.991522,49.981386]],[[19.99122,49.981781],[19.9915,49.981379]],[[19.991197,49.981774],[19.991478,49.981372]],[[19.991188,49.981772],[19.991469,49.981368]],[[19.991531,49.981389],[19.992074,49.980802]],[[19.991522,49.981386],[19.992064,49.9808]],[[19.9915,49.981379],[19.992042,49.980793]],[[19.991478,49.981372],[19.99202,49.980786]],[[19.991469,49.981368],[19.992011,49.980783]],[[19.992074,49.980802],[19.992352,49.980302]],[[19.992064,49.9808],[19.992343,49.9803]],[[19.992042,49.980793],[19.99232,49.980294]],[[19.99202,49.980786],[19.992297,49.980288]],[[19.992011,49.980783],[19.992288,49.980286]],[[19.992352,49.980302],[19.992793,49.979648]],[[19.992343,49.9803],[19.992783,49.979645]],[[19.99232,49.980294],[19.992761,49.979639]],[[19.992297,49.980288],[19.992738,49.979633]],[[19.992288,49.980286],[19.992729,49.97963]],[[19.992793,49.979648],[19.993275,49.978925]],[[19.992783,49.979645],[19.993265,49.978922]],[[19.992761,49.979639],[19.993243,49.978916]],[[19.992738,49.979633],[19.99322,49.97891]],[[19.992729,49.97963],[19.993211,49.978907]],[[19.993275,49.978925],[19.993643,49.978373]],[[19.993265,49.978922],[19.993633,49.978372]],[[19.993243,49.978916],[19.993608,49.978369]],[[19.99322,49.97891],[19.993583,49.978367]],[[19.993211,49.978907],[19.993573,49.978366]],[[19.993643,49.978373],[19.993588,49.977901]],[[19.993633,49.978372],[19.993577,49.9779]],[[19.993608,49.978369],[19.993552,49.977898]],[[19.993583,49.978367],[19.993528,49.977896]],[[19.993573,49.978366],[19.993517,49.977895]],[[19.993588,49.977901],[19.994445,49.976384]],[[19.993577,49.9779],[19.994435,49.976381]],[[19.993552,49.977898],[19.994413,49.976376]],[[19.993528,49.977896],[19.99439,49.97637]],[[19.993517,49.977895],[19.99438,49.976368]],[[19.994445,49.976384],[19.994696,49.975985]],[[19.994435,49.976381],[19.994685,49.975983]],[[19.994413,49.976376],[19.994661,49.97598]],[[19.99439,49.97637],[19.994637,49.975977]],[[19.99438,49.976368],[19.994626,49.975976]],[[19.994696,49.975985],[19.994705,49.975525]],[[19.994685,49.975983],[19.994695,49.975524]],[[19.994661,49.97598],[19.994671,49.975523]],[[19.994637,49.975977],[19.994646,49.975522]],[[19.994626,49.975976],[19.994636,49.975521]],[[19.994705,49.975525],[19.994842,49.975002]],[[19.994695,49.975524],[19.994831,49.975002]],[[19.994671,49.975523],[19.994807,49.975001]],[[19.994646,49.975522],[19.994782,49.975]],[[19.994636,49.975521],[19.994772,49.974999]],[[19.994842,49.975002],[19.994832,49.974818]],[[19.994831,49.975002],[19.994821,49.974817]],[[19.994807,49.975001],[19.994797,49.974814]],[[19.994782,49.975],[19.994772,49.974812]],[[19.994772,49.974999],[19.994762,49.97481]],[[19.994832,49.974818],[19.994833,49.974816]],[[19.994821,49.974817],[19.994822,49.974816]],[[19.994797,49.974814],[19.994797,49.974814]],[[19.994772,49.974812],[19.994771,49.974813]],[[19.994762,49.97481],[19.99476,49.974813]],[[19.994833,49.974816],[19.994787,49.974693]],[[19.994822,49.974816],[19.994777,49.974695]],[[19.994797,49.974814],[19.994754,49.974701]],[[19.994771,49.974813],[19.994731,49.974707]],[[19.99476,49.974813],[19.994721,49.974709]],[[19.994787,49.974693],[19.994697,49.974589]],[[19.994777,49.974695],[19.994688,49.974594]],[[19.994754,49.974701],[19.994669,49.974603]],[[19.994731,49.974707],[19.994649,49.974613]],[[19.994721,49.974709],[19.994641,49.974617]],[[19.994697,49.974589],[19.994616,49.974539]],[[19.994688,49.974594],[19.994609,49.974544]],[[19.994669,49.974603],[19.994593,49.974556]],[[19.994649,49.974613],[19.994578,49.974568]],[[19.994641,49.974617],[19.994571,49.974574]],[[19.994616,49.974539],[19.994303,49.974394]],[[19.994609,49.974544],[19.994297,49.9744]],[[19.994593,49.974556],[19.994283,49.974413]],[[19.994578,49.974568],[19.994269,49.974426]],[[19.994571,49.974574],[19.994264,49.974431]],[[19.994303,49.974394],[19.993922,49.974238]],[[19.994297,49.9744],[19.993917,49.974243]],[[19.994283,49.974413],[19.993904,49.974257]],[[19.994269,49.974426],[19.993891,49.97427]],[[19.994264,49.974431],[19.993885,49.974276]],[[19.993922,49.974238],[19.993571,49.974099]],[[19.993917,49.974243],[19.993564,49.974103]],[[19.993904,49.974257],[19.993547,49.974115]],[[19.993891,49.97427],[19.993529,49.974127]],[[19.993885,49.974276],[19.993522,49.974132]],[[19.993571,49.974099],[19.993286,49.973822]],[[19.993564,49.974103],[19.993276,49.973824]],[[19.993547,49.974115],[19.993252,49.973829]],[[19.993529,49.974127],[19.993229,49.973835]],[[19.993522,49.974132],[19.993218,49.973837]],[[19.993286,49.973822],[19.993271,49.973694]],[[19.993276,49.973824],[19.99326,49.973693]],[[19.993252,49.973829],[19.993235,49.97369]],[[19.993229,49.973835],[19.99321,49.973687]],[[19.993218,49.973837],[19.9932,49.973685]],[[19.993271,49.973694],[19.993429,49.973479]],[[19.99326,49.973693],[19.993419,49.973476]],[[19.993235,49.97369],[19.993397,49.973469]],[[19.99321,49.973687],[19.993375,49.973463]],[[19.9932,49.973685],[19.993366,49.97346]]]}},{"type":"Feature","properties":{"variant":"F","kind":"extent"},"geometry":{"type":"MultiLineString","coordinates":[[[19.946841,49.949031],[19.94728,49.948825]],[[19.946835,49.949026],[19.947266,49.948823]],[[19.946821,49.949013],[19.947234,49.948819]],[[19.946806,49.949],[19.947202,49.948814]],[[19.9468,49.948995],[19.947189,49.948812]],[[19.94728,49.948825],[19.946964,49.94846]],[[19.947266,49.948823],[19.946953,49.948461]],[[19.947234,49.948819],[19.946928,49.948464]],[[19.947202,49.948814],[19.946902,49.948467]],[[19.947189,49.948812],[19.946891,49.948468]],[[19.946964,49.94846],[19.947099,49.94791]],[[19.946953,49.948461],[19.94709,49.947903]],[[19.946928,49.948464],[19.94707,49.947885]],[[19.946902,49.948467],[19.947049,49.947868]],[[19.946891,49.948468],[19.947041,49.947861]],[[19.947099,49.94791],[19.949666,49.948092]],[[19.94709,49.947903],[19.949668,49.948085]],[[19.94707,49.947885],[19.949673,49.948069]],[[19.947049,49.947868],[19.949679,49.948054]],[[19.947041,49.947861],[19.949681,49.948047]],[[19.949666,49.948092],[19.951369,49.948452]],[[19.949668,49.948085],[19.951373,49.948446]],[[19.949673,49.948069],[19.951382,49.948431]],[[19.949679,49.948054],[19.95139,49.948416]],[[19.949681,49.948047],[19.951394,49.94841]],[[19.951369,49.948452],[19.953525,49.949067]],[[19.951373,49.948446],[19.95353,49.949061]],[[19.951382,49.948431],[19.953541,49.949047]],[[19.95139,49.948416],[19.953551,49.949033]],[[19.951394,49.94841],[19.953556,49.949027]],[[19.953525,49.949067],[19.954876,49.949557]],[[19.95353,49.949061],[19.954881,49.949552]],[[19.953541,49.949047],[19.954894,49.949538]],[[19.953551,49.949033],[19.954907,49.949525]],[[19.953556,49.949027],[19.954913,49.949519]],[[19.954876,49.949557],[19.956084,49.950098]],[[19.954881,49.949552],[19.956091,49.950093]],[[19.954894,49.949538],[19.956107,49.950082]],[[19.954907,49.949525],[19.956124,49.95007]],[[19.954913,49.949519],[19.956131,49.950065]],[[19.956084,49.950098],[19.956436,49.95037]],[[19.956091,49.950093],[19.956443,49.950365]],[[19.956107,49.950082],[19.956458,49.950352]],[[19.956124,49.95007],[19.956474,49.950339]],[[19.956131,49.950065],[19.95648,49.950334]],[[19.956436,49.95037],[19.95721,49.950627]],[[19.956443,49.950365],[19.957216,49.950621]],[[19.956458,49.950352],[19.957229,49.950607]],[[19.956474,49.950339],[19.957242,49.950594]],[[19.95648,49.950334],[19.957247,49.950588]],[[19.95721,49.950627],[19.957828,49.950926]],[[19.957216,49.950621],[19.957834,49.950921]],[[19.957229,49.950607],[19.95785,49.950909]],[[19.957242,49.950594],[19.957866,49.950897]],[[19.957247,49.950588],[19.957872,49.950892]],[[19.957828,49.950926],[19.958472,49.951309]],[[19.957834,49.950921],[19.958479,49.951305]],[[19.95785,49.950909],[19.958497,49.951294]],[[19.957866,49.950897],[19.958515,49.951283]],[[19.957872,49.950892],[19.958523,49.951279]],[[19.958472,49.951309],[19.958962,49.951711]],[[19.958479,49.951305],[19.958969,49.951705]],[[19.958497,49.951294],[19.958985,49.951693]],[[19.958515,49.951283],[19.959001,49.951681]],[[19.958523,49.951279],[19.959008,49.951676]],[[19.958962,49.951711],[19.959645,49.951957]],[[19.958969,49.951705],[19.95965,49.951951]],[[19.958985,49.951693],[19.95966,49.951936]],[[19.959001,49.951681],[19.95967,49.951922]],[[19.959008,49.951676],[19.959675,49.951916]],[[19.959645,49.951957],[19.960384,49.952143]],[[19.95965,49.951951],[19.96039,49.952137]],[[19.95966,49.951936],[19.960403,49.952123]],[[19.95967,49.951922],[19.960416,49.95211]],[[19.959675,49.951916],[19.960422,49.952104]],[[19.960384,49.952143],[19.960888,49.952449]],[[19.96039,49.952137],[19.960895,49.952444]],[[19.960403,49.952123],[19.960912,49.952432]],[[19.960416,49.95211],[19.960929,49.952421]],[[19.960422,49.952104],[19.960936,49.952416]],[[19.960888,49.952449],[19.961623,49.952892]],[[19.960895,49.952444],[19.96163,49.952887]],[[19.960912,49.952432],[19.961646,49.952875]],[[19.960929,49.952421],[19.961662,49.952863]],[[19.960936,49.952416],[19.961669,49.952858]],[[19.961623,49.952892],[19.962453,49.953319]],[[19.96163,49.952887],[19.962458,49.953313]],[[19.961646,49.952875],[19.962471,49.953299]],[[19.961662,49.952863],[19.962483,49.953285]],[[19.961669,49.952858],[19.962488,49.953279]],[[19.962453,49.953319],[19.963138,49.953482]],[[19.962458,49.953313],[19.963145,49.953476]],[[19.962471,49.953299],[19.96316,49.953463]],[[19.962483,49.953285],[19.963176,49.95345]],[[19.962488,49.953279],[19.963182,49.953444]],[[19.963138,49.953482],[19.963372,49.95369]],[[19.963145,49.953476],[19.963381,49.953687]],[[19.96316,49.953463],[19.963402,49.953679]],[[19.963176,49.95345],[19.963424,49.953671]],[[19.963182,49.953444],[19.963433,49.953667]],[[19.963372,49.95369],[19.963657,49.954107]],[[19.963381,49.953687],[19.963666,49.954103]],[[19.963402,49.953679],[19.963686,49.954094]],[[19.963424,49.953671],[19.963707,49.954085]],[[19.963433,49.953667],[19.963716,49.954081]],[[19.963657,49.954107],[19.964065,49.954374]],[[19.963666,49.954103],[19.964073,49.954369]],[[19.963686,49.954094],[19.96409,49.954358]],[[19.963707,49.954085],[19.964107,49.954346]],[[19.963716,49.954081],[19.964114,49.954341]],[[19.964065,49.954374],[19.965117,49.955005]],[[19.964073,49.954369],[19.965124,49.955]],[[19.96409,49.954358],[19.96514,49.954988]],[[19.964107,49.954346],[19.965156,49.954976]],[[19.964114,49.954341],[19.965163,49.954971]],[[19.965117,49.955005],[19.966069,49.955519]],[[19.965124,49.955],[19.966074,49.955514]],[[19.96514,49.954988],[19.966088,49.955501]],[[19.965156,49.954976],[19.966101,49.955487]],[[19.965163,49.954971],[19.966107,49.955482]],[[19.966069,49.955519],[19.967185,49.955876]],[[19.966074,49.955514],[19.967191,49.955871]],[[19.966088,49.955501],[19.967204,49.955857]],[[19.966101,49.955487],[19.967217,49.955844]],[[19.966107,49.955482],[19.967222,49.955838]],[[19.967185,49.955876],[19.967741,49.956145]],[[19.967191,49.955871],[19.967749,49.956141]],[[19.967204,49.955857],[19.967768,49.956131]],[[19.967217,49.955844],[19.967787,49.95612]],[[19.967222,49.955838],[19.967795,49.956116]],[[19.967741,49.956145],[19.967985,49.956446]],[[19.967749,49.956141],[19.967994,49.956443]],[[19.967768,49.956131],[19.968016,49.956436]],[[19.967787,49.95612],[19.968038,49.956429]],[[19.967795,49.956116],[19.968047,49.956425]]]}},{"type":"Feature","properties":{"variant":"F","kind":"extent"},"geometry":{"type":"MultiLineString","coordinates":[[[19.94716,49.945721],[19.947609,49.945663]],[[19.947158,49.945714],[19.94761,49.945656]],[[19.947153,49.945698],[19.947612,49.94564]],[[19.947148,49.945683],[19.947614,49.945624]],[[19.947146,49.945676],[19.947615,49.945617]],[[19.947609,49.945663],[19.94782,49.945715]],[[19.94761,49.945656],[19.947824,49.945709]],[[19.947612,49.94564],[19.947832,49.945694]],[[19.947614,49.945624],[19.947841,49.94568]],[[19.947615,49.945617],[19.947845,49.945673]],[[19.94782,49.945715],[19.947811,49.945713]],[[19.947824,49.945709],[19.947817,49.945708]],[[19.947832,49.945694],[19.947832,49.945694]],[[19.947841,49.94568],[19.947848,49.945681]],[[19.947845,49.945673],[19.947854,49.945676]],[[19.947811,49.945713],[19.947959,49.945834]],[[19.947817,49.945708],[19.947968,49.945831]],[[19.947832,49.945694],[19.94799,49.945823]],[[19.947848,49.945681],[19.948011,49.945816]],[[19.947854,49.945676],[19.948021,49.945813]],[[19.947959,49.945834],[19.948041,49.94599]],[[19.947968,49.945831],[19.948051,49.945988]],[[19.94799,49.945823],[19.948074,49.945983]],[[19.948011,49.945816],[19.948097,49.945978]],[[19.948021,49.945813],[19.948107,49.945975]],[[19.948041,49.94599],[19.948043,49.945992]],[[19.948051,49.945988],[19.948052,49.94599]],[[19.948074,49.945983],[19.948075,49.945985]],[[19.948097,49.945978],[19.948098,49.94598]],[[19.948107,49.945975],[19.948108,49.945977]],[[19.948043,49.945992],[19.948289,49.946438]],[[19.948052,49.94599],[19.948298,49.946435]],[[19.948075,49.945985],[19.94832,49.946427]],[[19.948098,49.94598],[19.948341,49.94642]],[[19.948108,49.945977],[19.948351,49.946416]],[[19.948289,49.946438],[19.94855,49.94665]],[[19.948298,49.946435],[19.948557,49.946644]],[[19.94832,49.946427],[19.948572,49.946631]],[[19.948341,49.94642],[19.948587,49.946618]],[[19.948351,49.946416],[19.948594,49.946613]],[[19.94855,49.94665],[19.949747,49.946978]],[[19.948557,49.946644],[19.949751,49.946972]],[[19.948572,49.946631],[19.949761,49.946957]],[[19.948587,49.946618],[19.949771,49.946943]],[[19.948594,49.946613],[19.949775,49.946937]],[[19.949747,49.946978],[19.952709,49.947866]],[[19.949751,49.946972],[19.952714,49.94786]],[[19.949761,49.946957],[19.952726,49.947847]],[[19.949771,49.946943],[19.952737,49.947833]],[[19.949775,49.946937],[19.952742,49.947827]],[[19.952709,49.947866],[19.95532,49.948853]],[[19.952714,49.94786],[19.955326,49.948847]],[[19.952726,49.947847],[19.955339,49.948833]],[[19.952737,49.947833],[19.955351,49.94882]],[[19.952742,49.947827],[19.955357,49.948814]],[[19.95532,49.948853],[19.957096,49.949604]],[[19.955326,49.948847],[19.957102,49.949599]],[[19.955339,49.948833],[19.957116,49.949586]],[[19.955351,49.94882],[19.957131,49.949573]],[[19.955357,49.948814],[19.957137,49.949567]],[[19.957096,49.949604],[19.958195,49.950149]],[[19.957102,49.949599],[19.9582,49.950144]],[[19.957116,49.949586],[19.958213,49.95013]],[[19.957131,49.949573],[19.958227,49.950117]],[[19.957137,49.949567],[19.958232,49.950111]],[[19.958195,49.950149],[19.960085,49.950789]],[[19.9582,49.950144],[19.960091,49.950783]],[[19.958213,49.95013],[19.960103,49.950769]],[[19.958227,49.950117],[19.960116,49.950756]],[[19.958232,49.950111],[19.960121,49.95075]],[[19.960085,49.950789],[19.960959,49.951178]],[[19.960091,49.950783],[19.960965,49.951172]],[[19.960103,49.950769],[19.96098,49.95116]],[[19.960116,49.950756],[19.960996,49.951148]],[[19.960121,49.95075],[19.961002,49.951142]],[[19.960959,49.951178],[19.961859,49.951709]],[[19.960965,49.951172],[19.961866,49.951703]],[[19.96098,49.95116],[19.96188,49.95169]],[[19.960996,49.951148],[19.961894,49.951677]],[[19.961002,49.951142],[19.9619,49.951672]],[[19.961859,49.951709],[19.962959,49.952091]],[[19.961866,49.951703],[19.962966,49.952086]],[[19.96188,49.95169],[19.962981,49.952073]],[[19.961894,49.951677],[19.962996,49.952061]],[[19.9619,49.951672],[19.963002,49.952055]],[[19.962959,49.952091],[19.963397,49.952395]],[[19.962966,49.952086],[19.963405,49.95239]],[[19.962981,49.952073],[19.963423,49.95238]],[[19.962996,49.952061],[19.963441,49.952369]],[[19.963002,49.952055],[19.963449,49.952365]],[[19.963397,49.952395],[19.963949,49.952805]],[[19.963405,49.95239],[19.963957,49.952801]],[[19.963423,49.95238],[19.963974,49.952789]],[[19.963441,49.952369],[19.963991,49.952778]],[[19.963449,49.952365],[19.963998,49.952773]],[[19.963949,49.952805],[19.96461,49.95316]],[[19.963957,49.952801],[19.964617,49.953155]],[[19.963974,49.952789],[19.964633,49.953143]],[[19.963991,49.952778],[19.964649,49.953132]],[[19.963998,49.952773],[19.964656,49.953126]],[[19.96461,49.95316],[19.965259,49.953547]],[[19.964617,49.953155],[19.965265,49.953542]],[[19.964633,49.953143],[19.96528,49.953529]],[[19.964649,49.953132],[19.965294,49.953516]],[[19.964656,49.953126],[19.965301,49.953511]],[[19.965259,49.953547],[19.966151,49.953894]],[[19.965265,49.953542],[19.966158,49.953889]],[[19.96528,49.953529],[19.966174,49.953877]],[[19.965294,49.953516],[19.96619,49.953865]],[[19.965301,49.953511],[19.966197,49.953859]],[[19.966151,49.953894],[19.966663,49.95429]],[[19.966158,49.953889],[19.96667,49.954285]],[[19.966174,49.953877],[19.966687,49.954274]],[[19.96619,49.953865],[19.966704,49.954262]],[[19.966197,49.953859],[19.966712,49.954257]],[[19.966663,49.95429],[19.967594,49.954773]],[[19.96667,49.954285],[19.9676,49.954767]],[[19.966687,49.954274],[19.967614,49.954754]],[[19.966704,49.954262],[19.967628,49.954741]],[[19.966712,49.954257],[19.967634,49.954735]],[[19.967594,49.954773],[19.968078,49.954954]],[[19.9676,49.954767],[19.968085,49.954949]],[[19.967614,49.954754],[19.968102,49.954937]],[[19.967628,49.954741],[19.968119,49.954925]],[[19.967634,49.954735],[19.968126,49.95492]],[[19.968078,49.954954],[19.968376,49.955224]],[[19.968085,49.954949],[19.968384,49.95522]],[[19.968102,49.954937],[19.968402,49.95521]],[[19.968119,49.954925],[19.968421,49.955199]],[[19.968126,49.95492],[19.968429,49.955195]],[[19.968376,49.955224],[19.968891,49.955553]],[[19.968384,49.95522],[19.968898,49.955547]],[[19.968402,49.95521],[19.968913,49.955535]],[[19.968421,49.955199],[19.968928,49.955523]],[[19.968429,49.955195],[19.968935,49.955517]],[[19.968891,49.955553],[19.969437,49.955772]],[[19.968898,49.955547],[19.969444,49.955767]],[[19.968913,49.955535],[19.969461,49.955756]],[[19.968928,49.955523],[19.969479,49.955744]],[[19.968935,49.955517],[19.969486,49.955739]],[[19.969437,49.955772],[19.969722,49.956042]],[[19.969444,49.955767],[19.96973,49.956039]],[[19.969461,49.955756],[19.96975,49.95603]],[[19.969479,49.955744],[19.96977,49.956021]],[[19.969486,49.955739],[19.969779,49.956017]]]}},{"type":"Feature","properties":{"variant":"F","kind":"extent"},"geometry":{"type":"MultiLineString","coordinates":[[[19.972761,49.959635],[19.971353,49.959964]],[[19.972765,49.959641],[19.971357,49.95997]],[[19.972773,49.959656],[19.971365,49.959985]],[[19.972782,49.959671],[19.971373,49.96]],[[19.972785,49.959677],[19.971377,49.960006]],[[19.971353,49.959964],[19.971335,49.959968]],[[19.971357,49.95997],[19.971344,49.959973]],[[19.971365,49.959985],[19.971365,49.959985]],[[19.971373,49.96],[19.971386,49.959997]],[[19.971377,49.960006],[19.971395,49.960002]],[[19.971335,49.959968],[19.971247,49.96026]],[[19.971344,49.959973],[19.971258,49.960258]],[[19.971365,49.959985],[19.971284,49.960255]],[[19.971386,49.959997],[19.971309,49.960252]],[[19.971395,49.960002],[19.97132,49.96025]],[[19.971247,49.96026],[19.971409,49.960417]],[[19.971258,49.960258],[19.971418,49.960414]],[[19.971284,49.960255],[19.971439,49.960405]],[[19.971309,49.960252],[19.971459,49.960397]],[[19.97132,49.96025],[19.971468,49.960393]],[[19.971409,49.960417],[19.972144,49.961241]],[[19.971418,49.960414],[19.972153,49.961238]],[[19.971439,49.960405],[19.972174,49.96123]],[[19.971459,49.960397],[19.972195,49.961222]],[[19.971468,49.960393],[19.972204,49.961219]],[[19.972144,49.961241],[19.972989,49.962169]],[[19.972153,49.961238],[19.972997,49.962165]],[[19.972174,49.96123],[19.973017,49.962156]],[[19.972195,49.961222],[19.973037,49.962147]],[[19.972204,49.961219],[19.973045,49.962143]],[[19.972989,49.962169],[19.974544,49.963305]],[[19.972997,49.962165],[19.974551,49.9633]],[[19.973017,49.962156],[19.974569,49.96329]],[[19.973037,49.962147],[19.974587,49.963279]],[[19.973045,49.962143],[19.974595,49.963275]],[[19.974544,49.963305],[19.975638,49.964051]],[[19.974551,49.9633],[19.975645,49.964046]],[[19.974569,49.96329],[19.975662,49.964034]],[[19.974587,49.963279],[19.975678,49.964023]],[[19.974595,49.963275],[19.975685,49.964018]],[[19.975638,49.964051],[19.977915,49.965217]],[[19.975645,49.964046],[19.97792,49.965211]],[[19.975662,49.964034],[19.97793,49.965196]],[[19.975678,49.964023],[19.977941,49.965182]],[[19.975685,49.964018],[19.977946,49.965176]],[[19.977915,49.965217],[19.979328,49.965432]],[[19.97792,49.965211],[19.979332,49.965426]],[[19.97793,49.965196],[19.979343,49.965411]],[[19.977941,49.965182],[19.979354,49.965397]],[[19.977946,49.965176],[19.979359,49.965391]],[[19.979328,49.965432],[19.980013,49.965789]],[[19.979332,49.965426],[19.980018,49.965783]],[[19.979343,49.965411],[19.980027,49.965768]],[[19.979354,49.965397],[19.980037,49.965753]],[[19.979359,49.965391],[19.980041,49.965746]],[[19.980013,49.965789],[19.981436,49.965893]],[[19.980018,49.965783],[19.981439,49.965887]],[[19.980027,49.965768],[19.981446,49.965871]],[[19.980037,49.965753],[19.981453,49.965856]],[[19.980041,49.965746],[19.981456,49.965849]],[[19.981436,49.965893],[19.982584,49.966262]],[[19.981439,49.965887],[19.982589,49.966256]],[[19.981446,49.965871],[19.982599,49.966242]],[[19.981453,49.965856],[19.98261,49.966228]],[[19.981456,49.965849],[19.982614,49.966222]],[[19.982584,49.966262],[19.984275,49.966747]],[[19.982589,49.966256],[19.984278,49.966741]],[[19.982599,49.966242],[19.984286,49.966726]],[[19.98261,49.966228],[19.984294,49.966711]],[[19.982614,49.966222],[19.984297,49.966705]],[[19.984275,49.966747],[19.987657,49.967291]],[[19.984278,49.966741],[19.98766,49.967284]],[[19.984286,49.966726],[19.987667,49.967269]],[[19.984294,49.966711],[19.987674,49.967254]],[[19.984297,49.966705],[19.987677,49.967247]],[[19.987657,49.967291],[19.988792,49.967544]],[[19.98766,49.967284],[19.988796,49.967538]],[[19.987667,49.967269],[19.988805,49.967523]],[[19.987674,49.967254],[19.988815,49.967509]],[[19.987677,49.967247],[19.988819,49.967503]],[[19.988792,49.967544],[19.99048,49.968074]],[[19.988796,49.967538],[19.990486,49.968068]],[[19.988805,49.967523],[19.9905,49.968055]],[[19.988815,49.967509],[19.990514,49.968042]],[[19.988819,49.967503],[19.99052,49.968037]],[[19.99048,49.968074],[19.991103,49.968471]],[[19.990486,49.968068],[19.99111,49.968465]],[[19.9905,49.968055],[19.991125,49.968453]],[[19.990514,49.968042],[19.99114,49.96844]],[[19.99052,49.968037],[19.991146,49.968435]],[[19.991103,49.968471],[19.99255,49.96902]],[[19.99111,49.968465],[19.992557,49.969015]],[[19.991125,49.968453],[19.992573,49.969002]],[[19.99114,49.96844],[19.992589,49.96899]],[[19.991146,49.968435],[19.992596,49.968985]],[[19.99255,49.96902],[19.99358,49.969822]],[[19.992557,49.969015],[19.993589,49.969818]],[[19.992573,49.969002],[19.993609,49.969809]],[[19.992589,49.96899],[19.993628,49.9698]],[[19.992596,49.968985],[19.993637,49.969796]],[[19.99358,49.969822],[19.994214,49.970477]],[[19.993589,49.969818],[19.994223,49.970474]],[[19.993609,49.969809],[19.994245,49.970467]],[[19.993628,49.9698],[19.994266,49.970459]],[[19.993637,49.969796],[19.994276,49.970456]],[[19.994214,49.970477],[19.994759,49.971276]],[[19.994223,49.970474],[19.99477,49.971276]],[[19.994245,49.970467],[19.994796,49.971275]],[[19.994266,49.970459],[19.994822,49.971274]],[[19.994276,49.970456],[19.994833,49.971274]],[[19.994759,49.971276],[19.994316,49.972177]],[[19.99477,49.971276],[19.994325,49.972179]],[[19.994796,49.971275],[19.994348,49.972185]],[[19.994822,49.971274],[19.994371,49.972191]],[[19.994833,49.971274],[19.994381,49.972193]],[[19.994316,49.972177],[19.994112,49.97245]],[[19.994325,49.972179],[19.994122,49.972453]],[[19.994348,49.972185],[19.994144,49.97246]],[[19.994371,49.972191],[19.994166,49.972466]],[[19.994381,49.972193],[19.994175,49.972469]],[[19.994112,49.97245],[19.993908,49.972735]],[[19.994122,49.972453],[19.993917,49.972738]],[[19.994144,49.97246],[19.993939,49.972745]],[[19.994166,49.972466],[19.993961,49.972751]],[[19.994175,49.972469],[19.993971,49.972754]],[[19.993908,49.972735],[19.993688,49.973024]],[[19.993917,49.972738],[19.993697,49.973027]],[[19.993939,49.972745],[19.993719,49.973035]],[[19.993961,49.972751],[19.99374,49.973042]],[[19.993971,49.972754],[19.99375,49.973045]],[[19.993688,49.973024],[19.99346,49.973303]],[[19.993697,49.973027],[19.993469,49.973306]],[[19.993719,49.973035],[19.993492,49.973312]],[[19.99374,49.973042],[19.993514,49.973319]],[[19.99375,49.973045],[19.993523,49.973322]],[[19.99346,49.973303],[19.993365,49.973461]],[[19.993469,49.973306],[19.993375,49.973464]],[[19.993492,49.973312],[19.993397,49.973469]],[[19.993514,49.973319],[19.99342,49.973475]],[[19.993523,49.973322],[19.99343,49.973478]]]}},{"type":"Feature","properties":{"variant":"F","kind":"extent"},"geometry":{"type":"MultiLineString","coordinates":[[[19.972767,49.956554],[19.972767,49.956554]],[[19.972768,49.956548],[19.972768,49.956548]],[[19.972772,49.956532],[19.972772,49.956532]],[[19.972776,49.956516],[19.972776,49.956516]],[[19.972778,49.95651],[19.972778,49.95651]],[[19.972767,49.956554],[19.972964,49.956574]],[[19.972768,49.956548],[19.972973,49.956568]],[[19.972772,49.956532],[19.972994,49.956555]],[[19.972776,49.956516],[19.973015,49.956541]],[[19.972778,49.95651],[19.973024,49.956535]],[[19.972964,49.956574],[19.973483,49.958448]],[[19.972973,49.956568],[19.973493,49.958449]],[[19.972994,49.956555],[19.973519,49.95845]],[[19.973015,49.956541],[19.973544,49.958452]],[[19.973024,49.956535],[19.973555,49.958453]],[[19.973483,49.958448],[19.972737,49.959655]],[[19.973493,49.958449],[19.972748,49.959655]],[[19.973519,49.95845],[19.972773,49.959656]],[[19.973544,49.958452],[19.972799,49.959657]],[[19.973555,49.958453],[19.97281,49.959657]],[[19.972737,49.959655],[19.972878,49.959985]],[[19.972748,49.959655],[19.972888,49.959983]],[[19.972773,49.959656],[19.972912,49.95998]],[[19.972799,49.959657],[19.972936,49.959976]],[[19.97281,49.959657],[19.972946,49.959975]],[[19.972878,49.959985],[19.973046,49.960641]],[[19.972888,49.959983],[19.973056,49.960639]],[[19.972912,49.95998],[19.973079,49.960633]],[[19.972936,49.959976],[19.973102,49.960627]],[[19.972946,49.959975],[19.973112,49.960624]],[[19.973046,49.960641],[19.973276,49.960869]],[[19.973056,49.960639],[19.973285,49.960865]],[[19.973079,49.960633],[19.973306,49.960857]],[[19.973102,49.960627],[19.973327,49.96085]],[[19.973112,49.960624],[19.973336,49.960846]],[[19.973276,49.960869],[19.973643,49.961333]],[[19.973285,49.960865],[19.973652,49.961329]],[[19.973306,49.960857],[19.973673,49.961321]],[[19.973327,49.96085],[19.973694,49.961312]],[[19.973336,49.960846],[19.973702,49.961308]],[[19.973643,49.961333],[19.974118,49.961722]],[[19.973652,49.961329],[19.974126,49.961717]],[[19.973673,49.961321],[19.974144,49.961707]],[[19.973694,49.961312],[19.974163,49.961697]],[[19.973702,49.961308],[19.974171,49.961692]],[[19.974118,49.961722],[19.974687,49.962109]],[[19.974126,49.961717],[19.974695,49.962105]],[[19.974144,49.961707],[19.974714,49.962095]],[[19.974163,49.961697],[19.974733,49.962085]],[[19.974171,49.961692],[19.974741,49.962081]],[[19.974687,49.962109],[19.975441,49.962802]],[[19.974695,49.962105],[19.975449,49.962797]],[[19.974714,49.962095],[19.975468,49.962787]],[[19.974733,49.962085],[19.975487,49.962778]],[[19.974741,49.962081],[19.975495,49.962773]],[[19.975441,49.962802],[19.97629,49.963392]],[[19.975449,49.962797],[19.976296,49.963387]],[[19.975468,49.962787],[19.976311,49.963374]],[[19.975487,49.962778],[19.976327,49.963361]],[[19.975495,49.962773],[19.976333,49.963356]],[[19.97629,49.963392],[19.977144,49.963687]],[[19.976296,49.963387],[19.977149,49.963681]],[[19.976311,49.963374],[19.977161,49.963667]],[[19.976327,49.963361],[19.977173,49.963654]],[[19.976333,49.963356],[19.977178,49.963648]],[[19.977144,49.963687],[19.978322,49.964141]],[[19.977149,49.963681],[19.978328,49.964135]],[[19.977161,49.963667],[19.978342,49.964122]],[[19.977173,49.963654],[19.978356,49.964109]],[[19.977178,49.963648],[19.978362,49.964104]],[[19.978322,49.964141],[19.979143,49.964558]],[[19.978328,49.964135],[19.979149,49.964553]],[[19.978342,49.964122],[19.979164,49.96454]],[[19.978356,49.964109],[19.97918,49.964528]],[[19.978362,49.964104],[19.979186,49.964523]],[[19.979143,49.964558],[19.979551,49.964767]],[[19.979149,49.964553],[19.979556,49.964761]],[[19.979164,49.96454],[19.979569,49.964747]],[[19.97918,49.964528],[19.979581,49.964734]],[[19.979186,49.964523],[19.979587,49.964728]],[[19.979551,49.964767],[19.98049,49.965029]],[[19.979556,49.964761],[19.980493,49.965023]],[[19.979569,49.964747],[19.980502,49.965008]],[[19.979581,49.964734],[19.98051,49.964993]],[[19.979587,49.964728],[19.980514,49.964987]],[[19.98049,49.965029],[19.983069,49.965519]],[[19.980493,49.965023],[19.983071,49.965512]],[[19.980502,49.965008],[19.983077,49.965497]],[[19.98051,49.964993],[19.983083,49.965482]],[[19.980514,49.964987],[19.983085,49.965475]],[[19.983069,49.965519],[19.985264,49.965779]],[[19.983071,49.965512],[19.985267,49.965773]],[[19.983077,49.965497],[19.985273,49.965757]],[[19.983083,49.965482],[19.98528,49.965742]],[[19.983085,49.965475],[19.985282,49.965736]],[[19.985264,49.965779],[19.987698,49.966322]],[[19.985267,49.965773],[19.987702,49.966316]],[[19.985273,49.965757],[19.98771,49.966301]],[[19.98528,49.965742],[19.987719,49.966286]],[[19.985282,49.965736],[19.987723,49.96628]],[[19.987698,49.966322],[19.988555,49.966554]],[[19.987702,49.966316],[19.988559,49.966548]],[[19.98771,49.966301],[19.988569,49.966533]],[[19.987719,49.966286],[19.988579,49.966519]],[[19.987723,49.96628],[19.988583,49.966513]],[[19.988555,49.966554],[19.989726,49.966895]],[[19.988559,49.966548],[19.989731,49.966889]],[[19.988569,49.966533],[19.989741,49.966874]],[[19.988579,49.966519],[19.989752,49.96686]],[[19.988583,49.966513],[19.989757,49.966854]],[[19.989726,49.966895],[19.990828,49.967263]],[[19.989731,49.966889],[19.990833,49.967257]],[[19.989741,49.966874],[19.990845,49.967243]],[[19.989752,49.96686],[19.990856,49.967229]],[[19.989757,49.966854],[19.990861,49.967223]],[[19.990828,49.967263],[19.991867,49.967634]],[[19.990833,49.967257],[19.991873,49.967629]],[[19.990845,49.967243],[19.991888,49.967616]],[[19.990856,49.967229],[19.991903,49.967603]],[[19.990861,49.967223],[19.991909,49.967598]],[[19.991867,49.967634],[19.992595,49.968093]],[[19.991873,49.967629],[19.992602,49.968088]],[[19.991888,49.967616],[19.992618,49.968076]],[[19.991903,49.967603],[19.992634,49.968064]],[[19.991909,49.967598],[19.992641,49.968059]],[[19.992595,49.968093],[19.99334,49.968479]],[[19.992602,49.968088],[19.993347,49.968474]],[[19.992618,49.968076],[19.993364,49.968462]],[[19.992634,49.968064],[19.99338,49.96845]],[[19.992641,49.968059],[19.993387,49.968446]],[[19.99334,49.968479],[19.993932,49.968881]],[[19.993347,49.968474],[19.99394,49.968876]],[[19.993364,49.968462],[19.993958,49.968866]],[[19.99338,49.96845],[19.993977,49.968856]],[[19.993387,49.968446],[19.993985,49.968851]],[[19.993932,49.968881],[19.994466,49.969323]],[[19.99394,49.968876],[19.994474,49.969318]],[[19.993958,49.968866],[19.994491,49.969307]],[[19.993977,49.968856],[19.994509,49.969297]],[[19.993985,49.968851],[19.994517,49.969292]],[[19.994466,49.969323],[19.995062,49.969664]],[[19.994474,49.969318],[19.99507,49.969659]],[[19.994491,49.969307],[19.995088,49.969648]],[[19.994509,49.969297],[19.995106,49.969637]],[[19.994517,49.969292],[19.995113,49.969633]],[[19.995062,49.969664],[19.995494,49.97002]],[[19.99507,49.969659],[19.995503,49.970016]],[[19.995088,49.969648],[19.995524,49.970008]],[[19.995106,49.969637],[19.995544,49.969999]],[[19.995113,49.969633],[19.995553,49.969996]],[[19.995494,49.97002],[19.995809,49.970419]],[[19.995503,49.970016],[19.995819,49.970416]],[[19.995524,49.970008],[19.99584,49.970409]],[[19.995544,49.969999],[19.995862,49.970402]],[[19.995553,49.969996],[19.995872,49.970399]],[[19.995809,49.970419],[19.996168,49.970881]],[[19.995819,49.970416],[19.996178,49.970878]],[[19.99584,49.970409],[19.9962,49.970871]],[[19.995862,49.970402],[19.996222,49.970864]],[[19.995872,49.970399],[19.996231,49.970861]],[[19.996168,49.970881],[19.996291,49.97105]],[[19.996178,49.970878],[19.996301,49.971049]],[[19.9962,49.970871],[19.996326,49.971045]],[[19.996222,49.970864],[19.99635,49.971042]],[[19.996231,49.970861],[19.996361,49.97104]],[[19.996291,49.97105],[19.996282,49.97146]],[[19.996301,49.971049],[19.996293,49.97146]],[[19.996326,49.971045],[19.996317,49.971459]],[[19.99635,49.971042],[19.996341,49.971458]],[[19.996361,49.97104],[19.996352,49.971458]],[[19.996282,49.97146],[19.996372,49.971885]],[[19.996293,49.97146],[19.996382,49.971882]],[[19.996317,49.971459],[19.996406,49.971878]],[[19.996341,49.971458],[19.996429,49.971873]],[[19.996352,49.971458],[19.996439,49.971871]],[[19.996372,49.971885],[19.997471,49.973216]],[[19.996382,49.971882],[19.99748,49.973212]],[[19.996406,49.971878],[19.997499,49.973202]],[[19.996429,49.971873],[19.997519,49.973192]],[[19.996439,49.971871],[19.997527,49.973188]],[[19.997471,49.973216],[19.997937,49.973491]],[[19.99748,49.973212],[19.997943,49.973486]],[[19.997499,49.973202],[19.997958,49.973473]],[[19.997519,49.973192],[19.997972,49.97346]],[[19.997527,49.973188],[19.997978,49.973454]],[[19.997937,49.973491],[19.998432,49.973664]],[[19.997943,49.973486],[19.99844,49.973659]],[[19.997958,49.973473],[19.998459,49.973648]],[[19.997972,49.97346],[19.998478,49.973637]],[[19.997978,49.973454],[19.998486,49.973632]],[[19.998432,49.973664],[19.998577,49.973878]],[[19.99844,49.973659],[19.998588,49.973877]],[[19.998459,49.973648],[19.998612,49.973874]],[[19.998478,49.973637],[19.998636,49.97387]],[[19.998486,49.973632],[19.998647,49.973869]],[[19.998577,49.973878],[19.998576,49.973952]],[[19.998588,49.973877],[19.998586,49.973953]],[[19.998612,49.973874],[19.99861,49.973956]],[[19.998636,49.97387],[19.998635,49.973959]],[[19.998647,49.973869],[19.998645,49.97396]],[[19.998576,49.973952],[19.998491,49.974094]],[[19.998586,49.973953],[19.998501,49.974097]],[[19.99861,49.973956],[19.998523,49.974102]],[[19.998635,49.973959],[19.998546,49.974108]],[[19.998645,49.97396],[19.998556,49.97411]]]}},{"type":"Feature","properties":{"variant":"F","kind":"extent"},"geometry":{"type":"MultiLineString","coordinates":[[[19.998489,49.974104],[19.998338,49.974564]],[[19.998499,49.974105],[19.998349,49.974565]],[[19.998523,49.974108],[19.998373,49.974566]],[[19.998547,49.974112],[19.998398,49.974567]],[[19.998557,49.974113],[19.998409,49.974568]],[[19.998338,49.974564],[19.998382,49.974952]],[[19.998349,49.974565],[19.998393,49.974956]],[[19.998373,49.974566],[19.998419,49.974964]],[[19.998398,49.974567],[19.998444,49.974972]],[[19.998409,49.974568],[19.998455,49.974975]],[[19.998382,49.974952],[19.99762,49.975278]],[[19.998393,49.974956],[19.997623,49.975285]],[[19.998419,49.974964],[19.997629,49.975301]],[[19.998444,49.974972],[19.997636,49.975317]],[[19.998455,49.974975],[19.997639,49.975324]],[[19.99762,49.975278],[19.99672,49.975256]],[[19.997623,49.975285],[19.996726,49.975263]],[[19.997629,49.975301],[19.99674,49.975279]],[[19.997636,49.975317],[19.996754,49.975295]],[[19.997639,49.975324],[19.99676,49.975302]],[[19.99672,49.975256],[19.996345,49.975693]],[[19.996726,49.975263],[19.996355,49.975696]],[[19.99674,49.975279],[19.996376,49.975704]],[[19.996754,49.975295],[19.996398,49.975711]],[[19.99676,49.975302],[19.996407,49.975714]],[[19.996345,49.975693],[19.99583,49.976388]],[[19.996355,49.975696],[19.99584,49.97639]],[[19.996376,49.975704],[19.995863,49.976394]],[[19.996398,49.975711],[19.995887,49.976399]],[[19.996407,49.975714],[19.995897,49.976401]],[[19.99583,49.976388],[19.995589,49.977522]],[[19.99584,49.97639],[19.995599,49.977525]],[[19.995863,49.976394],[19.995623,49.97753]],[[19.995887,49.976399],[19.995646,49.977536]],[[19.995897,49.976401],[19.995656,49.977538]],[[19.995589,49.977522],[19.994971,49.978156]],[[19.995599,49.977525],[19.99498,49.978159]],[[19.995623,49.97753],[19.995001,49.978167]],[[19.995646,49.977536],[19.995022,49.978175]],[[19.995656,49.977538],[19.995031,49.978178]],[[19.994971,49.978156],[19.994338,49.978885]],[[19.99498,49.978159],[19.994347,49.978887]],[[19.995001,49.978167],[19.99437,49.978894]],[[19.995022,49.978175],[19.994392,49.9789]],[[19.995031,49.978178],[19.994401,49.978903]],[[19.994338,49.978885],[19.99395,49.979578]],[[19.994347,49.978887],[19.993959,49.979581]],[[19.99437,49.978894],[19.993982,49.979586]],[[19.994392,49.9789],[19.994005,49.979592]],[[19.994401,49.978903],[19.994015,49.979594]],[[19.99395,49.979578],[19.993565,49.98019]],[[19.993959,49.979581],[19.993575,49.980193]],[[19.993982,49.979586],[19.993597,49.9802]],[[19.994005,49.979592],[19.993619,49.980207]],[[19.994015,49.979594],[19.993628,49.98021]],[[19.993565,49.98019],[19.992999,49.980865]],[[19.993575,49.980193],[19.993009,49.980867]],[[19.993597,49.9802],[19.993032,49.980873]],[[19.993619,49.980207],[19.993055,49.980879]],[[19.993628,49.98021],[19.993065,49.980881]],[[19.992999,49.980865],[19.992687,49.981677]],[[19.993009,49.980867],[19.992697,49.981678]],[[19.993032,49.980873],[19.992721,49.981681]],[[19.993055,49.980879],[19.992745,49.981684]],[[19.993065,49.980881],[19.992755,49.981685]],[[19.992687,49.981677],[19.992469,49.982707]],[[19.992697,49.981678],[19.99248,49.982709]],[[19.992721,49.981681],[19.992504,49.982711]],[[19.992745,49.981684],[19.992528,49.982714]],[[19.992755,49.981685],[19.992538,49.982715]],[[19.992469,49.982707],[19.992349,49.98304]],[[19.99248,49.982709],[19.99236,49.983042]],[[19.992504,49.982711],[19.992383,49.983045]],[[19.992528,49.982714],[19.992407,49.983049]],[[19.992538,49.982715],[19.992417,49.98305]]]}},{"type":"Feature","properties":{"variant":"F","kind":"extent"},"geometry":{"type":"MultiLineString","coordinates":[[[19.865943,49.907695],[19.867323,49.908114]],[[19.865947,49.907688],[19.867332,49.908109]],[[19.865958,49.907674],[19.867351,49.908097]],[[19.865968,49.90766],[19.86737,49.908086]],[[19.865972,49.907654],[19.867378,49.908081]],[[19.867323,49.908114],[19.867813,49.908916]],[[19.867332,49.908109],[19.867822,49.908912]],[[19.867351,49.908097],[19.867842,49.908903]],[[19.86737,49.908086],[19.867863,49.908894]],[[19.867378,49.908081],[19.867872,49.90889]],[[19.867813,49.908916],[19.869039,49.909682]],[[19.867822,49.908912],[19.869046,49.909677]],[[19.867842,49.908903],[19.869063,49.909665]],[[19.867863,49.908894],[19.86908,49.909654]],[[19.867872,49.90889],[19.869087,49.909649]]]}},{"type":"Feature","properties":{"variant":"F","kind":"extent"},"geometry":{"type":"MultiLineString","coordinates":[[[19.866208,49.906867],[19.869142,49.90571]],[[19.866202,49.906862],[19.869135,49.905705]],[[19.86619,49.906848],[19.869119,49.905693]],[[19.866177,49.906835],[19.869102,49.905681]],[[19.866172,49.906829],[19.869096,49.905676]],[[19.869142,49.90571],[19.87004,49.904993]],[[19.869135,49.905705],[19.870031,49.90499]],[[19.869119,49.905693],[19.870009,49.904983]],[[19.869102,49.905681],[19.869987,49.904975]],[[19.869096,49.905676],[19.869978,49.904972]],[[19.87004,49.904993],[19.870221,49.904613]],[[19.870031,49.90499],[19.870211,49.904611]],[[19.870009,49.904983],[19.870188,49.904607]],[[19.869987,49.904975],[19.870165,49.904602]],[[19.869978,49.904972],[19.870155,49.9046]]]}},{"type":"Feature","properties":{"variant":"F","kind":"extent"},"geometry":{"type":"MultiLineString","coordinates":[[[19.892258,49.920246],[19.89232,49.920617]],[[19.892268,49.920245],[19.89233,49.920614]],[[19.892292,49.920244],[19.892353,49.920608]],[[19.892316,49.920242],[19.892377,49.920602]],[[19.892327,49.920241],[19.892387,49.920599]],[[19.89232,49.920617],[19.894287,49.922275]],[[19.89233,49.920614],[19.894296,49.922271]],[[19.892353,49.920608],[19.894316,49.922262]],[[19.892377,49.920602],[19.894335,49.922253]],[[19.892387,49.920599],[19.894344,49.922249]],[[19.894287,49.922275],[19.895578,49.923474]],[[19.894296,49.922271],[19.895585,49.923469]],[[19.894316,49.922262],[19.895603,49.923457]],[[19.894335,49.922253],[19.89562,49.923445]],[[19.894344,49.922249],[19.895627,49.92344]],[[19.895578,49.923474],[19.896895,49.923991]],[[19.895585,49.923469],[19.896901,49.923986]],[[19.895603,49.923457],[19.896914,49.923973]],[[19.89562,49.923445],[19.896928,49.92396]],[[19.895627,49.92344],[19.896934,49.923954]],[[19.896895,49.923991],[19.898193,49.924657]],[[19.896901,49.923986],[19.898199,49.924651]],[[19.896914,49.923973],[19.898214,49.924639]],[[19.896928,49.92396],[19.898228,49.924626]],[[19.896934,49.923954],[19.898235,49.924621]],[[19.898193,49.924657],[19.899094,49.925075]],[[19.898199,49.924651],[19.899099,49.925069]],[[19.898214,49.924639],[19.89911,49.925055]],[[19.898228,49.924626],[19.899121,49.925041]],[[19.898235,49.924621],[19.899126,49.925035]],[[19.899094,49.925075],[19.901463,49.925563]],[[19.899099,49.925069],[19.901461,49.925556]],[[19.89911,49.925055],[19.901457,49.925538]],[[19.899121,49.925041],[19.901452,49.925521]],[[19.899126,49.925035],[19.90145,49.925513]],[[19.901463,49.925563],[19.902088,49.925259]],[[19.901461,49.925556],[19.902084,49.925252]],[[19.901457,49.925538],[19.902075,49.925237]],[[19.901452,49.925521],[19.902066,49.925222]],[[19.90145,49.925513],[19.902062,49.925216]],[[19.902088,49.925259],[19.904269,49.925089]],[[19.902084,49.925252],[19.904269,49.925082]],[[19.902075,49.925237],[19.904271,49.925066]],[[19.902066,49.925222],[19.904272,49.92505]],[[19.902062,49.925216],[19.904273,49.925043]],[[19.904269,49.925089],[19.905124,49.925226]],[[19.904269,49.925082],[19.90513,49.92522]],[[19.904271,49.925066],[19.905144,49.925206]],[[19.904272,49.92505],[19.905159,49.925192]],[[19.904273,49.925043],[19.905165,49.925186]],[[19.905124,49.925226],[19.906667,49.926602]],[[19.90513,49.92522],[19.906675,49.926598]],[[19.905144,49.925206],[19.906695,49.926588]],[[19.905159,49.925192],[19.906714,49.926579]],[[19.905165,49.925186],[19.906723,49.926575]],[[19.906667,49.926602],[19.908188,49.927906]],[[19.906675,49.926598],[19.908195,49.927901]],[[19.906695,49.926588],[19.90821,49.927888]],[[19.906714,49.926579],[19.908226,49.927875]],[[19.906723,49.926575],[19.908233,49.92787]],[[19.908188,49.927906],[19.911479,49.928882]],[[19.908195,49.927901],[19.911484,49.928876]],[[19.90821,49.927888],[19.911497,49.928863]],[[19.908226,49.927875],[19.911511,49.928849]],[[19.908233,49.92787],[19.911516,49.928844]],[[19.911479,49.928882],[19.912101,49.929213]],[[19.911484,49.928876],[19.912107,49.929208]],[[19.911497,49.928863],[19.912123,49.929196]],[[19.911511,49.928849],[19.912138,49.929184]],[[19.911516,49.928844],[19.912145,49.929178]]]}},{"type":"Feature","properties":{"variant":"F","kind":"extent"},"geometry":{"type":"MultiLineString","coordinates":[[[19.872159,49.91218],[19.871839,49.911785]],[[19.87215,49.912183],[19.871829,49.911788]],[[19.872129,49.912191],[19.871805,49.911792]],[[19.872107,49.912198],[19.871782,49.911797]],[[19.872098,49.912201],[19.871772,49.911799]],[[19.871839,49.911785],[19.871648,49.910834]],[[19.871829,49.911788],[19.871638,49.910835]],[[19.871805,49.911792],[19.871613,49.910836]],[[19.871782,49.911797],[19.871589,49.910837]],[[19.871772,49.911799],[19.871579,49.910838]],[[19.871648,49.910834],[19.871566,49.909811]],[[19.871638,49.910835],[19.871556,49.90981]],[[19.871613,49.910836],[19.871531,49.909806]],[[19.871589,49.910837],[19.871506,49.909802]],[[19.871579,49.910838],[19.871496,49.9098]],[[19.871566,49.909811],[19.872075,49.90924]],[[19.871556,49.90981],[19.872066,49.909236]],[[19.871531,49.909806],[19.872047,49.909226]],[[19.871506,49.909802],[19.872028,49.909216]],[[19.871496,49.9098],[19.87202,49.909211]],[[19.872075,49.90924],[19.872881,49.908782]],[[19.872066,49.909236],[19.872875,49.908776]],[[19.872047,49.909226],[19.87286,49.908764]],[[19.872028,49.909216],[19.872844,49.908751]],[[19.87202,49.909211],[19.872838,49.908746]],[[19.872881,49.908782],[19.87383,49.908353]],[[19.872875,49.908776],[19.873826,49.908347]],[[19.87286,49.908764],[19.873815,49.908333]],[[19.872844,49.908751],[19.873804,49.908319]],[[19.872838,49.908746],[19.873799,49.908313]],[[19.87383,49.908353],[19.875179,49.908072]],[[19.873826,49.908347],[19.875176,49.908066]],[[19.873815,49.908333],[19.87517,49.908051]],[[19.873804,49.908319],[19.875163,49.908035]],[[19.873799,49.908313],[19.875161,49.908029]],[[19.875179,49.908072],[19.876638,49.907868]],[[19.875176,49.908066],[19.876636,49.907862]],[[19.87517,49.908051],[19.876631,49.907846]],[[19.875163,49.908035],[19.876625,49.907831]],[[19.875161,49.908029],[19.876623,49.907824]],[[19.876638,49.907868],[19.877881,49.907685]],[[19.876636,49.907862],[19.877878,49.907678]],[[19.876631,49.907846],[19.877872,49.907663]],[[19.876625,49.907831],[19.877865,49.907648]],[[19.876623,49.907824],[19.877862,49.907641]],[[19.877881,49.907685],[19.879577,49.90731]],[[19.877878,49.907678],[19.879574,49.907304]],[[19.877872,49.907663],[19.879565,49.907289]],[[19.877865,49.907648],[19.879557,49.907274]],[[19.877862,49.907641],[19.879553,49.907268]],[[19.879577,49.90731],[19.881699,49.906766]],[[19.879574,49.907304],[19.881695,49.90676]],[[19.879565,49.907289],[19.881685,49.906746]],[[19.879557,49.907274],[19.881675,49.906731]],[[19.879553,49.907268],[19.881671,49.906725]],[[19.881699,49.906766],[19.882134,49.906633]],[[19.881695,49.90676],[19.882133,49.906626]],[[19.881685,49.906746],[19.882129,49.90661]],[[19.881675,49.906731],[19.882125,49.906594]],[[19.881671,49.906725],[19.882123,49.906587]],[[19.882134,49.906633],[19.883165,49.906714]],[[19.882133,49.906626],[19.883164,49.906707]],[[19.882129,49.90661],[19.883163,49.906691]],[[19.882125,49.906594],[19.883162,49.906675]],[[19.882123,49.906587],[19.883161,49.906668]],[[19.883165,49.906714],[19.885685,49.906349]],[[19.883164,49.906707],[19.885681,49.906343]],[[19.883163,49.906691],[19.885672,49.906328]],[[19.883162,49.906675],[19.885664,49.906313]],[[19.883161,49.906668],[19.88566,49.906307]],[[19.885685,49.906349],[19.886771,49.905948]],[[19.885681,49.906343],[19.886769,49.905941]],[[19.885672,49.906328],[19.886763,49.905925]],[[19.885664,49.906313],[19.886757,49.905909]],[[19.88566,49.906307],[19.886755,49.905902]],[[19.886771,49.905948],[19.887954,49.90599]],[[19.886769,49.905941],[19.887957,49.905984]],[[19.886763,49.905925],[19.887966,49.905968]],[[19.886757,49.905909],[19.887974,49.905953]],[[19.886755,49.905902],[19.887978,49.905946]],[[19.887954,49.90599],[19.888898,49.906435]],[[19.887957,49.905984],[19.888906,49.90643]],[[19.887966,49.905968],[19.888926,49.90642]],[[19.887974,49.905953],[19.888945,49.90641]],[[19.887978,49.905946],[19.888953,49.906405]],[[19.888898,49.906435],[19.889357,49.907039]],[[19.888906,49.90643],[19.889369,49.907039]],[[19.888926,49.90642],[19.889396,49.907038]],[[19.888945,49.90641],[19.889422,49.907038]],[[19.888953,49.906405],[19.889434,49.907037]],[[19.889357,49.907039],[19.889038,49.907516]],[[19.889369,49.907039],[19.889049,49.907517]],[[19.889396,49.907038],[19.889075,49.907518]],[[19.889422,49.907038],[19.8891,49.90752]],[[19.889434,49.907037],[19.889111,49.90752]],[[19.889038,49.907516],[19.889224,49.907996]],[[19.889049,49.907517],[19.889234,49.907994]],[[19.889075,49.907518],[19.889258,49.90799]],[[19.8891,49.90752],[19.889281,49.907986]],[[19.889111,49.90752],[19.889291,49.907984]],[[19.889224,49.907996],[19.88941,49.908403]],[[19.889234,49.907994],[19.889421,49.908402]],[[19.889258,49.90799],[19.889445,49.9084]],[[19.889281,49.907986],[19.88947,49.908398]],[[19.889291,49.907984],[19.88948,49.908397]],[[19.88941,49.908403],[19.889375,49.909146]],[[19.889421,49.908402],[19.889385,49.909146]],[[19.889445,49.9084],[19.88941,49.909146]],[[19.88947,49.908398],[19.889434,49.909145]],[[19.88948,49.908397],[19.889445,49.909145]],[[19.889375,49.909146],[19.889461,49.909925]],[[19.889385,49.909146],[19.889472,49.909925]],[[19.88941,49.909146],[19.889496,49.909925]],[[19.889434,49.909145],[19.889521,49.909926]],[[19.889445,49.909145],[19.889531,49.909926]],[[19.889461,49.909925],[19.889378,49.910368]],[[19.889472,49.909925],[19.889388,49.910368]],[[19.889496,49.909925],[19.889413,49.910369]],[[19.889521,49.909926],[19.889437,49.910369]],[[19.889531,49.909926],[19.889448,49.910369]],[[19.889378,49.910368],[19.889479,49.911211]],[[19.889388,49.910368],[19.889489,49.911211]],[[19.889413,49.910369],[19.889514,49.911212]],[[19.889437,49.910369],[19.889538,49.911212]],[[19.889448,49.910369],[19.889549,49.911212]],[[19.889479,49.911211],[19.889297,49.91196]],[[19.889489,49.911211],[19.889307,49.911961]],[[19.889514,49.911212],[19.889332,49.911962]],[[19.889538,49.911212],[19.889356,49.911964]],[[19.889549,49.911212],[19.889367,49.911964]],[[19.889297,49.91196],[19.889279,49.912739]],[[19.889307,49.911961],[19.88929,49.912738]],[[19.889332,49.911962],[19.889314,49.912735]],[[19.889356,49.911964],[19.889339,49.912732]],[[19.889367,49.911964],[19.889349,49.912731]],[[19.889279,49.912739],[19.889723,49.91346]],[[19.88929,49.912738],[19.889733,49.913459]],[[19.889314,49.912735],[19.889757,49.913456]],[[19.889339,49.912732],[19.889781,49.913452]],[[19.889349,49.912731],[19.889792,49.913451]],[[19.889723,49.91346],[19.889799,49.914512]],[[19.889733,49.913459],[19.889809,49.914512]],[[19.889757,49.913456],[19.889834,49.914511]],[[19.889781,49.913452],[19.889858,49.91451]],[[19.889792,49.913451],[19.889868,49.91451]],[[19.889799,49.914512],[19.889929,49.916]],[[19.889809,49.914512],[19.88994,49.916]],[[19.889834,49.914511],[19.889964,49.915999]],[[19.889858,49.91451],[19.889988,49.915998]],[[19.889868,49.91451],[19.889999,49.915997]],[[19.889929,49.916],[19.890003,49.916828]],[[19.88994,49.916],[19.890013,49.916828]],[[19.889964,49.915999],[19.890038,49.916827]],[[19.889988,49.915998],[19.890062,49.916826]],[[19.889999,49.915997],[19.890072,49.916826]]]}},{"type":"Feature","properties":{"variant":"F","kind":"extent"},"geometry":{"type":"MultiLineString","coordinates":[[[19.892285,49.902926],[19.891128,49.904174]],[[19.892294,49.90293],[19.89114,49.904174]],[[19.892324,49.902941],[19.89118,49.904175]],[[19.892354,49.902953],[19.89122,49.904175]],[[19.892362,49.902956],[19.891232,49.904176]],[[19.891128,49.904174],[19.891979,49.905186]],[[19.89114,49.904174],[19.891989,49.905183]],[[19.89118,49.904175],[19.892021,49.905175]],[[19.89122,49.904175],[19.892054,49.905166]],[[19.891232,49.904176],[19.892064,49.905164]],[[19.891979,49.905186],[19.892184,49.905687]],[[19.891989,49.905183],[19.892195,49.905687]],[[19.892021,49.905175],[19.892231,49.905689]],[[19.892054,49.905166],[19.892268,49.905691]],[[19.892064,49.905164],[19.892279,49.905691]],[[19.892184,49.905687],[19.891991,49.905975]],[[19.892195,49.905687],[19.891999,49.905979]],[[19.892231,49.905689],[19.892027,49.905994]],[[19.892268,49.905691],[19.892055,49.906009]],[[19.892279,49.905691],[19.892064,49.906014]],[[19.891991,49.905975],[19.890917,49.906438]],[[19.891999,49.905979],[19.89093,49.906441]],[[19.892027,49.905994],[19.890973,49.906449]],[[19.892055,49.906009],[19.891016,49.906458]],[[19.892064,49.906014],[19.891028,49.906461]],[[19.890917,49.906438],[19.891338,49.907122]],[[19.89093,49.906441],[19.891347,49.90712]],[[19.890973,49.906449],[19.89138,49.907111]],[[19.891016,49.906458],[19.891412,49.907103]],[[19.891028,49.906461],[19.891422,49.907101]]]}},{"type":"Feature","properties":{"variant":"F","kind":"extent"},"geometry":{"type":"MultiLineString","coordinates":[[[19.891599,49.912254],[19.891023,49.912943]],[[19.891609,49.912257],[19.891033,49.912946]],[[19.89163,49.912265],[19.891056,49.912951]],[[19.891652,49.912272],[19.89108,49.912956]],[[19.891661,49.912275],[19.89109,49.912959]],[[19.891023,49.912943],[19.890816,49.913602]],[[19.891033,49.912946],[19.890826,49.913603]],[[19.891056,49.912951],[19.890851,49.913604]],[[19.89108,49.912956],[19.890875,49.913606]],[[19.89109,49.912959],[19.890885,49.913606]],[[19.890816,49.913602],[19.890842,49.914894]],[[19.890826,49.913603],[19.890853,49.914893]],[[19.890851,49.913604],[19.890877,49.914893]],[[19.890875,49.913606],[19.890901,49.914893]],[[19.890885,49.913606],[19.890912,49.914892]],[[19.890842,49.914894],[19.890985,49.916984]],[[19.890853,49.914893],[19.890995,49.916983]],[[19.890877,49.914893],[19.891019,49.916982]],[[19.890901,49.914893],[19.891044,49.91698]],[[19.890912,49.914892],[19.891054,49.916979]],[[19.890985,49.916984],[19.89128,49.918168]],[[19.890995,49.916983],[19.89129,49.918166]],[[19.891019,49.916982],[19.891314,49.918163]],[[19.891044,49.91698],[19.891338,49.91816]],[[19.891054,49.916979],[19.891348,49.918159]],[[19.89128,49.918168],[19.891695,49.919354]],[[19.89129,49.918166],[19.891705,49.919352]],[[19.891314,49.918163],[19.891728,49.919345]],[[19.891338,49.91816],[19.891751,49.919339]],[[19.891348,49.918159],[19.89176,49.919336]],[[19.891695,49.919354],[19.892205,49.919852]],[[19.891705,49.919352],[19.892215,49.91985]],[[19.891728,49.919345],[19.892239,49.919845]],[[19.891751,49.919339],[19.892263,49.919839]],[[19.89176,49.919336],[19.892273,49.919837]],[[19.892205,49.919852],[19.892258,49.920246]],[[19.892215,49.91985],[19.892268,49.920245]],[[19.892239,49.919845],[19.892292,49.920244]],[[19.892263,49.919839],[19.892317,49.920242]],[[19.892273,49.919837],[19.892327,49.920242]]]}},{"type":"Feature","properties":{"variant":"F","kind":"extent"},"geometry":{"type":"MultiLineString","coordinates":[[[19.877882,49.905749],[19.877861,49.906656]],[[19.877893,49.905749],[19.877872,49.906655]],[[19.877928,49.90575],[19.877907,49.906652]],[[19.877962,49.90575],[19.877942,49.906648]],[[19.877973,49.90575],[19.877952,49.906647]],[[19.877861,49.906656],[19.878373,49.907687]],[[19.877872,49.906655],[19.878385,49.907689]],[[19.877907,49.906652],[19.878424,49.907694]],[[19.877942,49.906648],[19.878464,49.907699]],[[19.877952,49.906647],[19.878475,49.907701]],[[19.878373,49.907687],[19.877795,49.908114]],[[19.878385,49.907689],[19.877805,49.908117]],[[19.878424,49.907694],[19.877839,49.908126]],[[19.878464,49.907699],[19.877872,49.908135]],[[19.878475,49.907701],[19.877883,49.908138]],[[19.877795,49.908114],[19.877747,49.90853]],[[19.877805,49.908117],[19.877758,49.90853]],[[19.877839,49.908126],[19.877792,49.908532]],[[19.877872,49.908135],[19.877827,49.908533]],[[19.877883,49.908138],[19.877837,49.908534]]]}},{"type":"Feature","properties":{"variant":"F","kind":"extent"},"geometry":{"type":"MultiLineString","coordinates":[[[19.871105,49.904371],[19.871152,49.905124]],[[19.871115,49.904371],[19.871162,49.905123]],[[19.87114,49.90437],[19.871186,49.905119]],[[19.871164,49.904369],[19.87121,49.905116]],[[19.871175,49.904369],[19.871221,49.905114]],[[19.871152,49.905124],[19.871695,49.906009]],[[19.871162,49.905123],[19.871704,49.906005]],[[19.871186,49.905119],[19.871726,49.905997]],[[19.87121,49.905116],[19.871747,49.90599]],[[19.871221,49.905114],[19.871756,49.905986]],[[19.871695,49.906009],[19.8725,49.906686]],[[19.871704,49.906005],[19.872507,49.906681]],[[19.871726,49.905997],[19.872524,49.906669]],[[19.871747,49.90599],[19.872541,49.906658]],[[19.871756,49.905986],[19.872549,49.906653]],[[19.8725,49.906686],[19.873588,49.907208]],[[19.872507,49.906681],[19.873592,49.907202]],[[19.872524,49.906669],[19.873601,49.907186]],[[19.872541,49.906658],[19.873611,49.907171]],[[19.872549,49.906653],[19.873615,49.907165]],[[19.873588,49.907208],[19.87478,49.907309]],[[19.873592,49.907202],[19.87478,49.907302]],[[19.873601,49.907186],[19.874781,49.907287]],[[19.873611,49.907171],[19.874782,49.907271]],[[19.873615,49.907165],[19.874783,49.907264]],[[19.87478,49.907309],[19.875991,49.907274]],[[19.87478,49.907302],[19.87599,49.907267]],[[19.874781,49.907287],[19.875985,49.907251]],[[19.874782,49.907271],[19.875981,49.907236]],[[19.874783,49.907264],[19.875979,49.907229]],[[19.875991,49.907274],[19.878017,49.906875]],[[19.87599,49.907267],[19.878014,49.906869]],[[19.875985,49.907251],[19.878007,49.906854]],[[19.875981,49.907236],[19.878,49.906839]],[[19.875979,49.907229],[19.877997,49.906832]],[[19.878017,49.906875],[19.8798,49.90653]],[[19.878014,49.906869],[19.879796,49.906524]],[[19.878007,49.906854],[19.879785,49.906509]],[[19.878,49.906839],[19.879775,49.906495]],[[19.877997,49.906832],[19.87977,49.906489]],[[19.8798,49.90653],[19.880962,49.906036]],[[19.879796,49.906524],[19.880958,49.90603]],[[19.879785,49.906509],[19.88095,49.906015]],[[19.879775,49.906495],[19.880941,49.905999]],[[19.87977,49.906489],[19.880938,49.905993]],[[19.880962,49.906036],[19.882416,49.905935]],[[19.880958,49.90603],[19.882414,49.905929]],[[19.88095,49.906015],[19.882408,49.905913]],[[19.880941,49.905999],[19.882403,49.905898]],[[19.880938,49.905993],[19.882401,49.905891]],[[19.882416,49.905935],[19.884357,49.905511]],[[19.882414,49.905929],[19.884354,49.905504]],[[19.882408,49.905913],[19.884347,49.905489]],[[19.882403,49.905898],[19.88434,49.905474]],[[19.882401,49.905891],[19.884337,49.905467]],[[19.884357,49.905511],[19.88582,49.905276]],[[19.884354,49.905504],[19.885818,49.90527]],[[19.884347,49.905489],[19.885813,49.905254]],[[19.88434,49.905474],[19.885808,49.905239]],[[19.884337,49.905467],[19.885806,49.905232]],[[19.88582,49.905276],[19.887252,49.905125]],[[19.885818,49.90527],[19.88725,49.905118]],[[19.885813,49.905254],[19.887246,49.905103]],[[19.885808,49.905239],[19.887242,49.905087]],[[19.885806,49.905232],[19.88724,49.905081]],[[19.887252,49.905125],[19.88796,49.905035]],[[19.88725,49.905118],[19.887955,49.905029]],[[19.887246,49.905103],[19.887943,49.905014]],[[19.887242,49.905087],[19.887931,49.904999]],[[19.88724,49.905081],[19.887926,49.904993]],[[19.88796,49.905035],[19.888766,49.904529]],[[19.887955,49.905029],[19.888757,49.904525]],[[19.887943,49.905014],[19.888737,49.904516]],[[19.887931,49.904999],[19.888716,49.904507]],[[19.887926,49.904993],[19.888708,49.904503]],[[19.888766,49.904529],[19.889086,49.904051]],[[19.888757,49.904525],[19.889076,49.904049]],[[19.888737,49.904516],[19.889052,49.904045]],[[19.888716,49.904507],[19.889029,49.90404]],[[19.888708,49.904503],[19.889018,49.904038]],[[19.889086,49.904051],[19.889282,49.903242]],[[19.889076,49.904049],[19.889272,49.903242]],[[19.889052,49.904045],[19.889247,49.903242]],[[19.889029,49.90404],[19.889222,49.903242]],[[19.889018,49.904038],[19.889212,49.903242]],[[19.889282,49.903242],[19.888628,49.900212]],[[19.889272,49.903242],[19.888618,49.900213]],[[19.889247,49.903242],[19.888593,49.900216]],[[19.889222,49.903242],[19.888569,49.900218]],[[19.889212,49.903242],[19.888559,49.900219]]]}},{"type":"Feature","properties":{"variant":"F","kind":"extent"},"geometry":{"type":"MultiLineString","coordinates":[[[19.921446,49.942833],[19.921007,49.94146]],[[19.921436,49.942835],[19.920996,49.941459]],[[19.921399,49.94284],[19.920956,49.941457]],[[19.921361,49.942845],[19.920916,49.941455]],[[19.921351,49.942846],[19.920905,49.941454]],[[19.921007,49.94146],[19.921282,49.941006]],[[19.920996,49.941459],[19.921274,49.941001]],[[19.920956,49.941457],[19.921244,49.940983]],[[19.920916,49.941455],[19.921214,49.940964]],[[19.920905,49.941454],[19.921206,49.940959]],[[19.921282,49.941006],[19.921978,49.940816]],[[19.921274,49.941001],[19.921968,49.940812]],[[19.921244,49.940983],[19.92193,49.940795]],[[19.921214,49.940964],[19.921892,49.940779]],[[19.921206,49.940959],[19.921881,49.940774]],[[19.921978,49.940816],[19.921986,49.940441]],[[19.921968,49.940812],[19.921976,49.940442]],[[19.92193,49.940795],[19.921937,49.940445]],[[19.921892,49.940779],[19.921899,49.940448]],[[19.921881,49.940774],[19.921889,49.940449]],[[19.921986,49.940441],[19.921814,49.940031]],[[19.921976,49.940442],[19.921803,49.940029]],[[19.921937,49.940445],[19.921762,49.940025]],[[19.921899,49.940448],[19.92172,49.940021]],[[19.921889,49.940449],[19.921709,49.940019]],[[19.921814,49.940031],[19.922573,49.939293]],[[19.921803,49.940029],[19.922559,49.939294]],[[19.921762,49.940025],[19.922508,49.939298]],[[19.92172,49.940021],[19.922458,49.939303]],[[19.921709,49.940019],[19.922444,49.939304]],[[19.922573,49.939293],[19.921902,49.938916]],[[19.922559,49.939294],[19.921899,49.938923]],[[19.922508,49.939298],[19.921887,49.938949]],[[19.922458,49.939303],[19.921875,49.938975]],[[19.922444,49.939304],[19.921872,49.938982]],[[19.921902,49.938916],[19.921014,49.938996]],[[19.921899,49.938923],[19.921014,49.939003]],[[19.921887,49.938949],[19.921015,49.939028]],[[19.921875,49.938975],[19.921015,49.939053]],[[19.921872,49.938982],[19.921015,49.93906]],[[19.921014,49.938996],[19.92034,49.938948]],[[19.921014,49.939003],[19.920337,49.938954]],[[19.921015,49.939028],[19.920324,49.938978]],[[19.921015,49.939053],[19.920312,49.939002]],[[19.921015,49.93906],[19.920309,49.939009]],[[19.92034,49.938948],[19.919815,49.938754]],[[19.920337,49.938954],[19.91981,49.93876]],[[19.920324,49.938978],[19.919791,49.938781]],[[19.920312,49.939002],[19.919772,49.938802]],[[19.920309,49.939009],[19.919767,49.938808]]]}},{"type":"Feature","properties":{"variant":"F","kind":"extent"},"geometry":{"type":"MultiLineString","coordinates":[[[19.916943,49.88024],[19.917676,49.879935]],[[19.916938,49.880235],[19.91767,49.87993]],[[19.916925,49.880221],[19.917657,49.879916]],[[19.916911,49.880208],[19.917644,49.879903]],[[19.916906,49.880203],[19.917638,49.879897]],[[19.917676,49.879935],[19.917676,49.879935]],[[19.91767,49.87993],[19.91767,49.87993]],[[19.917657,49.879916],[19.917657,49.879916]],[[19.917644,49.879903],[19.917644,49.879903]],[[19.917638,49.879897],[19.917638,49.879897]],[[19.917676,49.879935],[19.917676,49.879935]],[[19.91767,49.87993],[19.91767,49.87993]],[[19.917657,49.879916],[19.917657,49.879916]],[[19.917644,49.879903],[19.917644,49.879903]],[[19.917638,49.879897],[19.917638,49.879897]],[[19.917676,49.879935],[19.917664,49.87994]],[[19.91767,49.87993],[19.917662,49.879933]],[[19.917657,49.879916],[19.917657,49.879916]],[[19.917644,49.879903],[19.917652,49.8799]],[[19.917638,49.879897],[19.91765,49.879892]],[[19.917664,49.87994],[19.918326,49.880027]],[[19.917662,49.879933],[19.918324,49.88002]],[[19.917657,49.879916],[19.918317,49.880003]],[[19.917652,49.8799],[19.918311,49.879986]],[[19.91765,49.879892],[19.918308,49.879979]],[[19.918326,49.880027],[19.919837,49.879251]],[[19.918324,49.88002],[19.91983,49.879246]],[[19.918317,49.880003],[19.919812,49.879235]],[[19.918311,49.879986],[19.919794,49.879224]],[[19.918308,49.879979],[19.919787,49.879219]],[[19.919837,49.879251],[19.920715,49.878498]],[[19.91983,49.879246],[19.920706,49.878494]],[[19.919812,49.879235],[19.920686,49.878486]],[[19.919794,49.879224],[19.920666,49.878477]],[[19.919787,49.879219],[19.920657,49.878473]],[[19.920715,49.878498],[19.921607,49.877521]],[[19.920706,49.878494],[19.921598,49.877518]],[[19.920686,49.878486],[19.921576,49.877511]],[[19.920666,49.878477],[19.921554,49.877504]],[[19.920657,49.878473],[19.921544,49.877501]],[[19.921607,49.877521],[19.922163,49.876553]],[[19.921598,49.877518],[19.922152,49.876551]],[[19.921576,49.877511],[19.922129,49.876547]],[[19.921554,49.877504],[19.922106,49.876542]],[[19.921544,49.877501],[19.922096,49.87654]],[[19.922163,49.876553],[19.922502,49.875577]],[[19.922152,49.876551],[19.922492,49.875575]],[[19.922129,49.876547],[19.922469,49.87557]],[[19.922106,49.876542],[19.922446,49.875565]],[[19.922096,49.87654],[19.922436,49.875563]],[[19.922502,49.875577],[19.923615,49.873839]],[[19.922492,49.875575],[19.923604,49.873838]],[[19.922469,49.87557],[19.923578,49.873837]],[[19.922446,49.875565],[19.923553,49.873835]],[[19.922436,49.875563],[19.923542,49.873835]],[[19.923615,49.873839],[19.923372,49.873079]],[[19.923604,49.873838],[19.923361,49.873079]],[[19.923578,49.873837],[19.923337,49.873081]],[[19.923553,49.873835],[19.923313,49.873083]],[[19.923542,49.873835],[19.923302,49.873083]],[[19.923372,49.873079],[19.923336,49.871566]],[[19.923361,49.873079],[19.923326,49.871566]],[[19.923337,49.873081],[19.923301,49.871566]],[[19.923313,49.873083],[19.923277,49.871565]],[[19.923302,49.873083],[19.923266,49.871565]],[[19.923336,49.871566],[19.923399,49.870446]],[[19.923326,49.871566],[19.923389,49.870446]],[[19.923301,49.871566],[19.923365,49.870447]],[[19.923277,49.871565],[19.92334,49.870448]],[[19.923266,49.871565],[19.92333,49.870448]],[[19.923399,49.870446],[19.923012,49.868848]],[[19.923389,49.870446],[19.923002,49.868849]],[[19.923365,49.870447],[19.922977,49.86885]],[[19.92334,49.870448],[19.922953,49.868852]],[[19.92333,49.870448],[19.922943,49.868852]],[[19.923012,49.868848],[19.922941,49.866958]],[[19.923002,49.868849],[19.92293,49.866959]],[[19.922977,49.86885],[19.922906,49.866961]],[[19.922953,49.868852],[19.922882,49.866963]],[[19.922943,49.868852],[19.922871,49.866963]],[[19.922941,49.866958],[19.922607,49.865834]],[[19.92293,49.866959],[19.922597,49.865834]],[[19.922906,49.866961],[19.922573,49.865836]],[[19.922882,49.866963],[19.922548,49.865837]],[[19.922871,49.866963],[19.922538,49.865838]],[[19.922607,49.865834],[19.922652,49.864328]],[[19.922597,49.865834],[19.922642,49.864327]],[[19.922573,49.865836],[19.922618,49.864325]],[[19.922548,49.865837],[19.922593,49.864323]],[[19.922538,49.865838],[19.922583,49.864322]],[[19.922652,49.864328],[19.923092,49.863174]],[[19.922642,49.864327],[19.923082,49.863172]],[[19.922618,49.864325],[19.923058,49.863168]],[[19.922593,49.864323],[19.923035,49.863164]],[[19.922583,49.864322],[19.923025,49.863162]],[[19.923092,49.863174],[19.92355,49.862096]],[[19.923082,49.863172],[19.92354,49.862095]],[[19.923058,49.863168],[19.923517,49.862091]],[[19.923035,49.863164],[19.923493,49.862086]],[[19.923025,49.863162],[19.923483,49.862085]],[[19.92355,49.862096],[19.924173,49.860627]],[[19.92354,49.862095],[19.924163,49.860625]],[[19.923517,49.862091],[19.924139,49.860622]],[[19.923493,49.862086],[19.924116,49.860618]],[[19.923483,49.862085],[19.924105,49.860617]],[[19.924173,49.860627],[19.92444,49.859695]],[[19.924163,49.860625],[19.92443,49.859693]],[[19.924139,49.860622],[19.924406,49.85969]],[[19.924116,49.860618],[19.924383,49.859686]],[[19.924105,49.860617],[19.924372,49.859684]],[[19.92444,49.859695],[19.924957,49.85861]],[[19.92443,49.859693],[19.924947,49.858608]],[[19.924406,49.85969],[19.924923,49.858604]],[[19.924383,49.859686],[19.9249,49.858601]],[[19.924372,49.859684],[19.924889,49.858599]],[[19.924957,49.85861],[19.925413,49.857067]],[[19.924947,49.858608],[19.925402,49.857066]],[[19.924923,49.858604],[19.925379,49.857063]],[[19.9249,49.858601],[19.925355,49.857059]],[[19.924889,49.858599],[19.925345,49.857058]],[[19.925413,49.857067],[19.926005,49.855539]],[[19.925402,49.857066],[19.925995,49.855539]],[[19.925379,49.857063],[19.92597,49.855539]],[[19.925355,49.857059],[19.925945,49.855538]],[[19.925345,49.857058],[19.925934,49.855538]],[[19.926005,49.855539],[19.925872,49.855061]],[[19.925995,49.855539],[19.925862,49.855065]],[[19.92597,49.855539],[19.92584,49.855075]],[[19.925945,49.855538],[19.925818,49.855084]],[[19.925934,49.855538],[19.925809,49.855088]],[[19.925872,49.855061],[19.925566,49.854928]],[[19.925862,49.855065],[19.925563,49.854934]],[[19.92584,49.855075],[19.925555,49.85495]],[[19.925818,49.855084],[19.925547,49.854965]],[[19.925809,49.855088],[19.925544,49.854972]],[[19.925566,49.854928],[19.925556,49.854927]],[[19.925563,49.854934],[19.925556,49.854934]],[[19.925555,49.85495],[19.925555,49.85495]],[[19.925547,49.854965],[19.925554,49.854965]],[[19.925544,49.854972],[19.925553,49.854972]],[[19.925556,49.854927],[19.925556,49.854927]],[[19.925556,49.854934],[19.925556,49.854934]],[[19.925555,49.85495],[19.925555,49.85495]],[[19.925554,49.854965],[19.925554,49.854965]],[[19.925553,49.854972],[19.925553,49.854972]],[[19.925556,49.854927],[19.925556,49.854927]],[[19.925556,49.854934],[19.925556,49.854934]],[[19.925555,49.85495],[19.925555,49.85495]],[[19.925554,49.854965],[19.925554,49.854965]],[[19.925553,49.854972],[19.925553,49.854972]],[[19.925556,49.854927],[19.925556,49.854927]],[[19.925556,49.854934],[19.925556,49.854934]],[[19.925555,49.85495],[19.925555,49.85495]],[[19.925554,49.854965],[19.925554,49.854965]],[[19.925553,49.854972],[19.925553,49.854972]],[[19.925556,49.854927],[19.925556,49.854927]],[[19.925556,49.854934],[19.925556,49.854934]],[[19.925555,49.85495],[19.925555,49.85495]],[[19.925554,49.854965],[19.925554,49.854965]],[[19.925553,49.854972],[19.925553,49.854972]],[[19.925556,49.854927],[19.925556,49.854927]],[[19.925556,49.854934],[19.925556,49.854934]],[[19.925555,49.85495],[19.925555,49.85495]],[[19.925554,49.854965],[19.925554,49.854965]],[[19.925553,49.854972],[19.925553,49.854972]],[[19.925556,49.854927],[19.925556,49.854927]],[[19.925556,49.854934],[19.925556,49.854934]],[[19.925555,49.85495],[19.925555,49.85495]],[[19.925554,49.854965],[19.925554,49.854965]],[[19.925553,49.854972],[19.925553,49.854972]]]}},{"type":"Feature","properties":{"variant":"F","kind":"extent"},"geometry":{"type":"MultiLineString","coordinates":[[[19.923245,49.853714],[19.92478,49.85364]],[[19.923245,49.853707],[19.92477,49.853634]],[[19.923243,49.853692],[19.924747,49.853619]],[[19.923241,49.853676],[19.924725,49.853604]],[[19.92324,49.853669],[19.924715,49.853598]],[[19.92478,49.85364],[19.924874,49.852818]],[[19.92477,49.853634],[19.924864,49.852815]],[[19.924747,49.853619],[19.924841,49.852808]],[[19.924725,49.853604],[19.924817,49.852801]],[[19.924715,49.853598],[19.924807,49.852798]],[[19.924874,49.852818],[19.925392,49.852472]],[[19.924864,49.852815],[19.925386,49.852466]],[[19.924841,49.852808],[19.925372,49.852453]],[[19.924817,49.852801],[19.925358,49.852439]],[[19.924807,49.852798],[19.925352,49.852434]],[[19.925392,49.852472],[19.926659,49.852151]],[[19.925386,49.852466],[19.926649,49.852146]],[[19.925372,49.852453],[19.926627,49.852135]],[[19.925358,49.852439],[19.926605,49.852123]],[[19.925352,49.852434],[19.926595,49.852119]],[[19.926659,49.852151],[19.926799,49.851484]],[[19.926649,49.852146],[19.926788,49.851484]],[[19.926627,49.852135],[19.926764,49.851483]],[[19.926605,49.852123],[19.926739,49.851483]],[[19.926595,49.852119],[19.926729,49.851482]],[[19.926799,49.851484],[19.926646,49.849846]],[[19.926788,49.851484],[19.926636,49.849847]],[[19.926764,49.851483],[19.926612,49.849849]],[[19.926739,49.851483],[19.926588,49.849852]],[[19.926729,49.851482],[19.926577,49.849853]],[[19.926646,49.849846],[19.926143,49.848435]],[[19.926636,49.849847],[19.926133,49.848437]],[[19.926612,49.849849],[19.926109,49.848441]],[[19.926588,49.849852],[19.926086,49.848445]],[[19.926577,49.849853],[19.926076,49.848447]],[[19.926143,49.848435],[19.925837,49.847792]],[[19.926133,49.848437],[19.925835,49.847812]],[[19.926109,49.848441],[19.925832,49.847859]],[[19.926086,49.848445],[19.925829,49.847905]],[[19.926076,49.848447],[19.925827,49.847925]],[[19.925837,49.847792],[19.925578,49.848201]],[[19.925835,49.847812],[19.925587,49.848204]],[[19.925832,49.847859],[19.92561,49.84821]],[[19.925829,49.847905],[19.925632,49.848216]],[[19.925827,49.847925],[19.925642,49.848218]]]}},{"type":"Feature","properties":{"variant":"F","kind":"extent"},"geometry":{"type":"MultiLineString","coordinates":[[[19.925176,49.848082],[19.925365,49.847693]],[[19.925166,49.84808],[19.925355,49.847692]],[[19.925143,49.848076],[19.92533,49.84769]],[[19.92512,49.848071],[19.925306,49.847688]],[[19.92511,49.848069],[19.925295,49.847687]],[[19.925365,49.847693],[19.925285,49.847034]],[[19.925355,49.847692],[19.925275,49.847036]],[[19.92533,49.84769],[19.925251,49.847041]],[[19.925306,49.847688],[19.925227,49.847046]],[[19.925295,49.847687],[19.925217,49.847048]],[[19.925285,49.847034],[19.923854,49.845446]],[[19.925275,49.847036],[19.923845,49.845449]],[[19.925251,49.847041],[19.923823,49.845457]],[[19.925227,49.847046],[19.923802,49.845464]],[[19.925217,49.847048],[19.923792,49.845467]],[[19.923854,49.845446],[19.922976,49.844262]],[[19.923845,49.845449],[19.922967,49.844266]],[[19.923823,49.845457],[19.922946,49.844274]],[[19.923802,49.845464],[19.922925,49.844282]],[[19.923792,49.845467],[19.922916,49.844286]],[[19.922976,49.844262],[19.920955,49.842501]],[[19.922967,49.844266],[19.920946,49.842505]],[[19.922946,49.844274],[19.920926,49.842514]],[[19.922925,49.844282],[19.920906,49.842523]],[[19.922916,49.844286],[19.920897,49.842526]],[[19.920955,49.842501],[19.918955,49.840376]],[[19.920946,49.842505],[19.918946,49.840379]],[[19.920926,49.842514],[19.918926,49.840388]],[[19.920906,49.842523],[19.918905,49.840396]],[[19.920897,49.842526],[19.918896,49.8404]],[[19.918955,49.840376],[19.916619,49.838082]],[[19.918946,49.840379],[19.916611,49.838086]],[[19.918926,49.840388],[19.916591,49.838094]],[[19.918905,49.840396],[19.91657,49.838103]],[[19.918896,49.8404],[19.916562,49.838107]],[[19.916619,49.838082],[19.914887,49.836452]],[[19.916611,49.838086],[19.914877,49.836455]],[[19.916591,49.838094],[19.914856,49.836463]],[[19.91657,49.838103],[19.914835,49.83647]],[[19.916562,49.838107],[19.914826,49.836474]],[[19.914887,49.836452],[19.914319,49.835603]],[[19.914877,49.836455],[19.914309,49.835605]],[[19.914856,49.836463],[19.914287,49.835611]],[[19.914835,49.83647],[19.914264,49.835617]],[[19.914826,49.836474],[19.914254,49.835619]],[[19.914319,49.835603],[19.913333,49.833752]],[[19.914309,49.835605],[19.913323,49.833754]],[[19.914287,49.835611],[19.9133,49.833759]],[[19.914264,49.835617],[19.913277,49.833764]],[[19.914254,49.835619],[19.913267,49.833767]],[[19.913333,49.833752],[19.912613,49.832505]],[[19.913323,49.833754],[19.912603,49.832507]],[[19.9133,49.833759],[19.91258,49.832512]],[[19.913277,49.833764],[19.912557,49.832517]],[[19.913267,49.833767],[19.912547,49.832519]],[[19.912613,49.832505],[19.912261,49.831757]],[[19.912603,49.832507],[19.912251,49.831759]],[[19.91258,49.832512],[19.912227,49.831763]],[[19.912557,49.832517],[19.912204,49.831768]],[[19.912547,49.832519],[19.912194,49.83177]]]}},{"type":"Feature","properties":{"variant":"F","kind":"extent"},"geometry":{"type":"MultiLineString","coordinates":[[[19.911715,49.829398],[19.912085,49.830419]],[[19.911725,49.829397],[19.912096,49.830419]],[[19.911749,49.829393],[19.912121,49.83042]],[[19.911773,49.82939],[19.912147,49.830422]],[[19.911783,49.829388],[19.912157,49.830422]],[[19.912085,49.830419],[19.911577,49.831254]],[[19.912096,49.830419],[19.911587,49.831257]],[[19.912121,49.83042],[19.91161,49.831262]],[[19.912147,49.830422],[19.911632,49.831268]],[[19.912157,49.830422],[19.911642,49.831271]]]}},{"type":"Feature","properties":{"variant":"F","kind":"extent"},"geometry":{"type":"MultiLineString","coordinates":[[[19.924721,49.871482],[19.924249,49.870435]],[[19.924711,49.871484],[19.924234,49.870426]],[[19.924687,49.871488],[19.924198,49.870403]],[[19.924664,49.871493],[19.924163,49.87038]],[[19.924654,49.871495],[19.924147,49.870371]],[[19.924249,49.870435],[19.924189,49.870425]],[[19.924234,49.870426],[19.924192,49.870418]],[[19.924198,49.870403],[19.924198,49.870403]],[[19.924163,49.87038],[19.924205,49.870388]],[[19.924147,49.870371],[19.924207,49.870381]],[[19.924189,49.870425],[19.924189,49.870425]],[[19.924192,49.870418],[19.924192,49.870418]],[[19.924198,49.870403],[19.924198,49.870403]],[[19.924205,49.870388],[19.924205,49.870388]],[[19.924207,49.870381],[19.924207,49.870381]],[[19.924189,49.870425],[19.924189,49.870425]],[[19.924192,49.870418],[19.924192,49.870418]],[[19.924198,49.870403],[19.924198,49.870403]],[[19.924205,49.870388],[19.924205,49.870388]],[[19.924207,49.870381],[19.924207,49.870381]],[[19.924189,49.870425],[19.924233,49.870433]],[[19.924192,49.870418],[19.924223,49.870424]],[[19.924198,49.870403],[19.924198,49.870403]],[[19.924205,49.870388],[19.924174,49.870382]],[[19.924207,49.870381],[19.924163,49.870373]],[[19.924233,49.870433],[19.92423,49.870087]],[[19.924223,49.870424],[19.92422,49.870087]],[[19.924198,49.870403],[19.924195,49.870087]],[[19.924174,49.870382],[19.924171,49.870087]],[[19.924163,49.870373],[19.92416,49.870087]],[[19.92423,49.870087],[19.924228,49.869339]],[[19.92422,49.870087],[19.924218,49.869339]],[[19.924195,49.870087],[19.924193,49.869341]],[[19.924171,49.870087],[19.924169,49.869342]],[[19.92416,49.870087],[19.924159,49.869342]],[[19.924228,49.869339],[19.923913,49.867902]],[[19.924218,49.869339],[19.923903,49.867903]],[[19.924193,49.869341],[19.923879,49.867905]],[[19.924169,49.869342],[19.923855,49.867908]],[[19.924159,49.869342],[19.923844,49.867909]],[[19.923913,49.867902],[19.923674,49.866831]],[[19.923903,49.867903],[19.923663,49.866831]],[[19.923879,49.867905],[19.923639,49.866832]],[[19.923855,49.867908],[19.923614,49.866832]],[[19.923844,49.867909],[19.923604,49.866832]],[[19.923674,49.866831],[19.923806,49.865634]],[[19.923663,49.866831],[19.923796,49.865633]],[[19.923639,49.866832],[19.923771,49.865632]],[[19.923614,49.866832],[19.923747,49.86563]],[[19.923604,49.866832],[19.923737,49.86563]],[[19.923806,49.865634],[19.924038,49.863986]],[[19.923796,49.865633],[19.924028,49.863986]],[[19.923771,49.865632],[19.924004,49.863985]],[[19.923747,49.86563],[19.923979,49.863984]],[[19.923737,49.86563],[19.923969,49.863984]],[[19.924038,49.863986],[19.924056,49.862978]],[[19.924028,49.863986],[19.924046,49.862977]],[[19.924004,49.863985],[19.924021,49.862975]],[[19.923979,49.863984],[19.923997,49.862972]],[[19.923969,49.863984],[19.923987,49.862971]],[[19.924056,49.862978],[19.924526,49.861985]],[[19.924046,49.862977],[19.924516,49.861984]],[[19.924021,49.862975],[19.924493,49.86198]],[[19.923997,49.862972],[19.924469,49.861976]],[[19.923987,49.862971],[19.924459,49.861974]],[[19.924526,49.861985],[19.924943,49.860641]],[[19.924516,49.861984],[19.924932,49.860639]],[[19.924493,49.86198],[19.924908,49.860636]],[[19.924469,49.861976],[19.924885,49.860633]],[[19.924459,49.861974],[19.924874,49.860632]],[[19.924943,49.860641],[19.925517,49.858953]],[[19.924932,49.860639],[19.925507,49.858952]],[[19.924908,49.860636],[19.925483,49.858948]],[[19.924885,49.860633],[19.92546,49.858945]],[[19.924874,49.860632],[19.92545,49.858943]],[[19.925517,49.858953],[19.926186,49.857247]],[[19.925507,49.858952],[19.926176,49.857246]],[[19.925483,49.858948],[19.926152,49.857242]],[[19.92546,49.858945],[19.926128,49.857238]],[[19.92545,49.858943],[19.926118,49.857237]],[[19.926186,49.857247],[19.926833,49.855452]],[[19.926176,49.857246],[19.926823,49.85545]],[[19.926152,49.857242],[19.926799,49.855447]],[[19.926128,49.857238],[19.926775,49.855444]],[[19.926118,49.857237],[19.926765,49.855442]],[[19.926833,49.855452],[19.927096,49.854597]],[[19.926823,49.85545],[19.927086,49.854595]],[[19.926799,49.855447],[19.927063,49.854591]],[[19.926775,49.855444],[19.927039,49.854587]],[[19.926765,49.855442],[19.927029,49.854586]],[[19.927096,49.854597],[19.927258,49.854265]],[[19.927086,49.854595],[19.927248,49.854261]],[[19.927063,49.854591],[19.927227,49.854252]],[[19.927039,49.854587],[19.927206,49.854243]],[[19.927029,49.854586],[19.927197,49.854239]],[[19.927258,49.854265],[19.927735,49.853994]],[[19.927248,49.854261],[19.927728,49.853989]],[[19.927227,49.854252],[19.927712,49.853977]],[[19.927206,49.854243],[19.927696,49.853965]],[[19.927197,49.854239],[19.927689,49.85396]]]}},{"type":"Feature","properties":{"variant":"F","kind":"extent"},"geometry":{"type":"MultiLineString","coordinates":[[[19.929708,49.853151],[19.929051,49.853258]],[[19.929711,49.853157],[19.92905,49.853265]],[[19.929717,49.853173],[19.929049,49.853282]],[[19.929723,49.853188],[19.929048,49.853298]],[[19.929725,49.853194],[19.929047,49.853305]],[[19.929051,49.853258],[19.928379,49.853104]],[[19.92905,49.853265],[19.928372,49.853109]],[[19.929049,49.853282],[19.928356,49.853123]],[[19.929048,49.853298],[19.928341,49.853136]],[[19.929047,49.853305],[19.928334,49.853141]],[[19.928379,49.853104],[19.92761,49.852381]],[[19.928372,49.853109],[19.9276,49.852383]],[[19.928356,49.853123],[19.927576,49.852388]],[[19.928341,49.853136],[19.927552,49.852393]],[[19.928334,49.853141],[19.927542,49.852396]],[[19.92761,49.852381],[19.927523,49.851389]],[[19.9276,49.852383],[19.927512,49.851389]],[[19.927576,49.852388],[19.927488,49.85139]],[[19.927552,49.852393],[19.927464,49.851391]],[[19.927542,49.852396],[19.927453,49.851392]],[[19.927523,49.851389],[19.927422,49.850265]],[[19.927512,49.851389],[19.927412,49.850266]],[[19.927488,49.85139],[19.927388,49.850268]],[[19.927464,49.851391],[19.927363,49.85027]],[[19.927453,49.851392],[19.927353,49.85027]],[[19.927422,49.850265],[19.927111,49.849021]],[[19.927412,49.850266],[19.9271,49.849022]],[[19.927388,49.850268],[19.927077,49.849025]],[[19.927363,49.85027],[19.927053,49.849028]],[[19.927353,49.85027],[19.927042,49.84903]],[[19.927111,49.849021],[19.926732,49.847965]],[[19.9271,49.849022],[19.926722,49.847967]],[[19.927077,49.849025],[19.926699,49.847971]],[[19.927053,49.849028],[19.926675,49.847975]],[[19.927042,49.84903],[19.926665,49.847977]],[[19.926732,49.847965],[19.92635,49.847178]],[[19.926722,49.847967],[19.926339,49.847179]],[[19.926699,49.847971],[19.926315,49.847182]],[[19.926675,49.847975],[19.926291,49.847186]],[[19.926665,49.847977],[19.926281,49.847187]],[[19.92635,49.847178],[19.926256,49.84653]],[[19.926339,49.847179],[19.926245,49.84653]],[[19.926315,49.847182],[19.926221,49.846529]],[[19.926291,49.847186],[19.926196,49.846528]],[[19.926281,49.847187],[19.926185,49.846528]],[[19.926256,49.84653],[19.926449,49.845983]],[[19.926245,49.84653],[19.926439,49.845982]],[[19.926221,49.846529],[19.926415,49.845978]],[[19.926196,49.846528],[19.926391,49.845975]],[[19.926185,49.846528],[19.926381,49.845973]]]}},{"type":"Feature","properties":{"variant":"F","kind":"extent"},"geometry":{"type":"MultiLineString","coordinates":[[[19.926026,49.845593],[19.925278,49.845503]],[[19.926024,49.845599],[19.925271,49.845509]],[[19.926019,49.845615],[19.925257,49.845523]],[[19.926015,49.84563],[19.925242,49.845537]],[[19.926013,49.845637],[19.925236,49.845543]],[[19.925278,49.845503],[19.923783,49.844073]],[[19.925271,49.845509],[19.923775,49.844076]],[[19.925257,49.845523],[19.923754,49.844085]],[[19.925242,49.845537],[19.923734,49.844093]],[[19.925236,49.845543],[19.923725,49.844097]],[[19.923783,49.844073],[19.922669,49.842915]],[[19.923775,49.844076],[19.92266,49.842918]],[[19.923754,49.844085],[19.92264,49.842927]],[[19.923734,49.844093],[19.922619,49.842935]],[[19.923725,49.844097],[19.92261,49.842939]],[[19.922669,49.842915],[19.921494,49.841749]],[[19.92266,49.842918],[19.921485,49.841753]],[[19.92264,49.842927],[19.921465,49.841763]],[[19.922619,49.842935],[19.921446,49.841772]],[[19.92261,49.842939],[19.921437,49.841776]],[[19.921494,49.841749],[19.919431,49.840054]],[[19.921485,49.841753],[19.919422,49.840058]],[[19.921465,49.841763],[19.919403,49.840067]],[[19.921446,49.841772],[19.919383,49.840076]],[[19.921437,49.841776],[19.919375,49.84008]],[[19.919431,49.840054],[19.918091,49.838767]],[[19.919422,49.840058],[19.918082,49.838771]],[[19.919403,49.840067],[19.918061,49.838779]],[[19.919383,49.840076],[19.918041,49.838787]],[[19.919375,49.84008],[19.918032,49.838791]],[[19.918091,49.838767],[19.916939,49.837476]],[[19.918082,49.838771],[19.91693,49.837479]],[[19.918061,49.838779],[19.916908,49.837486]],[[19.918041,49.838787],[19.916887,49.837494]],[[19.918032,49.838791],[19.916878,49.837497]],[[19.916939,49.837476],[19.915838,49.836062]],[[19.91693,49.837479],[19.915828,49.836065]],[[19.916908,49.837486],[19.915807,49.836072]],[[19.916887,49.837494],[19.915785,49.83608]],[[19.916878,49.837497],[19.915776,49.836083]],[[19.915838,49.836062],[19.914738,49.83478]],[[19.915828,49.836065],[19.914729,49.834783]],[[19.915807,49.836072],[19.914707,49.83479]],[[19.915785,49.83608],[19.914685,49.834797]],[[19.915776,49.836083],[19.914676,49.8348]],[[19.914738,49.83478],[19.914199,49.834003]],[[19.914729,49.834783],[19.914189,49.834005]],[[19.914707,49.83479],[19.914167,49.834011]],[[19.914685,49.834797],[19.914144,49.834016]],[[19.914676,49.8348],[19.914134,49.834018]],[[19.914199,49.834003],[19.913822,49.833201]],[[19.914189,49.834005],[19.913812,49.833203]],[[19.914167,49.834011],[19.913788,49.833207]],[[19.914144,49.834016],[19.913765,49.83321]],[[19.914134,49.834018],[19.913755,49.833212]],[[19.913822,49.833201],[19.913654,49.832611]],[[19.913812,49.833203],[19.913643,49.832611]],[[19.913788,49.833207],[19.913618,49.832611]],[[19.913765,49.83321],[19.913594,49.832611]],[[19.913755,49.833212],[19.913583,49.832612]],[[19.913654,49.832611],[19.913801,49.832017]],[[19.913643,49.832611],[19.91379,49.832016]],[[19.913618,49.832611],[19.913766,49.832013]],[[19.913594,49.832611],[19.913742,49.832011]],[[19.913583,49.832612],[19.913732,49.83201]]]}},{"type":"Feature","properties":{"variant":"F","kind":"extent"},"geometry":{"type":"MultiLineString","coordinates":[[[19.913192,49.829936],[19.912964,49.830615]],[[19.913203,49.829937],[19.912975,49.830614]],[[19.913226,49.82994],[19.913001,49.830612]],[[19.91325,49.829944],[19.913026,49.830611]],[[19.91326,49.829945],[19.913037,49.83061]],[[19.912964,49.830615],[19.913316,49.831127]],[[19.912975,49.830614],[19.913327,49.831126]],[[19.913001,49.830612],[19.913351,49.831122]],[[19.913026,49.830611],[19.913376,49.831119]],[[19.913037,49.83061],[19.913386,49.831118]],[[19.913316,49.831127],[19.913307,49.831559]],[[19.913327,49.831126],[19.913317,49.831559]],[[19.913351,49.831122],[19.913341,49.831559]],[[19.913376,49.831119],[19.913366,49.831559]],[[19.913386,49.831118],[19.913376,49.831559]]]}},{"type":"Feature","properties":{"variant":"F","kind":"extent"},"geometry":{"type":"MultiLineString","coordinates":[[[19.911214,49.831712],[19.912166,49.83178]],[[19.911215,49.831706],[19.912168,49.831774]],[[19.911219,49.831681],[19.912174,49.831749]],[[19.911223,49.831656],[19.912181,49.831725]],[[19.911224,49.83165],[19.912183,49.831718]],[[19.912166,49.83178],[19.91352,49.831992]],[[19.912168,49.831774],[19.913524,49.831985]],[[19.912174,49.831749],[19.913536,49.831962]],[[19.912181,49.831725],[19.913548,49.831938]],[[19.912183,49.831718],[19.913551,49.831932]],[[19.91352,49.831992],[19.914268,49.832196]],[[19.913524,49.831985],[19.914272,49.83219]],[[19.913536,49.831962],[19.914287,49.832167]],[[19.913548,49.831938],[19.914302,49.832144]],[[19.913551,49.831932],[19.914306,49.832138]]]}},{"type":"Feature","properties":{"variant":"F","kind":"extent"},"geometry":{"type":"MultiLineString","coordinates":[[[19.911193,49.831259],[19.911598,49.83133]],[[19.911196,49.831252],[19.911601,49.831323]],[[19.911206,49.831228],[19.911609,49.831299]],[[19.911216,49.831204],[19.911618,49.831275]],[[19.911218,49.831198],[19.91162,49.831268]],[[19.911598,49.83133],[19.912006,49.831379]],[[19.911601,49.831323],[19.912009,49.831373]],[[19.911609,49.831299],[19.912018,49.831348]],[[19.911618,49.831275],[19.912027,49.831324]],[[19.91162,49.831268],[19.912029,49.831318]],[[19.912006,49.831379],[19.913581,49.831677]],[[19.912009,49.831373],[19.913584,49.831671]],[[19.912018,49.831348],[19.913597,49.831647]],[[19.912027,49.831324],[19.91361,49.831624]],[[19.912029,49.831318],[19.913614,49.831618]],[[19.913581,49.831677],[19.91405,49.831806]],[[19.913584,49.831671],[19.914054,49.831799]],[[19.913597,49.831647],[19.914069,49.831777]],[[19.91361,49.831624],[19.914084,49.831754]],[[19.913614,49.831618],[19.914088,49.831748]]]}},{"type":"Feature","properties":{"variant":"F","kind":"extent"},"geometry":{"type":"MultiLineString","coordinates":[[[19.888308,49.899158],[19.888945,49.898659]],[[19.8883,49.899153],[19.888937,49.898655]],[[19.888281,49.899143],[19.888918,49.898645]],[[19.888262,49.899133],[19.888899,49.898635]],[[19.888254,49.899129],[19.888891,49.89863]],[[19.888945,49.898659],[19.888945,49.898659]],[[19.888937,49.898655],[19.888937,49.898655]],[[19.888918,49.898645],[19.888918,49.898645]],[[19.888899,49.898635],[19.888899,49.898635]],[[19.888891,49.89863],[19.888891,49.89863]],[[19.888945,49.898659],[19.888945,49.898659]],[[19.888937,49.898655],[19.888937,49.898655]],[[19.888918,49.898645],[19.888918,49.898645]],[[19.888899,49.898635],[19.888899,49.898635]],[[19.888891,49.89863],[19.888891,49.89863]],[[19.888945,49.898659],[19.888956,49.89865]],[[19.888937,49.898655],[19.888945,49.898648]],[[19.888918,49.898645],[19.888918,49.898645]],[[19.888899,49.898635],[19.888891,49.898641]],[[19.888891,49.89863],[19.88888,49.898639]],[[19.888956,49.89865],[19.888599,49.897778]],[[19.888945,49.898648],[19.888589,49.897778]],[[19.888918,49.898645],[19.888564,49.897778]],[[19.888891,49.898641],[19.888538,49.897779]],[[19.88888,49.898639],[19.888528,49.897779]],[[19.888599,49.897778],[19.889146,49.896358]],[[19.888589,49.897778],[19.889136,49.896357]],[[19.888564,49.897778],[19.889111,49.896356]],[[19.888538,49.897779],[19.889086,49.896355]],[[19.888528,49.897779],[19.889076,49.896354]],[[19.889146,49.896358],[19.88896,49.894716]],[[19.889136,49.896357],[19.88895,49.894714]],[[19.889111,49.896356],[19.888925,49.894711]],[[19.889086,49.896355],[19.8889,49.894708]],[[19.889076,49.896354],[19.88889,49.894707]],[[19.88896,49.894716],[19.889732,49.893663]],[[19.88895,49.894714],[19.889723,49.89366]],[[19.888925,49.894711],[19.889701,49.893653]],[[19.8889,49.894708],[19.889679,49.893646]],[[19.88889,49.894707],[19.889669,49.893643]],[[19.889732,49.893663],[19.891009,49.892005]],[[19.889723,49.89366],[19.891,49.892001]],[[19.889701,49.893653],[19.890979,49.891993]],[[19.889679,49.893646],[19.890958,49.891985]],[[19.889669,49.893643],[19.890949,49.891982]],[[19.891009,49.892005],[19.89213,49.890948]],[[19.891,49.892001],[19.892122,49.890943]],[[19.890979,49.891993],[19.892103,49.890933]],[[19.890958,49.891985],[19.892084,49.890923]],[[19.890949,49.891982],[19.892076,49.890919]],[[19.89213,49.890948],[19.893312,49.890157]],[[19.892122,49.890943],[19.893304,49.890152]],[[19.892103,49.890933],[19.893287,49.890141]],[[19.892084,49.890923],[19.89327,49.89013]],[[19.892076,49.890919],[19.893262,49.890125]],[[19.893312,49.890157],[19.89488,49.889149]],[[19.893304,49.890152],[19.894871,49.889145]],[[19.893287,49.890141],[19.894852,49.889135]],[[19.89327,49.89013],[19.894832,49.889125]],[[19.893262,49.890125],[19.894824,49.889121]],[[19.89488,49.889149],[19.895265,49.888709]],[[19.894871,49.889145],[19.895257,49.888703]],[[19.894852,49.889135],[19.895239,49.888692]],[[19.894832,49.889125],[19.895222,49.88868]],[[19.894824,49.889121],[19.895214,49.888675]],[[19.895265,49.888709],[19.896618,49.888252]],[[19.895257,49.888703],[19.896613,49.888246]],[[19.895239,49.888692],[19.896602,49.888232]],[[19.895222,49.88868],[19.896591,49.888218]],[[19.895214,49.888675],[19.896586,49.888212]],[[19.896618,49.888252],[19.899358,49.887322]],[[19.896613,49.888246],[19.899347,49.887318]],[[19.896602,49.888232],[19.899323,49.887309]],[[19.896591,49.888218],[19.899298,49.887299]],[[19.896586,49.888212],[19.899288,49.887295]],[[19.899358,49.887322],[19.899335,49.88484]],[[19.899347,49.887318],[19.899324,49.884836]],[[19.899323,49.887309],[19.8993,49.884827]],[[19.899298,49.887299],[19.899275,49.884817]],[[19.899288,49.887295],[19.899265,49.884813]],[[19.899335,49.88484],[19.902695,49.883755]],[[19.899324,49.884836],[19.902694,49.883747]],[[19.8993,49.884827],[19.902692,49.88373]],[[19.899275,49.884817],[19.90269,49.883714]],[[19.899265,49.884813],[19.902689,49.883706]],[[19.902695,49.883755],[19.906883,49.884576]],[[19.902694,49.883747],[19.906881,49.884569]],[[19.902692,49.88373],[19.906878,49.884552]],[[19.90269,49.883714],[19.906874,49.884535]],[[19.902689,49.883706],[19.906873,49.884527]],[[19.906883,49.884576],[19.909554,49.883498]],[[19.906881,49.884569],[19.909549,49.883492]],[[19.906878,49.884552],[19.909538,49.883478]],[[19.906874,49.884535],[19.909527,49.883464]],[[19.906873,49.884527],[19.909522,49.883458]],[[19.909554,49.883498],[19.911528,49.882958]],[[19.909549,49.883492],[19.911523,49.882952]],[[19.909538,49.883478],[19.911512,49.882938]],[[19.909527,49.883464],[19.9115,49.882924]],[[19.909522,49.883458],[19.911496,49.882918]],[[19.911528,49.882958],[19.914091,49.88189]],[[19.911523,49.882952],[19.914083,49.881885]],[[19.911512,49.882938],[19.914065,49.881874]],[[19.9115,49.882924],[19.914046,49.881863]],[[19.911496,49.882918],[19.914039,49.881858]],[[19.914091,49.88189],[19.914313,49.881636]],[[19.914083,49.881885],[19.914305,49.881632]],[[19.914065,49.881874],[19.914286,49.881621]],[[19.914046,49.881863],[19.914268,49.88161]],[[19.914039,49.881858],[19.91426,49.881605]],[[19.914313,49.881636],[19.914569,49.88152]],[[19.914305,49.881632],[19.914563,49.881514]],[[19.914286,49.881621],[19.914549,49.881501]],[[19.914268,49.88161],[19.914535,49.881489]],[[19.91426,49.881605],[19.914529,49.881483]]]}},{"type":"Feature","properties":{"variant":"F","kind":"extent"},"geometry":{"type":"MultiLineString","coordinates":[[[19.890464,49.899685],[19.890117,49.898689]],[[19.890454,49.899687],[19.890107,49.898691]],[[19.89043,49.89969],[19.890083,49.898694]],[[19.890406,49.899694],[19.89006,49.898698]],[[19.890396,49.899695],[19.890049,49.898699]],[[19.890117,49.898689],[19.889967,49.898288]],[[19.890107,49.898691],[19.889956,49.898289]],[[19.890083,49.898694],[19.889933,49.898293]],[[19.89006,49.898698],[19.889909,49.898296]],[[19.890049,49.898699],[19.889899,49.898298]],[[19.889967,49.898288],[19.889849,49.897967]],[[19.889956,49.898289],[19.889839,49.897967]],[[19.889933,49.898293],[19.889814,49.897967]],[[19.889909,49.898296],[19.889789,49.897967]],[[19.889899,49.898298],[19.889778,49.897968]],[[19.889849,49.897967],[19.89001,49.897435]],[[19.889839,49.897967],[19.89,49.897435]],[[19.889814,49.897967],[19.889975,49.897434]],[[19.889789,49.897967],[19.889951,49.897433]],[[19.889778,49.897968],[19.88994,49.897433]],[[19.89001,49.897435],[19.889858,49.896346]],[[19.89,49.897435],[19.889847,49.896345]],[[19.889975,49.897434],[19.889822,49.896343]],[[19.889951,49.897433],[19.889797,49.896341]],[[19.88994,49.897433],[19.889787,49.89634]],[[19.889858,49.896346],[19.890366,49.895468]],[[19.889847,49.896345],[19.890356,49.895467]],[[19.889822,49.896343],[19.890331,49.895464]],[[19.889797,49.896341],[19.890306,49.895462]],[[19.889787,49.89634],[19.890295,49.895461]],[[19.890366,49.895468],[19.890297,49.894978]],[[19.890356,49.895467],[19.890287,49.894977]],[[19.890331,49.895464],[19.890262,49.894976]],[[19.890306,49.895462],[19.890237,49.894974]],[[19.890295,49.895461],[19.890227,49.894973]],[[19.890297,49.894978],[19.890732,49.894013]],[[19.890287,49.894977],[19.890722,49.894011]],[[19.890262,49.894976],[19.890699,49.894006]],[[19.890237,49.894974],[19.890676,49.894001]],[[19.890227,49.894973],[19.890666,49.893999]],[[19.890732,49.894013],[19.891322,49.893022]],[[19.890722,49.894011],[19.891313,49.893019]],[[19.890699,49.894006],[19.891291,49.893012]],[[19.890676,49.894001],[19.891269,49.893006]],[[19.890666,49.893999],[19.891259,49.893003]],[[19.891322,49.893022],[19.892253,49.891948]],[[19.891313,49.893019],[19.892245,49.891945]],[[19.891291,49.893012],[19.892224,49.891937]],[[19.891269,49.893006],[19.892203,49.891928]],[[19.891259,49.893003],[19.892194,49.891925]],[[19.892253,49.891948],[19.89315,49.891087]],[[19.892245,49.891945],[19.893142,49.891083]],[[19.892224,49.891937],[19.893123,49.891073]],[[19.892203,49.891928],[19.893104,49.891063]],[[19.892194,49.891925],[19.893096,49.891059]],[[19.89315,49.891087],[19.894339,49.890319]],[[19.893142,49.891083],[19.894332,49.890314]],[[19.893123,49.891073],[19.894315,49.890303]],[[19.893104,49.891063],[19.894298,49.890291]],[[19.893096,49.891059],[19.894291,49.890287]],[[19.894339,49.890319],[19.89547,49.889661]],[[19.894332,49.890314],[19.895464,49.889655]],[[19.894315,49.890303],[19.89545,49.889642]],[[19.894298,49.890291],[19.895437,49.889629]],[[19.894291,49.890287],[19.895431,49.889623]],[[19.89547,49.889661],[19.896197,49.889449]],[[19.895464,49.889655],[19.896192,49.889444]],[[19.89545,49.889642],[19.896179,49.88943]],[[19.895437,49.889629],[19.896167,49.889416]],[[19.895431,49.889623],[19.896161,49.88941]],[[19.896197,49.889449],[19.897221,49.888954]],[[19.896192,49.889444],[19.897214,49.888949]],[[19.896179,49.88943],[19.8972,49.888936]],[[19.896167,49.889416],[19.897185,49.888924]],[[19.896161,49.88941],[19.897179,49.888918]],[[19.897221,49.888954],[19.898962,49.888107]],[[19.897214,49.888949],[19.898956,49.888101]],[[19.8972,49.888936],[19.898943,49.888088]],[[19.897185,49.888924],[19.898929,49.888075]],[[19.897179,49.888918],[19.898924,49.888069]],[[19.898962,49.888107],[19.900302,49.887603]],[[19.898956,49.888101],[19.900297,49.887597]],[[19.898943,49.888088],[19.900285,49.887583]],[[19.898929,49.888075],[19.900272,49.88757]],[[19.898924,49.888069],[19.900267,49.887564]],[[19.900302,49.887603],[19.902149,49.886912]],[[19.900297,49.887597],[19.902144,49.886906]],[[19.900285,49.887583],[19.902133,49.886892]],[[19.900272,49.88757],[19.902122,49.886878]],[[19.900267,49.887564],[19.902117,49.886872]],[[19.902149,49.886912],[19.902646,49.886764]],[[19.902144,49.886906],[19.902642,49.886758]],[[19.902133,49.886892],[19.902632,49.886743]],[[19.902122,49.886878],[19.902622,49.886729]],[[19.902117,49.886872],[19.902618,49.886723]],[[19.902646,49.886764],[19.904049,49.886385]],[[19.902642,49.886758],[19.904043,49.88638]],[[19.902632,49.886743],[19.90403,49.886366]],[[19.902622,49.886729],[19.904017,49.886353]],[[19.902618,49.886723],[19.904011,49.886347]],[[19.904049,49.886385],[19.904842,49.885932]],[[19.904043,49.88638],[19.904836,49.885926]],[[19.90403,49.886366],[19.904823,49.885913]],[[19.904017,49.886353],[19.904809,49.8859]],[[19.904011,49.886347],[19.904803,49.885894]],[[19.904842,49.885932],[19.906268,49.885461]],[[19.904836,49.885926],[19.906267,49.885454]],[[19.904823,49.885913],[19.906263,49.885438]],[[19.904809,49.8859],[19.906259,49.885422]],[[19.904803,49.885894],[19.906258,49.885414]],[[19.906268,49.885461],[19.910998,49.886006]],[[19.906267,49.885454],[19.910997,49.885999]],[[19.906263,49.885438],[19.910993,49.885983]],[[19.906259,49.885422],[19.910989,49.885966]],[[19.906258,49.885414],[19.910987,49.885959]],[[19.910998,49.886006],[19.914041,49.884997]],[[19.910997,49.885999],[19.914031,49.884993]],[[19.910993,49.885983],[19.914008,49.884983]],[[19.910989,49.885966],[19.913984,49.884973]],[[19.910987,49.885959],[19.913974,49.884969]],[[19.914041,49.884997],[19.914303,49.882565]],[[19.914031,49.884993],[19.914293,49.882561]],[[19.914008,49.884983],[19.91427,49.882551]],[[19.913984,49.884973],[19.914247,49.882541]],[[19.913974,49.884969],[19.914237,49.882537]],[[19.914303,49.882565],[19.915393,49.8822]],[[19.914293,49.882561],[19.915388,49.882194]],[[19.91427,49.882551],[19.915377,49.88218]],[[19.914247,49.882541],[19.915366,49.882166]],[[19.914237,49.882537],[19.915361,49.88216]]]}},{"type":"Feature","properties":{"variant":"F","kind":"extent"},"geometry":{"type":"MultiLineString","coordinates":[[[19.890355,49.900275],[19.890461,49.899713]],[[19.890345,49.900274],[19.890451,49.899706]],[[19.890321,49.900273],[19.89043,49.89969]],[[19.890296,49.900271],[19.890408,49.899674]],[[19.890286,49.90027],[19.890399,49.899667]],[[19.890461,49.899713],[19.891057,49.899723]],[[19.890451,49.899706],[19.891057,49.899716]],[[19.89043,49.89969],[19.891057,49.8997]],[[19.890408,49.899674],[19.891058,49.899684]],[[19.890399,49.899667],[19.891058,49.899678]]]}},{"type":"Feature","properties":{"variant":"F","kind":"extent"},"geometry":{"type":"MultiLineString","coordinates":[[[19.916782,49.880128],[19.917175,49.880514]],[[19.916793,49.880123],[19.917186,49.880509]],[[19.916828,49.880108],[19.917221,49.880493]],[[19.916863,49.880093],[19.917255,49.880478]],[[19.916875,49.880088],[19.917267,49.880473]],[[19.917175,49.880514],[19.917913,49.881177]],[[19.917186,49.880509],[19.91792,49.881168]],[[19.917221,49.880493],[19.917941,49.881142]],[[19.917255,49.880478],[19.917963,49.881115]],[[19.917267,49.880473],[19.91797,49.881106]],[[19.917913,49.881177],[19.918712,49.881185]],[[19.91792,49.881168],[19.918714,49.881176]],[[19.917941,49.881142],[19.918722,49.881149]],[[19.917963,49.881115],[19.918729,49.881122]],[[19.91797,49.881106],[19.918732,49.881113]],[[19.918712,49.881185],[19.919173,49.881291]],[[19.918714,49.881176],[19.919178,49.881282]],[[19.918722,49.881149],[19.919192,49.881257]],[[19.918729,49.881122],[19.919206,49.881231]],[[19.918732,49.881113],[19.919211,49.881223]]]}},{"type":"Feature","properties":{"variant":"F","kind":"extent"},"geometry":{"type":"MultiLineString","coordinates":[[[19.890933,49.900682],[19.890206,49.900127]],[[19.890922,49.900688],[19.890199,49.900136]],[[19.890891,49.900706],[19.890181,49.900163]],[[19.890859,49.900723],[19.890162,49.900191]],[[19.890848,49.900729],[19.890155,49.9002]],[[19.890206,49.900127],[19.88841,49.900161]],[[19.890199,49.900136],[19.888396,49.90017]],[[19.890181,49.900163],[19.888356,49.900198]],[[19.890162,49.900191],[19.888317,49.900225]],[[19.890155,49.9002],[19.888303,49.900235]],[[19.88841,49.900161],[19.888336,49.899131]],[[19.888396,49.90017],[19.888322,49.899134]],[[19.888356,49.900198],[19.888281,49.899143]],[[19.888317,49.900225],[19.88824,49.899152]],[[19.888303,49.900235],[19.888226,49.899156]],[[19.888336,49.899131],[19.887709,49.898568]],[[19.888322,49.899134],[19.887698,49.898573]],[[19.888281,49.899143],[19.887664,49.898589]],[[19.88824,49.899152],[19.88763,49.898604]],[[19.888226,49.899156],[19.887618,49.89861]]]}},{"type":"Feature","properties":{"variant":"F","kind":"extent"},"geometry":{"type":"MultiLineString","coordinates":[[[19.918757,49.881149],[19.918766,49.880706]],[[19.918746,49.881149],[19.918756,49.880702]],[[19.918722,49.881149],[19.918732,49.880694]],[[19.918697,49.881149],[19.918708,49.880686]],[[19.918687,49.881149],[19.918697,49.880682]],[[19.918766,49.880706],[19.920005,49.880129]],[[19.918756,49.880702],[19.919998,49.880124]],[[19.918732,49.880694],[19.91998,49.880113]],[[19.918708,49.880686],[19.919962,49.880102]],[[19.918697,49.880682],[19.919954,49.880097]],[[19.920005,49.880129],[19.920997,49.879158]],[[19.919998,49.880124],[19.920988,49.879154]],[[19.91998,49.880113],[19.920969,49.879145]],[[19.919962,49.880102],[19.920949,49.879136]],[[19.919954,49.880097],[19.92094,49.879132]],[[19.920997,49.879158],[19.922419,49.877976]],[[19.920988,49.879154],[19.92241,49.877973]],[[19.920969,49.879145],[19.922389,49.877964]],[[19.920949,49.879136],[19.922368,49.877956]],[[19.92094,49.879132],[19.922359,49.877953]],[[19.922419,49.877976],[19.923015,49.877132]],[[19.92241,49.877973],[19.923006,49.877129]],[[19.922389,49.877964],[19.922985,49.877121]],[[19.922368,49.877956],[19.922963,49.877114]],[[19.922359,49.877953],[19.922954,49.87711]],[[19.923015,49.877132],[19.923958,49.876199]],[[19.923006,49.877129],[19.923948,49.876197]],[[19.922985,49.877121],[19.923926,49.87619]],[[19.922963,49.877114],[19.923903,49.876184]],[[19.922954,49.87711],[19.923893,49.876181]],[[19.923958,49.876199],[19.9243,49.875332]],[[19.923948,49.876197],[19.92429,49.875331]],[[19.923926,49.87619],[19.924266,49.875329]],[[19.923903,49.876184],[19.924241,49.875326]],[[19.923893,49.876181],[19.924231,49.875325]],[[19.9243,49.875332],[19.924454,49.873783]],[[19.92429,49.875331],[19.924443,49.873782]],[[19.924266,49.875329],[19.924419,49.87378]],[[19.924241,49.875326],[19.924395,49.873777]],[[19.924231,49.875325],[19.924385,49.873776]],[[19.924454,49.873783],[19.924764,49.873071]],[[19.924443,49.873782],[19.924754,49.87307]],[[19.924419,49.87378],[19.92473,49.873067]],[[19.924395,49.873777],[19.924705,49.873065]],[[19.924385,49.873776],[19.924695,49.873064]],[[19.924764,49.873071],[19.924777,49.872481]],[[19.924754,49.87307],[19.924767,49.872481]],[[19.92473,49.873067],[19.924743,49.872481]],[[19.924705,49.873065],[19.924718,49.87248]],[[19.924695,49.873064],[19.924708,49.87248]]]}},{"type":"Feature","properties":{"variant":"F","kind":"km","name":"0+000"},"geometry":{"type":"Point","coordinates":[19.997379,50.000833]}},{"type":"Feature","properties":{"variant":"F","kind":"km","name":"1+000"},"geometry":{"type":"Point","coordinates":[19.99326,49.992244]}},{"type":"Feature","properties":{"variant":"F","kind":"km","name":"2+000"},"geometry":{"type":"Point","coordinates":[19.991216,49.983481]}},{"type":"Feature","properties":{"variant":"F","kind":"km","name":"3+000"},"geometry":{"type":"Point","coordinates":[19.995888,49.975025]}},{"type":"Feature","properties":{"variant":"F","kind":"km","name":"4+000"},"geometry":{"type":"Point","coordinates":[19.990166,49.967525]}},{"type":"Feature","properties":{"variant":"F","kind":"km","name":"5+000"},"geometry":{"type":"Point","coordinates":[19.977293,49.964153]}},{"type":"Feature","properties":{"variant":"F","kind":"km","name":"6+000"},"geometry":{"type":"Point","coordinates":[19.969555,49.956814]}},{"type":"Feature","properties":{"variant":"F","kind":"km","name":"7+000"},"geometry":{"type":"Point","coordinates":[19.959073,49.950979]}},{"type":"Feature","properties":{"variant":"F","kind":"km","name":"8+000"},"geometry":{"type":"Point","coordinates":[19.946722,49.946997]}},{"type":"Feature","properties":{"variant":"F","kind":"km","name":"9+000"},"geometry":{"type":"Point","coordinates":[19.933114,49.945233]}},{"type":"Feature","properties":{"variant":"F","kind":"km","name":"10+000"},"geometry":{"type":"Point","coordinates":[19.922247,49.939642]}},{"type":"Feature","properties":{"variant":"F","kind":"km","name":"11+000"},"geometry":{"type":"Point","coordinates":[19.915228,49.931921]}},{"type":"Feature","properties":{"variant":"F","kind":"km","name":"12+000"},"geometry":{"type":"Point","coordinates":[19.903958,49.926898]}},{"type":"Feature","properties":{"variant":"F","kind":"km","name":"13+000"},"geometry":{"type":"Point","coordinates":[19.892797,49.921775]}},{"type":"Feature","properties":{"variant":"F","kind":"km","name":"14+000"},"geometry":{"type":"Point","coordinates":[19.890215,49.913066]}},{"type":"Feature","properties":{"variant":"F","kind":"km","name":"15+000"},"geometry":{"type":"Point","coordinates":[19.889691,49.904082]}},{"type":"Feature","properties":{"variant":"F","kind":"km","name":"16+000"},"geometry":{"type":"Point","coordinates":[19.889745,49.895109]}},{"type":"Feature","properties":{"variant":"F","kind":"km","name":"17+000"},"geometry":{"type":"Point","coordinates":[19.897898,49.888179]}},{"type":"Feature","properties":{"variant":"F","kind":"km","name":"18+000"},"geometry":{"type":"Point","coordinates":[19.910004,49.883746]}},{"type":"Feature","properties":{"variant":"F","kind":"km","name":"19+000"},"geometry":{"type":"Point","coordinates":[19.921197,49.878534]}},{"type":"Feature","properties":{"variant":"F","kind":"km","name":"20+000"},"geometry":{"type":"Point","coordinates":[19.923743,49.869933]}},{"type":"Feature","properties":{"variant":"F","kind":"km","name":"21+000"},"geometry":{"type":"Point","coordinates":[19.924381,49.861022]}},{"type":"Feature","properties":{"variant":"F","kind":"km","name":"22+000"},"geometry":{"type":"Point","coordinates":[19.92713,49.85222]}},{"type":"Feature","properties":{"variant":"F","kind":"km","name":"23+000"},"geometry":{"type":"Point","coordinates":[19.922984,49.843817]}},{"type":"Feature","properties":{"variant":"F","kind":"km","name":"24+000"},"geometry":{"type":"Point","coordinates":[19.915407,49.836285]}},{"type":"Feature","properties":{"variant":"F","kind":"km","name":"25+000"},"geometry":{"type":"Point","coordinates":[19.912174,49.827648]}},{"type":"Feature","properties":{"variant":"F","kind":"km","name":"26+000"},"geometry":{"type":"Point","coordinates":[19.915809,49.819036]}},{"type":"Feature","properties":{"variant":"F","kind":"km","name":"27+000"},"geometry":{"type":"Point","coordinates":[19.92169,49.81089]}},{"type":"Feature","properties":{"variant":"F","kind":"km","name":"0+000"},"geometry":{"type":"Point","coordinates":[19.867638,49.907462]}},{"type":"Feature","properties":{"variant":"F","kind":"km","name":"1+000"},"geometry":{"type":"Point","coordinates":[19.88121,49.906491]}}],"attribution":"© GDDKiA — STEŚ S7 Kraków–Myślenice (2025), warianty A–F"}